-264,-27,-2021,25088,173944468
-265,-28,-2015,25600,173945720
-263,-26,-2013,25600,173946972
-263,-29,-2017,25088,173948224
-262,-32,-2017,25600,173949475
-262,-29,-2020,25088,173950726
-263,-29,-2017,25088,173951977
-263,-26,-2016,25600,173953228
-262,-28,-2019,25088,173954479
-263,-30,-2016,25088,173955730
-264,-28,-2016,25600,173956981
-261,-27,-2019,25088,173958232
-261,-27,-2021,25088,173959461
-261,-30,-2021,25088,173960690
-258,-28,-2020,25088,173961919
-261,-32,-2016,25088,173963148
-261,-28,-2016,25088,173964377
-258,-25,-2013,25088,173965606
-264,-26,-2016,25088,173966835
-262,-23,-2015,25088,173968064
-262,-23,-2016,25088,173969293
-263,-25,-2015,25088,173970523
-268,-25,-2013,25600,173971753
-264,-28,-2018,25088,173972983
-263,-29,-2015,25088,173974213
-267,-30,-2014,25088,173975443
-263,-30,-2016,25600,173976673
-262,-28,-2014,25088,173977903
-260,-24,-2013,25088,173979133
-264,-30,-2019,25600,173980363
-263,-28,-2018,25088,173981593
-262,-26,-2013,25088,173982823
-261,-28,-2012,25088,173984053
-263,-25,-2012,25088,173985283
-266,-27,-2018,25088,173986513
-265,-28,-2014,25600,173987743
-262,-28,-2018,25600,173988973
-266,-29,-2015,25088,173990204
-262,-29,-2016,25088,173991435
-256,-30,-2015,25088,173992666
-261,-30,-2015,25600,173993897
-263,-24,-2015,25088,173995128
-262,-26,-2020,25088,173996359
-263,-33,-2015,25088,173997590
-264,-31,-2012,25088,173998821
-262,-28,-2013,25600,174000050
-261,-25,-2013,25088,174001279
-261,-26,-2012,25600,174002508
-263,-26,-2016,25088,174003738
-264,-24,-2015,25088,174004968
-262,-27,-2016,25600,174006198
-260,-28,-2015,25088,174007428
-262,-29,-2011,25600,174008658
-261,-28,-2012,25600,174009890
-264,-27,-2015,25600,174011122
-263,-27,-2015,25600,174012354
-261,-26,-2013,25088,174013586
-261,-25,-2011,25088,174014818
-258,-29,-2011,25600,174016050
-259,-27,-2016,25600,174017282
-261,-28,-2018,25600,174018514
-260,-26,-2018,25088,174019751
-260,-31,-2016,25600,174020988
-266,-27,-2015,25600,174022225
-264,-26,-2016,25088,174023462
-264,-25,-2014,25088,174024699
-269,-28,-2010,25088,174025936
-264,-27,-2012,25600,174027173
-263,-26,-2012,25600,174028410
-261,-27,-2011,25088,174029647
-261,-28,-2011,25600,174030890
-258,-24,-2010,25600,174032133
-259,-28,-2009,25088,174033376
-260,-29,-2014,25600,174034619
-263,-31,-2016,25600,174035851
-263,-29,-2015,25088,174037083
-264,-29,-2012,25600,174038315
-265,-27,-2016,25088,174039549
-265,-28,-2014,25600,174040783
-266,-29,-2012,25600,174042017
-267,-26,-2015,25600,174043251
-267,-24,-2019,25600,174044485
-264,-23,-2016,25088,174045719
-266,-27,-2018,25088,174046953
-266,-27,-2016,25600,174048187
-263,-28,-2015,25088,174049424
-262,-26,-2011,25600,174050661
-260,-27,-2014,25088,174051898
-263,-24,-2014,25600,174053135
-259,-27,-2014,25600,174054372
-260,-28,-2011,25600,174055609
-263,-27,-2013,25600,174056846
-266,-28,-2014,25088,174058083
-261,-31,-2013,25600,174059323
-266,-28,-2013,25088,174060563
-265,-27,-2020,25600,174061803
-265,-26,-2024,25600,174063043
-264,-25,-2023,25600,174064283
-263,-24,-2019,25600,174065523
-266,-27,-2019,25088,174066763
-264,-28,-2019,25600,174068003
-265,-31,-2019,25088,174069245
-262,-31,-2019,25088,174070487
-259,-29,-2014,25600,174071729
-262,-33,-2013,25600,174072971
-264,-29,-2014,25600,174074213
-258,-27,-2014,25600,174075455
-257,-30,-2013,25088,174076697
-258,-30,-2013,25088,174077939
-262,-31,-2014,25088,174079183
-261,-28,-2013,25600,174080427
-265,-24,-2012,25088,174081671
-269,-21,-2015,25600,174082915
-264,-27,-2016,25088,174084159
-260,-27,-2015,25600,174085403
-260,-25,-2013,25600,174086647
-258,-28,-2016,25088,174087891
-256,-31,-2016,25088,174089130
-258,-28,-2012,25600,174090369
-259,-26,-2014,25600,174091608
-261,-28,-2016,25600,174092847
-264,-27,-2017,25600,174094086
-265,-25,-2018,25088,174095325
-267,-27,-2021,25600,174096573
-264,-28,-2014,25088,174097821
-266,-30,-2016,25088,174099068
-267,-29,-2014,25600,174100315
-263,-30,-2011,25600,174101562
-260,-30,-2012,25600,174102812
-261,-26,-2016,25600,174104062
-259,-27,-2015,25600,174105312
-263,-27,-2016,25088,174106562
-259,-28,-2017,25600,174107812
-262,-25,-2015,25600,174109063
-265,-26,-2017,25088,174110314
-266,-28,-2016,25088,174111565
-264,-29,-2012,25088,174112816
-259,-28,-2016,25600,174114067
-263,-29,-2015,25088,174115318
-265,-26,-2017,25600,174116569
-263,-28,-2014,25088,174117820
-261,-25,-2017,25088,174119065
-261,-28,-2019,25088,174120310
-261,-28,-2018,25600,174121555
-264,-25,-2019,25088,174122800
-264,-26,-2017,25600,174124045
-262,-30,-2016,25600,174125290
-261,-25,-2014,25088,174126535
-259,-27,-2019,25600,174127780
-261,-29,-2018,25088,174129025
-264,-27,-2015,25088,174130272
-265,-26,-2018,25088,174131519
-261,-28,-2015,25600,174132766
-262,-31,-2017,25600,174134013
-265,-26,-2017,25088,174135260
-261,-27,-2018,25600,174136518
-259,-27,-2017,25600,174137776
-262,-27,-2018,25088,174139034
-264,-30,-2017,25088,174140292
-266,-28,-2017,25600,174141550
-266,-27,-2016,25600,174142808
-265,-29,-2017,25600,174144066
-265,-28,-2014,25600,174145324
-264,-26,-2017,25600,174146582
-262,-26,-2017,25088,174147840
-259,-28,-2015,25600,174149098
-266,-28,-2014,25600,174150356
-264,-29,-2015,25088,174151614
-264,-30,-2016,25088,174152872
-262,-28,-2015,25600,174154130
-265,-28,-2015,25088,174155388
-264,-27,-2015,25600,174156646
-264,-27,-2015,25600,174157904
-260,-24,-2019,25088,174159166
-263,-25,-2016,25088,174160428
-260,-27,-2017,25600,174161690
-260,-27,-2017,25088,174162949
-261,-27,-2014,25600,174164208
-265,-29,-2015,25088,174165467
-268,-28,-2016,25600,174166726
-266,-27,-2017,25088,174167985
-258,-25,-2016,25088,174169228
-256,-25,-2015,25088,174170488
-257,-27,-2016,25088,174171748
-262,-24,-2018,25088,174173008
-264,-23,-2014,25088,174174268
-262,-26,-2017,25088,174175528
-260,-25,-2015,25088,174176788
-263,-20,-2018,25088,174178048
-261,-26,-2020,25088,174179308
-265,-31,-2016,25088,174180568
-265,-32,-2020,25088,174181828
-260,-26,-2018,25088,174183088
-259,-21,-2016,25600,174184348
-261,-26,-2016,25088,174185608
-261,-28,-2016,25088,174186868
-261,-26,-2018,25088,174188128
-260,-28,-2017,25088,174189383
-262,-27,-2017,25600,174190638
-264,-28,-2014,25088,174191893
-263,-28,-2014,25600,174193148
-264,-29,-2017,25088,174194403
-265,-28,-2019,25088,174195658
-263,-28,-2015,25088,174196919
-260,-26,-2017,25088,174198180
-266,-23,-2011,25088,174199439
-266,-27,-2016,25088,174200698
-264,-30,-2017,25600,174201957
-262,-31,-2015,25600,174203217
-264,-31,-2018,25600,174204477
-265,-30,-2021,25600,174205737
-264,-30,-2015,25600,174206997
-263,-25,-2016,25600,174208257
-265,-27,-2015,25088,174209515
-266,-26,-2014,25600,174210773
-265,-24,-2013,25088,174212031
-261,-27,-2009,25088,174213289
-265,-29,-2014,25600,174214547
-260,-26,-2015,25600,174215805
-262,-26,-2014,25088,174217063
-261,-29,-2015,25088,174218321
-259,-28,-2012,25600,174219562
-261,-30,-2017,25088,174220803
-263,-28,-2014,25088,174222044
-267,-23,-2015,25088,174223285
-267,-28,-2014,25088,174224526
-261,-26,-2015,25088,174225767
-262,-27,-2017,25600,174227008
-263,-25,-2019,25600,174228249
-264,-28,-2021,25600,174229490
-263,-27,-2019,25088,174230738
-266,-29,-2016,25088,174231986
-264,-24,-2015,25088,174233234
-260,-24,-2018,25088,174234482
-258,-27,-2018,25088,174235730
-258,-34,-2018,25088,174236986
-259,-34,-2020,25088,174238242
-263,-27,-2018,25088,174239495
-263,-26,-2018,25088,174240748
-260,-29,-2018,25088,174242001
-263,-25,-2015,25088,174243254
-263,-24,-2014,25600,174244507
-256,-25,-2017,25600,174245760
-255,-28,-2015,25088,174247013
-266,-28,-2015,25600,174248266
-261,-26,-2015,25088,174249518
-260,-26,-2018,25088,174250770
-259,-28,-2018,25088,174252022
-260,-26,-2018,25088,174253274
-255,-27,-2016,25088,174254526
-260,-26,-2019,25088,174255778
-261,-23,-2023,25600,174257030
-260,-26,-2018,25600,174258282
-263,-25,-2014,25600,174259517
-264,-27,-2015,25088,174260752
-264,-31,-2022,25088,174261987
-263,-27,-2015,25088,174263222
-263,-26,-2016,25088,174264451
-262,-31,-2014,25088,174265680
-264,-33,-2015,25600,174266909
-262,-30,-2018,25088,174268138
-263,-26,-2017,25088,174269367
-263,-27,-2020,25088,174270595
-262,-26,-2018,25088,174271823
-264,-25,-2019,25088,174273051
-264,-27,-2018,25600,174274279
-262,-26,-2023,25088,174275507
-261,-25,-2019,25088,174276735
-264,-26,-2015,25088,174277963
-264,-24,-2012,25600,174279191
-262,-28,-2009,25600,174280418
-263,-28,-2010,25088,174281645
-258,-26,-2011,25088,174282872
-260,-27,-2014,25600,174284099
-262,-28,-2014,25088,174285326
-259,-33,-2019,25088,174286553
-259,-31,-2014,25088,174287780
-264,-26,-2010,25088,174289007
-267,-26,-2008,25088,174290248
-264,-23,-2009,25088,174291489
-261,-24,-2014,25600,174292730
-262,-27,-2017,25600,174293971
-262,-25,-2015,25600,174295212
-263,-24,-2014,25600,174296439
-258,-28,-2016,25600,174297666
-262,-30,-2012,25088,174298893
-261,-27,-2010,25088,174300118
-261,-27,-2014,25088,174301343
-259,-27,-2015,25088,174302568
-259,-28,-2018,25088,174303793
-258,-32,-2015,25088,174305018
-260,-29,-2012,25088,174306243
-266,-27,-2014,25600,174307468
-264,-27,-2013,25088,174308693
-263,-28,-2013,25088,174309917
-262,-27,-2017,25088,174311141
-261,-29,-2017,25600,174312365
-260,-30,-2020,25088,174313589
-262,-26,-2020,25088,174314813
-262,-23,-2017,25088,174316037
-262,-26,-2018,25600,174317261
-263,-27,-2017,25088,174318485
-261,-25,-2016,25088,174319721
-260,-29,-2010,25600,174320957
-265,-29,-2013,25600,174322193
-265,-28,-2014,25088,174323429
-263,-26,-2019,25600,174324665
-260,-30,-2017,25088,174325901
-259,-30,-2013,25088,174327137
-261,-30,-2012,25088,174328373
-264,-22,-2014,25088,174329598
-266,-22,-2019,25088,174330845
-265,-22,-2015,25600,174332092
-263,-25,-2016,25088,174333339
-263,-28,-2015,25088,174334586
-267,-25,-2017,25088,174335819
-267,-23,-2017,25088,174337052
-264,-23,-2016,25600,174338285
-263,-25,-2015,25088,174339519
-263,-28,-2013,25088,174340753
-261,-26,-2014,25088,174341987
-263,-27,-2013,25088,174343221
-265,-29,-2016,25600,174344455
-266,-28,-2018,25600,174345689
-267,-26,-2017,25600,174346923
-271,-26,-2014,25600,174348157
-267,-24,-2010,25088,174349394
-264,-25,-2012,25600,174350631
-261,-27,-2013,25600,174351868
-264,-28,-2016,25600,174353105
-266,-31,-2018,25088,174354342
-263,-29,-2022,25600,174355579
-262,-26,-2016,25088,174356816
-261,-28,-2019,25088,174358053
-263,-25,-2017,25600,174359291
-261,-26,-2017,25600,174360529
-264,-24,-2016,25600,174361767
-263,-23,-2013,25600,174363009
-260,-22,-2011,25600,174364251
-263,-25,-2014,25088,174365493
-261,-24,-2014,25088,174366735
-262,-28,-2019,25088,174367977
-263,-29,-2021,25088,174369223
-266,-27,-2017,25088,174370469
-266,-28,-2019,25088,174371715
-267,-28,-2020,25600,174372961
-265,-25,-2020,25088,174374207
-262,-25,-2015,25600,174375453
-266,-32,-2015,25088,174376699
-264,-33,-2015,25088,174377945
-260,-30,-2014,25600,174379193
-262,-29,-2013,25088,174380441
-264,-29,-2011,25088,174381689
-260,-28,-2015,25088,174382937
-262,-30,-2016,25088,174384185
-260,-29,-2015,25600,174385433
-258,-30,-2016,25600,174386681
-262,-27,-2018,25600,174387929
-260,-27,-2020,25600,174389169
-256,-27,-2018,25088,174390409
-258,-30,-2016,25600,174391649
-262,-26,-2017,25088,174392889
-263,-25,-2015,25600,174394129
-255,-24,-2016,25600,174395369
-257,-26,-2020,25088,174396619
-260,-27,-2017,25600,174397869
-260,-29,-2016,25088,174399118
-263,-27,-2014,25088,174400367
-265,-27,-2013,25088,174401616
-270,-32,-2016,25088,174402869
-266,-31,-2017,25600,174404122
-266,-24,-2018,25600,174405375
-264,-27,-2013,25088,174406628
-265,-25,-2011,25088,174407881
-261,-26,-2011,25088,174409135
-262,-31,-2013,25088,174410389
-260,-31,-2013,25088,174411643
-263,-28,-2018,25088,174412897
-265,-28,-2017,25600,174414151
-261,-26,-2013,25600,174415405
-263,-24,-2013,25600,174416659
-265,-25,-2013,25088,174417913
-264,-22,-2009,25600,174419177
-264,-22,-2015,25600,174420441
-261,-24,-2016,25600,174421705
-264,-28,-2017,25600,174422969
-262,-28,-2017,25600,174424233
-261,-26,-2015,25088,174425497
-260,-26,-2016,25088,174426761
-261,-28,-2017,25600,174428025
-263,-29,-2014,25600,174429278
-263,-25,-2015,25600,174430526
-268,-26,-2015,25088,174431774
-265,-33,-2017,25088,174433022
-260,-31,-2014,25600,174434270
-257,-28,-2014,25088,174435518
-264,-32,-2013,25088,174436778
-263,-29,-2017,25600,174438038
-259,-27,-2019,25088,174439298
-258,-27,-2017,25088,174440558
-262,-28,-2015,25600,174441818
-262,-28,-2016,25088,174443078
-259,-27,-2020,25088,174444338
-260,-27,-2014,25600,174445598
-259,-30,-2019,25088,174446858
-261,-28,-2018,25088,174448118
-261,-25,-2018,25088,174449376
-263,-29,-2018,25600,174450634
-264,-30,-2012,25088,174451892
-262,-28,-2014,25600,174453150
-268,-25,-2016,25088,174454408
-265,-24,-2020,25088,174455666
-261,-28,-2016,25600,174456924
-264,-26,-2012,25600,174458182
-263,-28,-2012,25600,174459440
-264,-28,-2012,25088,174460698
-263,-26,-2016,25600,174461956
-262,-27,-2021,25600,174463215
-264,-29,-2018,25088,174464474
-260,-27,-2017,25600,174465733
-257,-26,-2021,25600,174466992
-258,-25,-2022,25600,174468251
-263,-30,-2020,25088,174469491
-261,-33,-2020,25088,174470747
-262,-31,-2018,25088,174472003
-262,-31,-2016,25088,174473259
-261,-26,-2013,25600,174474515
-262,-23,-2013,25600,174475771
-264,-23,-2014,25600,174477027
-264,-23,-2015,25600,174478283
-266,-24,-2016,25088,174479538
-261,-24,-2016,25088,174480793
-262,-28,-2021,25600,174482048
-259,-29,-2024,25088,174483303
-263,-31,-2017,25088,174484558
-264,-30,-2016,25600,174485813
-264,-31,-2018,25600,174487068
-261,-28,-2018,25600,174488323
-261,-31,-2022,25088,174489569
-262,-29,-2018,25088,174490815
-265,-29,-2009,25600,174492061
-261,-30,-2017,25600,174493307
-263,-26,-2018,25600,174494553
-263,-28,-2012,25600,174495799
-262,-28,-2013,25600,174497055
-260,-28,-2016,25088,174498311
-263,-26,-2016,25088,174499563
-261,-27,-2019,25088,174500815
-260,-28,-2016,25600,174502067
-264,-28,-2018,25600,174503320
-264,-31,-2014,25088,174504573
-261,-29,-2014,25600,174505826
-263,-28,-2014,25600,174507079
-260,-27,-2017,25600,174508332
-265,-24,-2016,25088,174509583
-264,-26,-2015,25600,174510834
-262,-25,-2019,25600,174512085
-266,-30,-2016,25088,174513336
-260,-29,-2017,25088,174514587
-259,-28,-2014,25088,174515838
-256,-27,-2014,25600,174517089
-259,-30,-2012,25088,174518340
-259,-27,-2013,25088,174519574
-261,-25,-2012,25600,174520808
-261,-24,-2010,25088,174522042
-263,-24,-2014,25088,174523276
-262,-26,-2021,25088,174524510
-264,-24,-2021,25088,174525744
-263,-26,-2015,25088,174526978
-263,-28,-2014,25088,174528212
-267,-30,-2013,25088,174529446
-263,-30,-2013,25088,174530688
-261,-24,-2015,25088,174531930
-260,-29,-2015,25600,174533172
-262,-29,-2012,25088,174534414
-260,-26,-2015,25088,174535656
-264,-29,-2017,25088,174536907
-269,-32,-2019,25088,174538158
-266,-25,-2018,25600,174539407
-260,-27,-2018,25600,174540656
-261,-29,-2015,25600,174541905
-260,-26,-2017,25600,174543154
-263,-23,-2016,25088,174544403
-266,-26,-2015,25088,174545652
-267,-27,-2013,25600,174546901
-269,-31,-2015,25088,174548150
-264,-27,-2016,25600,174549399
-266,-25,-2016,25600,174550648
-264,-25,-2011,25600,174551897
-263,-23,-2016,25088,174553146
-265,-21,-2016,25088,174554395
-267,-23,-2018,25088,174555644
-264,-21,-2019,25088,174556893
-261,-24,-2017,25088,174558142
-263,-24,-2018,25088,174559391
-263,-27,-2018,25088,174560640
-260,-29,-2017,25088,174561889
-261,-27,-2016,25088,174563116
-259,-27,-2017,25600,174564343
-262,-27,-2012,25600,174565570
-262,-27,-2013,25600,174566797
-264,-27,-2014,25600,174568024
-266,-25,-2017,25600,174569251
-264,-25,-2013,25600,174570478
-264,-29,-2010,25600,174571705
-264,-32,-2012,25600,174572932
-266,-31,-2015,25088,174574159
-265,-31,-2014,25088,174575386
-260,-24,-2015,25088,174576613
-265,-24,-2015,25600,174577840
-264,-24,-2016,25088,174579067
-264,-26,-2016,25088,174580294
-265,-26,-2014,25600,174581521
-263,-27,-2018,25088,174582748
-265,-28,-2015,25088,174583975
-263,-23,-2017,25600,174585202
-262,-22,-2017,25088,174586429
-259,-23,-2017,25088,174587656
-260,-28,-2016,25088,174588883
-262,-24,-2014,25088,174590127
-257,-23,-2016,25088,174591371
-259,-23,-2015,25600,174592615
-260,-25,-2016,25088,174593859
-263,-28,-2016,25088,174595103
-264,-26,-2017,25088,174596332
-266,-24,-2014,25600,174597561
-265,-24,-2014,25600,174598790
-264,-27,-2017,25088,174600018
-263,-30,-2016,25088,174601246
-264,-26,-2010,25600,174602474
-259,-26,-2016,25600,174603701
-261,-25,-2017,25600,174604928
-260,-26,-2016,25088,174606155
-262,-26,-2015,25088,174607382
-261,-28,-2016,25088,174608609
-266,-29,-2016,25088,174609836
-266,-27,-2019,25088,174611063
-262,-26,-2014,25600,174612290
-263,-23,-2014,25088,174613517
-265,-26,-2016,25088,174614744
-266,-25,-2015,25600,174615971
-260,-30,-2015,25600,174617198
-262,-31,-2016,25600,174618425
-259,-27,-2018,25600,174619663
-260,-26,-2015,25088,174620901
-262,-24,-2010,25088,174622139
-262,-27,-2009,25088,174623377
-258,-27,-2013,25088,174624615
-260,-33,-2014,25088,174625853
-259,-31,-2014,25088,174627091
-264,-32,-2013,25088,174628329
-263,-29,-2017,25088,174629556
-261,-26,-2020,25088,174630806
-261,-29,-2016,25088,174632056
-261,-29,-2018,25088,174633306
-264,-25,-2019,25088,174634556
-262,-25,-2020,25600,174635792
-266,-27,-2016,25600,174637028
-267,-29,-2016,25088,174638264
-261,-27,-2018,25600,174639501
-261,-28,-2018,25600,174640738
-262,-32,-2018,25088,174641975
-262,-30,-2020,25600,174643212
-262,-26,-2020,25088,174644449
-263,-26,-2019,25088,174645686
-264,-27,-2014,25088,174646923
-263,-24,-2015,25088,174648160
-258,-26,-2019,25600,174649399
-256,-29,-2016,25088,174650638
-259,-31,-2013,25600,174651877
-260,-28,-2020,25600,174653116
-263,-25,-2018,25088,174654355
-266,-29,-2017,25088,174655594
-264,-31,-2014,25088,174656833
-262,-28,-2018,25088,174658072
-260,-28,-2020,25600,174659312
-261,-27,-2017,25600,174660552
-262,-27,-2017,25088,174661792
-264,-29,-2020,25088,174663036
-261,-25,-2014,25600,174664280
-260,-27,-2014,25088,174665524
-263,-29,-2015,25088,174666768
-262,-26,-2015,25088,174668012
-263,-24,-2018,25600,174669259
-262,-24,-2015,25088,174670506
-263,-26,-2012,25088,174671753
-264,-26,-2011,25600,174673000
-266,-23,-2017,25088,174674247
-263,-22,-2019,25600,174675494
-262,-23,-2017,25088,174676741
-263,-24,-2011,25600,174677988
-260,-23,-2017,25600,174679237
-261,-24,-2016,25088,174680486
-264,-20,-2017,25088,174681735
-260,-27,-2018,25088,174682984
-265,-27,-2018,25088,174684233
-267,-27,-2017,25088,174685482
-264,-26,-2018,25088,174686731
-264,-26,-2019,25088,174687980
-261,-31,-2014,25088,174689221
-262,-29,-2015,25600,174690462
-266,-29,-2017,25088,174691703
-266,-30,-2019,25600,174692944
-261,-31,-2019,25088,174694185
-264,-28,-2014,25088,174695426
-263,-28,-2016,25600,174696676
-261,-30,-2014,25600,174697926
-265,-27,-2017,25088,174699175
-268,-26,-2020,25600,174700424
-264,-28,-2017,25088,174701673
-264,-24,-2019,25088,174702926
-261,-24,-2018,25600,174704179
-258,-26,-2018,25088,174705432
-261,-31,-2019,25088,174706685
-263,-29,-2020,25088,174707938
-259,-28,-2020,25600,174709192
-259,-27,-2018,25088,174710446
-258,-29,-2016,25088,174711700
-264,-27,-2009,25600,174712954
-261,-25,-2013,25600,174714208
-263,-23,-2016,25088,174715462
-262,-25,-2018,25600,174716716
-268,-25,-2023,25088,174717970
-264,-26,-2018,25088,174719225
-265,-25,-2021,25088,174720480
-266,-28,-2019,25088,174721735
-263,-28,-2013,25088,174722990
-260,-27,-2015,25088,174724245
-260,-30,-2020,25600,174725500
-262,-28,-2020,25600,174726755
-262,-28,-2021,25088,174728010
-259,-25,-2019,25088,174729254
-260,-22,-2016,25088,174730500
-260,-27,-2017,25600,174731746
-267,-27,-2016,25600,174732992
-263,-23,-2016,25600,174734238
-265,-26,-2018,25600,174735484
-265,-26,-2013,25088,174736742
-265,-28,-2015,25088,174738000
-266,-26,-2013,25088,174739259
-266,-33,-2016,25088,174740518
-264,-33,-2017,25088,174741777
-264,-29,-2012,25088,174743036
-265,-32,-2013,25600,174744295
-261,-29,-2011,25600,174745554
-260,-26,-2015,25088,174746813
-261,-28,-2015,25600,174748072
-264,-27,-2016,25600,174749329
-264,-27,-2015,25600,174750586
-268,-25,-2009,25088,174751843
-268,-24,-2013,25088,174753100
-265,-24,-2017,25600,174754357
-261,-29,-2014,25600,174755614
-261,-27,-2013,25088,174756871
-258,-25,-2016,25600,174758128
-256,-27,-2017,25600,174759384
-261,-28,-2015,25088,174760640
-261,-23,-2016,25088,174761896
-260,-21,-2016,25088,174763154
-263,-22,-2016,25088,174764412
-260,-21,-2015,25088,174765670
-258,-26,-2016,25600,174766928
-261,-28,-2016,25600,174768186
-262,-27,-2017,25600,174769425
-260,-26,-2020,25088,174770682
-265,-25,-2019,25088,174771939
-263,-28,-2015,25088,174773196
-259,-29,-2013,25600,174774453
-261,-28,-2017,25088,174775710
-265,-30,-2016,25600,174776967
-266,-25,-2016,25088,174778224
-268,-27,-2017,25600,174779479
-262,-28,-2017,25600,174780734
-265,-26,-2016,25088,174781989
-263,-27,-2016,25088,174783244
-259,-24,-2020,25088,174784499
-261,-28,-2015,25600,174785754
-265,-25,-2016,25600,174787009
-261,-21,-2017,25600,174788264
-260,-25,-2023,25600,174789511
-261,-25,-2022,25088,174790758
-262,-26,-2017,25088,174792005
-261,-28,-2018,25088,174793252
-265,-29,-2018,25600,174794499
-264,-27,-2015,25600,174795746
-261,-28,-2018,25088,174797003
-261,-28,-2016,25088,174798260
-261,-28,-2017,25088,174799514
-267,-29,-2017,25088,174800768
-267,-29,-2016,25088,174802022
-268,-27,-2020,25088,174803276
-263,-27,-2019,25600,174804530
-263,-26,-2017,25088,174805784
-267,-27,-2015,25600,174807038
-266,-27,-2015,25600,174808292
-265,-29,-2016,25600,174809545
-263,-24,-2018,25600,174810798
-264,-23,-2015,25088,174812051
-265,-27,-2014,25088,174813304
-267,-25,-2017,25088,174814557
-265,-27,-2018,25600,174815810
-261,-27,-2014,25088,174817063
-262,-27,-2014,25600,174818316
-262,-28,-2016,25600,174819569
-261,-24,-2020,25600,174820822
-264,-28,-2014,25600,174822075
-266,-28,-2014,25088,174823328
-264,-23,-2016,25088,174824581
-266,-26,-2013,25600,174825834
-265,-28,-2012,25600,174827087
-266,-27,-2013,25600,174828340
-261,-26,-2014,25088,174829580
-261,-27,-2013,25600,174830821
-267,-26,-2015,25088,174832062
-265,-21,-2019,25088,174833303
-262,-19,-2021,25600,174834544
-257,-24,-2014,25088,174835785
-260,-28,-2016,25600,174837036
-262,-24,-2016,25088,174838287
-265,-25,-2017,25600,174839538
-260,-25,-2018,25600,174840789
-258,-29,-2017,25088,174842040
-258,-24,-2014,25088,174843291
-260,-24,-2017,25088,174844542
-264,-28,-2019,25088,174845793
-261,-28,-2019,25088,174847044
-260,-26,-2017,25600,174848295
-262,-26,-2016,25600,174849545
-265,-29,-2016,25088,174850795
-266,-29,-2013,25088,174852045
-267,-27,-2013,25600,174853295
-267,-28,-2014,25600,174854545
-263,-25,-2016,25600,174855795
-263,-26,-2016,25600,174857045
-264,-24,-2021,25088,174858295
-261,-23,-2019,25600,174859544
-262,-25,-2015,25088,174860793
-257,-30,-2009,25088,174862042
-259,-27,-2012,25088,174863293
-260,-29,-2015,25600,174864544
-264,-29,-2014,25600,174865795
-263,-28,-2015,25088,174867046
-263,-23,-2014,25088,174868297
-266,-27,-2019,25088,174869527
-264,-32,-2017,25088,174870776
-267,-32,-2017,25088,174872025
-263,-30,-2019,25088,174873274
-262,-28,-2018,25600,174874523
-266,-27,-2017,25088,174875772
-266,-28,-2016,25088,174877021
-262,-28,-2016,25600,174878270
-263,-28,-2015,25088,174879492
-263,-32,-2011,25600,174880714
-266,-31,-2014,25600,174881936
-264,-29,-2013,25088,174883158
-266,-28,-2018,25600,174884380
-264,-23,-2015,25600,174885602
-265,-28,-2018,25600,174886824
-259,-24,-2017,25600,174888046
-257,-27,-2015,25600,174889268
-261,-27,-2016,25600,174890508
-260,-30,-2016,25600,174891748
-262,-27,-2017,25600,174892988
-266,-26,-2016,25088,174894228
-271,-25,-2014,25600,174895468
-273,-20,-2016,25088,174896693
-271,-20,-2012,25600,174897918
-266,-23,-2014,25600,174899143
-261,-27,-2018,25088,174900363
-262,-26,-2016,25088,174901583
-261,-21,-2017,25088,174902803
-262,-21,-2016,25088,174904022
-260,-24,-2016,25088,174905241
-258,-29,-2014,25088,174906460
-265,-27,-2014,25088,174907679
-267,-26,-2013,25088,174908898
-261,-30,-2017,25088,174910120
-260,-30,-2016,25088,174911342
-264,-26,-2018,25600,174912564
-265,-24,-2016,25088,174913786
-264,-25,-2017,25600,174915008
-259,-27,-2016,25600,174916230
-259,-28,-2014,25600,174917452
-263,-26,-2013,25088,174918674
-263,-29,-2012,25088,174919899
-265,-27,-2014,25088,174921124
-263,-27,-2016,25600,174922349
-263,-33,-2016,25088,174923574
-265,-28,-2015,25088,174924799
-267,-26,-2016,25088,174926024
-263,-28,-2014,25600,174927249
-264,-26,-2016,25088,174928474
-263,-25,-2020,25600,174929715
-261,-26,-2014,25600,174930956
-260,-26,-2014,25600,174932197
-262,-25,-2013,25088,174933438
-259,-24,-2016,25088,174934679
-263,-26,-2019,25088,174935904
-266,-27,-2017,25088,174937129
-265,-26,-2018,25600,174938354
-262,-27,-2015,25088,174939583
-265,-27,-2016,25088,174940812
-265,-25,-2016,25088,174942041
-260,-28,-2018,25088,174943270
-258,-26,-2016,25600,174944499
-262,-26,-2014,25088,174945728
-266,-23,-2015,25088,174946957
-260,-27,-2019,25088,174948186
-262,-27,-2017,25088,174949417
-258,-26,-2014,25088,174950648
-260,-25,-2017,25088,174951879
-261,-27,-2014,25600,174953110
-264,-26,-2014,25088,174954341
-264,-23,-2015,25600,174955572
-260,-26,-2017,25600,174956803
-260,-24,-2019,25088,174958034
-259,-29,-2013,25088,174959266
-261,-26,-2011,25088,174960498
-264,-27,-2010,25600,174961730
-263,-28,-2012,25088,174962966
-262,-26,-2016,25088,174964202
-264,-25,-2017,25600,174965438
-263,-24,-2020,25600,174966674
-259,-25,-2019,25600,174967910
-260,-27,-2017,25088,174969149
-262,-29,-2015,25088,174970388
-262,-27,-2013,25600,174971627
-265,-29,-2015,25600,174972866
-263,-22,-2018,25088,174974105
-263,-27,-2018,25088,174975344
-263,-25,-2018,25088,174976583
-264,-25,-2014,25088,174977822
-264,-29,-2014,25088,174979065
-266,-30,-2011,25600,174980308
-263,-28,-2013,25088,174981551
-259,-29,-2018,25088,174982794
-257,-29,-2015,25088,174984037
-265,-28,-2013,25600,174985280
-263,-27,-2012,25600,174986523
-264,-26,-2015,25088,174987766
-262,-25,-2018,25088,174989004
-264,-30,-2017,25600,174990242
-262,-29,-2016,25600,174991480
-262,-27,-2014,25088,174992718
-263,-30,-2012,25600,174993956
-265,-28,-2014,25600,174995194
-265,-30,-2019,25600,174996442
-264,-31,-2018,25088,174997690
-264,-32,-2012,25088,174998937
-264,-32,-2012,25088,175000184
-263,-30,-2016,25600,175001431
-264,-30,-2018,25088,175002683
-264,-26,-2019,25600,175003935
-263,-23,-2016,25088,175005187
-264,-25,-2016,25600,175006439
-265,-30,-2016,25600,175007691
-265,-32,-2014,25600,175008946
-261,-28,-2015,25600,175010201
-263,-25,-2013,25600,175011456
-262,-25,-2011,25600,175012711
-260,-23,-2015,25088,175013966
-261,-25,-2016,25088,175015221
-261,-28,-2014,25600,175016476
-263,-26,-2014,25088,175017731
-261,-26,-2019,25088,175018987
-265,-26,-2018,25088,175020243
-258,-27,-2016,25600,175021499
-260,-27,-2013,25600,175022755
-260,-24,-2017,25600,175024011
-263,-25,-2016,25600,175025267
-261,-24,-2018,25600,175026523
-267,-27,-2015,25600,175027779
-270,-27,-2019,25088,175029025
-267,-27,-2018,25600,175030275
-263,-28,-2017,25088,175031525
-258,-28,-2015,25088,175032775
-260,-29,-2012,25088,175034025
-264,-30,-2017,25088,175035275
-263,-29,-2015,25600,175036539
-262,-29,-2011,25088,175037803
-262,-28,-2008,25600,175039067
-261,-29,-2014,25088,175040331
-261,-32,-2016,25088,175041595
-263,-33,-2013,25088,175042859
-263,-30,-2016,25600,175044123
-263,-28,-2016,25600,175045387
-264,-27,-2021,25600,175046651
-265,-28,-2020,25088,175047915
-264,-25,-2017,25088,175049177
-263,-27,-2020,25088,175050439
-264,-25,-2017,25088,175051701
-272,-23,-2012,25600,175052963
-266,-27,-2014,25088,175054225
-263,-27,-2014,25600,175055487
-263,-24,-2016,25088,175056749
-265,-27,-2018,25088,175058011
-263,-27,-2019,25088,175059273
-262,-27,-2023,25088,175060535
-262,-26,-2018,25600,175061797
-262,-27,-2015,25088,175063060
-261,-31,-2020,25088,175064323
-262,-27,-2020,25088,175065586
-263,-25,-2017,25088,175066849
-261,-20,-2016,25600,175068112
-262,-25,-2017,25600,175069359
-262,-28,-2017,25088,175070622
-261,-28,-2013,25088,175071885
-264,-29,-2014,25088,175073148
-266,-31,-2013,25600,175074411
-266,-30,-2015,25600,175075674
-260,-29,-2015,25600,175076937
-260,-31,-2012,25600,175078200
-259,-29,-2012,25088,175079460
-264,-25,-2017,25088,175080720
-265,-29,-2018,25088,175081980
-262,-27,-2017,25088,175083240
-261,-25,-2017,25600,175084500
-260,-27,-2020,25088,175085760
-261,-24,-2020,25600,175087020
-260,-27,-2016,25600,175088280
-261,-26,-2015,25600,175089531
-261,-29,-2016,25088,175090782
-261,-26,-2013,25088,175092033
-263,-24,-2016,25088,175093284
-265,-27,-2017,25088,175094535
-263,-30,-2017,25600,175095786
-258,-30,-2015,25600,175097047
-263,-28,-2016,25600,175098308
-262,-26,-2015,25600,175099565
-266,-28,-2017,25600,175100822
-265,-28,-2013,25088,175102079
-264,-25,-2017,25088,175103336
-267,-25,-2018,25088,175104593
-263,-25,-2019,25088,175105850
-261,-26,-2015,25088,175107107
-263,-30,-2016,25600,175108364
-265,-31,-2016,25088,175109619
-263,-24,-2018,25088,175110874
-261,-24,-2016,25088,175112129
-264,-27,-2020,25088,175113384
-267,-24,-2023,25088,175114639
-263,-29,-2018,25600,175115894
-259,-27,-2017,25088,175117149
-260,-30,-2016,25088,175118404
-260,-31,-2017,25088,175119658
-263,-32,-2017,25088,175120912
-264,-26,-2016,25088,175122166
-262,-21,-2019,25600,175123420
-260,-24,-2019,25088,175124674
-265,-29,-2019,25600,175125928
-265,-28,-2013,25600,175127182
-264,-26,-2015,25088,175128436
-263,-25,-2013,25088,175129678
-265,-25,-2014,25600,175130920
-264,-26,-2017,25088,175132162
-260,-24,-2015,25088,175133404
-261,-26,-2017,25600,175134646
-260,-24,-2017,25088,175135888
-259,-30,-2013,25088,175137139
-264,-24,-2017,25600,175138390
-264,-22,-2016,25088,175139640
-265,-25,-2016,25600,175140890
-255,-27,-2009,25088,175142140
-260,-27,-2015,25088,175143390
-264,-27,-2016,25088,175144640
-264,-30,-2014,25600,175145890
-262,-31,-2017,25600,175147140
-264,-31,-2016,25600,175148390
-261,-32,-2015,25088,175149639
-261,-29,-2013,25088,175150888
-264,-31,-2011,25088,175152137
-262,-31,-2012,25088,175153386
-263,-29,-2016,25088,175154635
-261,-29,-2014,25600,175155884
-259,-28,-2016,25088,175157133
-262,-28,-2013,25088,175158382
-265,-27,-2011,25600,175159630
-267,-28,-2010,25088,175160878
-271,-27,-2011,25088,175162126
-266,-25,-2015,25088,175163375
-262,-25,-2018,25088,175164624
-262,-24,-2018,25088,175165873
-259,-24,-2017,25088,175167122
-261,-26,-2016,25088,175168371
-261,-26,-2018,25600,175169599
-265,-28,-2022,25088,175170845
-265,-28,-2015,25088,175172091
-263,-28,-2018,25088,175173337
-261,-28,-2016,25600,175174583
-261,-27,-2018,25088,175175829
-262,-26,-2023,25600,175177075
-268,-27,-2020,25600,175178321
-269,-29,-2015,25088,175179568
-263,-26,-2014,25088,175180815
-262,-29,-2014,25088,175182062
-262,-29,-2011,25600,175183309
-265,-28,-2016,25088,175184556
-266,-27,-2011,25600,175185803
-265,-26,-2013,25088,175187050
-263,-22,-2013,25088,175188297
-259,-26,-2014,25088,175189535
-258,-25,-2018,25088,175190773
-259,-29,-2012,25600,175192011
-264,-30,-2013,25088,175193249
-266,-25,-2015,25600,175194487
-263,-26,-2018,25088,175195725
-261,-29,-2018,25088,175196949
-263,-27,-2015,25088,175198173
-261,-26,-2017,25088,175199397
-263,-25,-2015,25600,175200615
-266,-26,-2013,25600,175201833
-265,-25,-2015,25088,175203051
-261,-28,-2013,25600,175204269
-259,-29,-2015,25088,175205487
-264,-27,-2015,25600,175206705
-265,-29,-2016,25600,175207923
-268,-26,-2016,25088,175209141
-266,-26,-2017,25088,175210362
-266,-28,-2019,25600,175211583
-264,-29,-2016,25088,175212804
-263,-26,-2017,25088,175214025
-268,-26,-2018,25088,175215246
-266,-25,-2019,25088,175216467
-258,-26,-2017,25088,175217688
-259,-27,-2017,25600,175218909
-262,-25,-2013,25088,175220133
-263,-25,-2013,25600,175221357
-265,-26,-2013,25088,175222581
-262,-24,-2017,25088,175223805
-261,-28,-2019,25088,175225029
-261,-26,-2018,25600,175226253
-260,-28,-2016,25088,175227477
-259,-25,-2015,25088,175228701
-260,-24,-2015,25088,175229941
-262,-23,-2015,25600,175231181
-267,-30,-2015,25088,175232421
-263,-29,-2019,25088,175233661
-263,-26,-2015,25088,175234901
-263,-27,-2019,25600,175236126
-263,-28,-2014,25088,175237351
-266,-30,-2016,25600,175238576
-261,-27,-2015,25600,175239800
-262,-25,-2012,25600,175241024
-259,-27,-2013,25088,175242248
-262,-27,-2014,25600,175243472
-262,-28,-2016,25600,175244696
-260,-29,-2017,25600,175245920
-267,-28,-2016,25088,175247144
-264,-26,-2019,25088,175248368
-260,-27,-2014,25088,175249594
-259,-27,-2015,25088,175250820
-260,-28,-2017,25088,175252046
-268,-27,-2014,25600,175253272
-264,-25,-2015,25600,175254498
-264,-29,-2014,25088,175255724
-264,-25,-2014,25600,175256950
-260,-28,-2014,25600,175258176
-260,-26,-2013,25088,175259403
-266,-28,-2015,25088,175260630
-262,-30,-2018,25600,175261857
-258,-26,-2016,25600,175263089
-260,-25,-2014,25088,175264321
-261,-23,-2017,25088,175265553
-261,-26,-2016,25600,175266785
-260,-21,-2016,25600,175268017
-260,-22,-2018,25600,175269252
-261,-24,-2020,25088,175270487
-264,-24,-2018,25088,175271722
-264,-29,-2013,25088,175272957
-262,-33,-2015,25600,175274192
-260,-30,-2015,25088,175275427
-263,-31,-2012,25088,175276662
-264,-31,-2016,25088,175277897
-265,-29,-2017,25088,175279135
-265,-21,-2017,25088,175280373
-260,-26,-2015,25088,175281611
-262,-25,-2014,25088,175282849
-262,-24,-2013,25088,175284087
-263,-22,-2016,25600,175285325
-263,-25,-2015,25600,175286563
-263,-25,-2014,25600,175287801
-259,-24,-2016,25088,175289058
-261,-28,-2020,25088,175290315
-266,-24,-2020,25088,175291572
-273,-25,-2015,25088,175292829
-265,-23,-2016,25088,175294086
-258,-24,-2014,25600,175295330
-261,-27,-2014,25600,175296574
-264,-24,-2013,25600,175297818
-261,-25,-2015,25088,175299061
-261,-24,-2016,25088,175300304
-261,-26,-2017,25600,175301547
-261,-24,-2017,25088,175302795
-262,-24,-2022,25600,175304043
-262,-25,-2017,25600,175305291
-263,-27,-2014,25600,175306539
-262,-30,-2014,25088,175307787
-264,-29,-2014,25088,175309039
-265,-24,-2016,25600,175310291
-262,-22,-2012,25600,175311543
-260,-25,-2015,25088,175312795
-259,-23,-2016,25600,175314047
-260,-28,-2015,25600,175315299
-259,-29,-2017,25088,175316551
-262,-25,-2017,25600,175317803
-261,-24,-2017,25088,175319057
-262,-24,-2017,25600,175320311
-262,-26,-2013,25600,175321565
-263,-26,-2015,25600,175322819
-260,-27,-2016,25088,175324073
-262,-28,-2023,25088,175325327
-259,-28,-2021,25088,175326581
-261,-27,-2018,25600,175327835
-263,-27,-2011,25088,175329079
-261,-27,-2011,25088,175330328
-262,-27,-2009,25600,175331577
-265,-29,-2016,25600,175332826
-265,-27,-2016,25088,175334075
-266,-24,-2014,25600,175335324
-260,-27,-2010,25088,175336587
-259,-28,-2011,25600,175337850
-265,-28,-2013,25600,175339110
-265,-28,-2017,25088,175340370
-266,-26,-2016,25600,175341630
-263,-24,-2015,25600,175342890
-263,-25,-2014,25088,175344150
-259,-27,-2019,25088,175345410
-262,-26,-2016,25088,175346670
-264,-25,-2016,25088,175347930
-262,-22,-2020,25088,175349189
-264,-24,-2016,25088,175350448
-266,-26,-2017,25600,175351707
-260,-26,-2017,25600,175352966
-262,-27,-2019,25600,175354225
-260,-29,-2020,25088,175355484
-261,-27,-2018,25088,175356743
-261,-26,-2015,25600,175358002
-264,-25,-2015,25600,175359261
-265,-27,-2015,25088,175360520
-262,-27,-2018,25088,175361779
-263,-27,-2015,25088,175363039
-261,-27,-2016,25088,175364299
-264,-26,-2016,25088,175365559
-261,-27,-2016,25088,175366819
-264,-28,-2018,25088,175368079
-261,-31,-2018,25088,175369339
-263,-27,-2018,25600,175370599
-269,-23,-2017,25088,175371859
-269,-25,-2016,25600,175373119
-261,-28,-2015,25088,175374379
-263,-27,-2015,25600,175375639
-264,-28,-2014,25600,175376899
-261,-29,-2017,25600,175378159
-261,-28,-2017,25600,175379418
-264,-30,-2019,25088,175380677
-264,-27,-2018,25088,175381936
-265,-29,-2015,25088,175383195
-261,-26,-2017,25088,175384454
-260,-26,-2016,25600,175385713
-262,-28,-2022,25088,175386972
-265,-30,-2020,25600,175388231
-261,-29,-2020,25088,175389481
-260,-26,-2020,25600,175390731
-262,-22,-2019,25088,175391981
-261,-23,-2018,25088,175393231
-264,-26,-2023,25088,175394481
-267,-30,-2018,25600,175395731
-264,-22,-2018,25088,175396991
-263,-22,-2017,25088,175398251
-260,-29,-2017,25088,175399515
-262,-30,-2016,25600,175400779
-261,-29,-2017,25088,175402043
-261,-31,-2019,25088,175403300
-261,-29,-2018,25088,175404557
-259,-28,-2018,25088,175405814
-263,-32,-2017,25600,175407071
-263,-30,-2016,25600,175408328
-265,-28,-2013,25600,175409584
-265,-28,-2012,25600,175410840
-262,-29,-2013,25600,175412096
-263,-29,-2014,25600,175413352
-265,-26,-2018,25600,175414608
-263,-23,-2011,25088,175415864
-262,-23,-2014,25088,175417120
-264,-29,-2018,25600,175418376
-262,-28,-2013,25600,175419631
-262,-28,-2010,25088,175420886
-260,-26,-2015,25600,175422141
-260,-24,-2014,25088,175423396
-262,-27,-2011,25600,175424651
-264,-26,-2017,25088,175425906
-262,-24,-2021,25600,175427161
-264,-27,-2019,25088,175428416
-264,-26,-2019,25088,175429658
-267,-27,-2018,25088,175430902
-261,-27,-2019,25088,175432146
-263,-26,-2023,25600,175433390
-267,-24,-2020,25600,175434634
-268,-27,-2016,25600,175435878
-265,-28,-2017,25600,175437130
-263,-30,-2016,25600,175438382
-265,-26,-2013,25088,175439633
-260,-25,-2011,25088,175440884
-259,-27,-2013,25088,175442135
-263,-29,-2017,25088,175443386
-264,-29,-2018,25600,175444637
-262,-30,-2017,25088,175445888
-267,-27,-2013,25088,175447139
-264,-22,-2014,25088,175448390
-260,-22,-2015,25088,175449640
-260,-23,-2013,25600,175450890
-264,-22,-2014,25600,175452140
-262,-26,-2014,25600,175453390
-262,-27,-2015,25600,175454640
-264,-29,-2015,25088,175455890
-261,-27,-2013,25088,175457140
-265,-26,-2019,25088,175458390
-263,-29,-2016,25600,175459620
-260,-26,-2013,25088,175460850
-264,-27,-2013,25088,175462080
-266,-27,-2016,25600,175463310
-268,-26,-2021,25088,175464560
-265,-24,-2017,25600,175465810
-261,-28,-2014,25088,175467060
-262,-33,-2016,25600,175468310
-259,-27,-2015,25600,175469540
-261,-26,-2017,25600,175470787
-263,-29,-2015,25600,175472034
-266,-32,-2011,25088,175473281
-263,-29,-2015,25088,175474528
-263,-27,-2018,25088,175475775
-265,-26,-2018,25088,175477022
-269,-27,-2016,25088,175478269
-265,-30,-2016,25088,175479516
-267,-27,-2017,25088,175480763
-266,-23,-2011,25088,175482010
-267,-27,-2014,25600,175483257
-268,-28,-2013,25088,175484504
-265,-29,-2018,25600,175485751
-262,-29,-2017,25088,175486998
-264,-27,-2016,25600,175488245
-261,-26,-2012,25088,175489484
-258,-26,-2013,25088,175490723
-257,-28,-2012,25088,175491962
-260,-26,-2012,25600,175493201
-264,-28,-2014,25088,175494440
-262,-29,-2014,25600,175495679
-265,-29,-2016,25088,175496902
-262,-25,-2018,25600,175498125
-257,-23,-2017,25088,175499348
-259,-28,-2022,25088,175500572
-264,-28,-2021,25088,175501796
-267,-31,-2016,25088,175503020
-265,-30,-2014,25088,175504237
-265,-29,-2019,25600,175505454
-264,-31,-2018,25600,175506671
-261,-28,-2015,25600,175507888
-260,-26,-2013,25600,175509105
-264,-29,-2013,25088,175510326
-267,-28,-2014,25600,175511547
-267,-28,-2012,25600,175512768
-263,-25,-2015,25600,175513989
-264,-26,-2017,25600,175515210
-259,-26,-2018,25088,175516431
-260,-27,-2020,25600,175517652
-260,-25,-2019,25088,175518873
-261,-24,-2019,25088,175520098
-265,-26,-2016,25600,175521323
-265,-26,-2017,25088,175522548
-265,-26,-2018,25088,175523773
-263,-32,-2016,25600,175524998
-260,-29,-2018,25088,175526223
-261,-29,-2018,25088,175527448
-261,-27,-2018,25600,175528673
-260,-26,-2019,25088,175529914
-261,-27,-2017,25088,175531155
-263,-30,-2014,25600,175532396
-264,-30,-2015,25600,175533637
-264,-31,-2018,25088,175534878
-262,-25,-2015,25088,175536104
-262,-26,-2013,25088,175537330
-264,-26,-2009,25088,175538556
-265,-26,-2014,25600,175539781
-267,-25,-2018,25600,175541006
-269,-22,-2020,25088,175542231
-268,-29,-2017,25088,175543456
-265,-32,-2018,25600,175544681
-267,-29,-2020,25600,175545906
-268,-27,-2018,25088,175547131
-264,-27,-2016,25088,175548356
-262,-28,-2018,25088,175549583
-264,-24,-2017,25088,175550810
-262,-26,-2014,25600,175552037
-263,-30,-2016,25600,175553264
-261,-24,-2016,25088,175554491
-261,-25,-2016,25600,175555718
-259,-27,-2017,25088,175556945
-262,-28,-2019,25600,175558172
-265,-30,-2017,25088,175559407
-261,-28,-2012,25088,175560642
-260,-29,-2013,25088,175561877
-260,-29,-2016,25088,175563108
-260,-24,-2016,25088,175564339
-259,-25,-2014,25088,175565570
-261,-28,-2019,25600,175566801
-263,-28,-2016,25088,175568032
-263,-20,-2014,25088,175569267
-261,-25,-2012,25088,175570502
-263,-32,-2009,25600,175571737
-265,-27,-2014,25600,175572972
-260,-23,-2016,25088,175574207
-259,-22,-2017,25600,175575442
-260,-26,-2018,25088,175576677
-263,-32,-2017,25088,175577912
-269,-32,-2015,25088,175579151
-266,-36,-2016,25088,175580390
-264,-30,-2013,25600,175581629
-268,-29,-2015,25088,175582868
-265,-29,-2017,25088,175584107
-261,-30,-2016,25088,175585346
-257,-27,-2016,25088,175586585
-259,-29,-2016,25600,175587824
-267,-29,-2017,25600,175589081
-263,-27,-2016,25088,175590338
-258,-26,-2015,25088,175591595
-259,-29,-2011,25088,175592852
-258,-26,-2015,25088,175594109
-259,-28,-2019,25088,175595353
-262,-29,-2018,25600,175596597
-267,-28,-2013,25600,175597841
-264,-26,-2015,25600,175599084
-263,-28,-2015,25600,175600327
-259,-28,-2016,25088,175601570
-257,-27,-2013,25088,175602818
-261,-23,-2018,25088,175604066
-262,-25,-2019,25088,175605314
-261,-24,-2015,25600,175606562
-258,-20,-2016,25600,175607810
-263,-22,-2016,25600,175609062
-261,-28,-2017,25088,175610314
-261,-27,-2016,25088,175611566
-261,-27,-2015,25600,175612818
-261,-24,-2014,25600,175614070
-258,-25,-2014,25600,175615322
-261,-28,-2016,25088,175616574
-268,-30,-2016,25088,175617826
-270,-31,-2019,25088,175619080
-266,-28,-2019,25600,175620334
-265,-25,-2013,25088,175621588
-265,-26,-2014,25088,175622842
-261,-25,-2020,25088,175624096
-262,-27,-2019,25600,175625350
-263,-28,-2020,25600,175626604
-264,-26,-2020,25088,175627858
-262,-23,-2015,25088,175629104
-259,-24,-2019,25600,175630350
-261,-25,-2019,25088,175631596
-261,-26,-2019,25088,175632842
-261,-30,-2015,25088,175634088
-260,-28,-2014,25088,175635334
-259,-31,-2013,25600,175636592
-262,-26,-2014,25600,175637850
-265,-24,-2011,25600,175639109
-261,-24,-2017,25088,175640368
-262,-24,-2019,25088,175641627
-262,-24,-2019,25088,175642886
-264,-23,-2018,25088,175644145
-260,-27,-2018,25600,175645404
-260,-24,-2019,25088,175646663
-266,-27,-2018,25088,175647922
-262,-30,-2015,25600,175649180
-258,-28,-2017,25600,175650438
-262,-27,-2015,25088,175651696
-263,-24,-2015,25088,175652954
-258,-28,-2016,25600,175654212
-261,-27,-2017,25600,175655470
-262,-20,-2017,25088,175656728
-262,-23,-2015,25088,175657986
-262,-29,-2014,25088,175659249
-264,-28,-2014,25088,175660512
-265,-28,-2017,25088,175661775
-265,-24,-2019,25088,175663034
-261,-25,-2020,25600,175664293
-260,-25,-2016,25600,175665552
-265,-27,-2014,25600,175666811
-263,-27,-2015,25600,175668070
-263,-24,-2015,25600,175669318
-262,-26,-2018,25088,175670578
-263,-30,-2017,25088,175671838
-258,-27,-2019,25088,175673098
-257,-22,-2021,25088,175674358
-259,-21,-2016,25600,175675618
-261,-24,-2016,25600,175676878
-261,-25,-2018,25600,175678138
-261,-23,-2016,25088,175679396
-261,-26,-2013,25088,175680654
-262,-29,-2015,25088,175681912
-262,-25,-2016,25088,175683170
-261,-26,-2018,25088,175684428
-264,-29,-2018,25600,175685686
-261,-27,-2018,25088,175686944
-265,-29,-2019,25088,175688202
-264,-32,-2013,25088,175689451
-263,-31,-2015,25600,175690700
-262,-33,-2019,25600,175691949
-261,-29,-2020,25600,175693198
-262,-31,-2020,25600,175694447
-263,-27,-2020,25600,175695696
-264,-25,-2019,25600,175696956
-265,-27,-2017,25600,175698216
-263,-30,-2014,25088,175699472
-259,-27,-2010,25088,175700728
-260,-26,-2010,25088,175701984
-261,-27,-2016,25600,175703242
-263,-27,-2020,25600,175704500
-262,-24,-2017,25088,175705758
-262,-26,-2019,25088,175707016
-264,-27,-2018,25600,175708274
-264,-30,-2018,25088,175709529
-266,-31,-2019,25600,175710784
-263,-28,-2016,25600,175712039
-265,-27,-2016,25600,175713294
-261,-24,-2019,25088,175714549
-263,-21,-2013,25088,175715804
-265,-24,-2015,25600,175717059
-269,-24,-2017,25600,175718314
-267,-28,-2017,25600,175719569
-267,-23,-2019,25088,175720824
-262,-22,-2018,25088,175722079
-263,-23,-2020,25088,175723334
-268,-25,-2021,25088,175724589
-265,-27,-2019,25088,175725844
-264,-30,-2015,25600,175727099
-267,-28,-2014,25088,175728354
-267,-25,-2017,25600,175729596
-264,-27,-2014,25600,175730839
-266,-27,-2011,25088,175732082
-262,-25,-2014,25088,175733325
-265,-32,-2017,25088,175734568
-262,-28,-2016,25088,175735811
-263,-28,-2015,25600,175737064
-265,-23,-2017,25088,175738317
-261,-23,-2016,25600,175739569
-261,-25,-2015,25600,175740821
-262,-23,-2013,25088,175742073
-263,-24,-2015,25088,175743325
-265,-28,-2016,25600,175744577
-268,-30,-2016,25600,175745829
-264,-27,-2014,25600,175747081
-262,-25,-2016,25600,175748333
-262,-26,-2016,25088,175749584
-262,-23,-2015,25088,175750835
-263,-23,-2018,25088,175752086
-265,-23,-2018,25088,175753337
-264,-22,-2018,25088,175754588
-262,-24,-2019,25088,175755839
-263,-26,-2017,25088,175757090
-263,-28,-2016,25088,175758341
-261,-27,-2018,25088,175759592
-260,-27,-2016,25088,175760843
-263,-32,-2017,25600,175762094
-264,-31,-2014,25088,175763345
-264,-29,-2014,25088,175764596
-257,-29,-2015,25088,175765847
-259,-30,-2019,25088,175767098
-262,-31,-2016,25088,175768349
-265,-27,-2018,25088,175769579
-263,-24,-2014,25088,175770827
-263,-22,-2013,25088,175772075
-260,-31,-2013,25600,175773323
-261,-29,-2017,25088,175774571
-264,-24,-2018,25088,175775819
-263,-26,-2019,25088,175777067
-263,-25,-2019,25600,175778315
-260,-29,-2019,25088,175779563
-259,-26,-2015,25600,175780811
-261,-28,-2017,25088,175782059
-262,-29,-2014,25600,175783307
-263,-31,-2015,25600,175784555
-263,-26,-2015,25088,175785803
-264,-25,-2017,25088,175787051
-262,-24,-2015,25088,175788299
-266,-26,-2018,25088,175789543
-261,-26,-2018,25088,175790787
-257,-26,-2011,25600,175792031
-259,-26,-2013,25088,175793275
-262,-26,-2012,25088,175794519
-264,-27,-2010,25088,175795763
-262,-25,-2014,25088,175796987
-259,-25,-2015,25088,175798211
-260,-28,-2017,25600,175799435
-259,-27,-2019,25600,175800682
-265,-27,-2019,25600,175801929
-263,-26,-2019,25600,175803147
-266,-27,-2016,25088,175804365
-265,-26,-2021,25600,175805583
-264,-32,-2020,25088,175806801
-261,-30,-2016,25088,175808019
-261,-26,-2015,25088,175809237
-265,-29,-2019,25088,175810458
-265,-30,-2019,25088,175811679
-265,-27,-2018,25088,175812900
-262,-30,-2016,25600,175814121
-260,-26,-2015,25600,175815342
-258,-25,-2016,25088,175816563
-257,-28,-2014,25600,175817784
-260,-28,-2013,25088,175819005
-260,-28,-2015,25088,175820229
-265,-26,-2015,25600,175821453
-260,-26,-2016,25088,175822677
-261,-27,-2016,25088,175823901
-268,-26,-2013,25600,175825125
-265,-25,-2019,25088,175826349
-261,-30,-2018,25088,175827573
-261,-31,-2013,25088,175828797
-258,-28,-2012,25088,175830038
-263,-30,-2013,25600,175831279
-265,-31,-2015,25600,175832520
-263,-30,-2017,25600,175833761
-263,-23,-2015,25600,175835002
-261,-24,-2017,25600,175836226
-261,-26,-2014,25600,175837450
-262,-28,-2017,25088,175838674
-265,-25,-2017,25088,175839898
-265,-24,-2012,25088,175841122
-264,-24,-2012,25088,175842346
-266,-27,-2018,25088,175843570
-264,-24,-2022,25088,175844794
-264,-27,-2018,25088,175846018
-261,-26,-2016,25600,175847242
-258,-28,-2019,25600,175848466
-262,-30,-2018,25088,175849691
-267,-28,-2013,25088,175850916
-263,-31,-2014,25088,175852141
-263,-26,-2014,25088,175853366
-261,-26,-2015,25088,175854591
-262,-26,-2015,25088,175855816
-261,-29,-2015,25600,175857041
-261,-31,-2016,25088,175858266
-264,-26,-2015,25600,175859493
-264,-25,-2014,25600,175860720
-264,-22,-2011,25088,175861947
-265,-21,-2013,25088,175863176
-260,-22,-2019,25088,175864405
-260,-25,-2022,25088,175865634
-259,-25,-2017,25088,175866863
-257,-27,-2012,25088,175868092
-258,-24,-2012,25088,175869325
-262,-28,-2014,25600,175870558
-264,-29,-2015,25088,175871791
-265,-32,-2017,25088,175873024
-261,-28,-2018,25088,175874257
-263,-24,-2018,25088,175875490
-263,-27,-2017,25088,175876723
-263,-28,-2019,25600,175877956
-257,-26,-2016,25088,175879193
-261,-31,-2017,25600,175880430
-261,-32,-2015,25600,175881667
-259,-26,-2016,25088,175882904
-260,-24,-2015,25088,175884141
-258,-22,-2016,25088,175885378
-261,-25,-2016,25088,175886615
-265,-28,-2014,25088,175887852
-260,-28,-2012,25600,175889107
-258,-26,-2011,25600,175890362
-263,-27,-2013,25088,175891617
-264,-25,-2012,25600,175892872
-260,-25,-2014,25600,175894127
-261,-28,-2021,25600,175895368
-266,-31,-2019,25600,175896609
-261,-26,-2016,25088,175897850
-264,-28,-2017,25088,175899091
-264,-32,-2012,25600,175900332
-265,-30,-2010,25088,175901573
-262,-29,-2013,25088,175902819
-263,-28,-2016,25600,175904065
-263,-30,-2020,25088,175905311
-266,-28,-2020,25088,175906557
-260,-22,-2017,25600,175907803
-257,-25,-2018,25088,175909053
-263,-27,-2016,25600,175910303
-263,-30,-2015,25600,175911553
-262,-29,-2015,25600,175912803
-261,-25,-2014,25600,175914053
-260,-22,-2015,25088,175915303
-263,-25,-2017,25088,175916553
-264,-27,-2018,25600,175917803
-261,-27,-2016,25088,175919055
-263,-26,-2017,25600,175920307
-263,-33,-2013,25088,175921559
-261,-27,-2017,25600,175922811
-258,-26,-2017,25088,175924063
-260,-26,-2018,25088,175925315
-260,-25,-2017,25600,175926567
-260,-27,-2019,25600,175927819
-259,-27,-2020,25088,175929064
-262,-24,-2018,25088,175930309
-262,-21,-2017,25600,175931554
-261,-23,-2015,25088,175932799
-261,-24,-2014,25088,175934044
-263,-25,-2015,25600,175935289
-264,-27,-2013,25088,175936546
-264,-25,-2014,25088,175937803
-267,-26,-2017,25088,175939062
-265,-26,-2014,25088,175940321
-263,-27,-2015,25088,175941580
-260,-28,-2019,25088,175942839
-266,-29,-2017,25088,175944098
-269,-28,-2016,25600,175945357
-266,-26,-2019,25088,175946616
-263,-28,-2020,25088,175947875
-262,-28,-2020,25600,175949132
-260,-26,-2020,25088,175950389
-264,-28,-2016,25088,175951646
-264,-30,-2019,25088,175952903
-266,-27,-2018,25600,175954160
-263,-26,-2016,25600,175955417
-264,-28,-2017,25088,175956674
-259,-29,-2017,25088,175957931
-259,-27,-2015,25088,175959189
-261,-26,-2018,25600,175960447
-264,-28,-2018,25600,175961705
-269,-28,-2018,25088,175962964
-269,-28,-2012,25600,175964223
-263,-24,-2011,25088,175965482
-264,-26,-2016,25088,175966741
-265,-24,-2022,25088,175968000
-263,-26,-2019,25088,175969259
-263,-24,-2017,25088,175970518
-262,-24,-2018,25088,175971777
-258,-30,-2019,25088,175973036
-260,-26,-2017,25600,175974295
-265,-25,-2015,25088,175975554
-262,-29,-2013,25088,175976813
-265,-27,-2013,25088,175978072
-267,-26,-2015,25088,175979330
-262,-28,-2019,25088,175980588
-264,-29,-2014,25600,175981846
-261,-29,-2013,25088,175983104
-261,-29,-2015,25600,175984362
-266,-31,-2016,25088,175985620
-268,-30,-2011,25600,175986878
-260,-29,-2017,25600,175988136
-262,-28,-2016,25600,175989386
-263,-28,-2012,25088,175990636
-259,-29,-2011,25088,175991886
-260,-30,-2011,25600,175993136
-262,-31,-2013,25088,175994386
-261,-29,-2013,25088,175995636
-261,-29,-2012,25088,175996890
-264,-24,-2009,25088,175998144
-262,-26,-2011,25088,175999398
-263,-28,-2011,25088,176000652
-261,-27,-2014,25600,176001910
-265,-30,-2017,25088,176003169
-261,-27,-2018,25088,176004428
-261,-28,-2015,25088,176005687
-260,-25,-2015,25088,176006946
-264,-26,-2017,25600,176008205
-266,-23,-2018,25088,176009462
-265,-26,-2017,25088,176010719
-269,-25,-2015,25088,176011976
-264,-26,-2017,25088,176013233
-263,-29,-2018,25088,176014490
-264,-30,-2018,25088,176015747
-264,-27,-2021,25088,176017004
-264,-22,-2020,25600,176018261
-261,-25,-2018,25088,176019518
-260,-25,-2020,25088,176020775
-261,-27,-2017,25088,176022032
-264,-27,-2013,25600,176023289
-260,-30,-2020,25088,176024546
-263,-29,-2019,25088,176025803
-267,-25,-2015,25088,176027060
-264,-24,-2017,25600,176028317
-266,-29,-2022,25088,176029565
-266,-29,-2023,25088,176030810
-267,-24,-2014,25600,176032055
-268,-24,-2015,25600,176033300
-268,-26,-2019,25600,176034545
-264,-27,-2016,25088,176035790
-265,-24,-2013,25088,176037045
-262,-23,-2015,25600,176038300
-264,-23,-2018,25600,176039554
-263,-25,-2017,25600,176040808
-268,-27,-2015,25600,176042062
-269,-27,-2015,25088,176043316
-264,-26,-2011,25088,176044570
-265,-26,-2017,25600,176045824
-264,-28,-2019,25088,176047078
-265,-29,-2019,25600,176048332
-267,-25,-2018,25088,176049584
-266,-27,-2017,25088,176050836
-264,-26,-2013,25088,176052088
-263,-29,-2015,25088,176053340
-262,-30,-2017,25088,176054592
-263,-26,-2018,25088,176055844
-262,-25,-2014,25600,176057096
-260,-25,-2016,25600,176058348
-261,-26,-2018,25088,176059579
-265,-28,-2018,25088,176060810
-266,-28,-2014,25600,176062041
-268,-29,-2013,25088,176063272
-266,-27,-2014,25088,176064524
-263,-23,-2017,25088,176065776
-264,-24,-2020,25600,176067028
-262,-25,-2022,25600,176068280
-265,-25,-2016,25600,176069515
-265,-27,-2017,25088,176070764
-264,-28,-2018,25088,176072013
-263,-26,-2020,25088,176073262
-265,-27,-2019,25088,176074511
-261,-28,-2018,25088,176075760
-260,-23,-2018,25600,176077009
-264,-26,-2018,25600,176078258
-263,-25,-2019,25088,176079507
-264,-23,-2019,25600,176080756
-263,-24,-2015,25088,176082005
-263,-22,-2015,25600,176083254
-264,-24,-2018,25088,176084503
-263,-26,-2016,25088,176085752
-264,-27,-2012,25088,176087001
-262,-27,-2014,25088,176088250
-261,-24,-2016,25600,176089489
-263,-25,-2017,25088,176090728
-261,-24,-2016,25088,176091967
-261,-26,-2018,25088,176093206
-258,-25,-2014,25600,176094445
-257,-25,-2016,25088,176095684
-261,-27,-2018,25088,176096909
-266,-27,-2019,25088,176098134
-264,-25,-2015,25088,176099359
-261,-26,-2014,25600,176100605
-259,-28,-2014,25088,176101851
-263,-28,-2018,25088,176103069
-265,-31,-2016,25600,176104287
-264,-32,-2016,25088,176105505
-262,-29,-2016,25088,176106723
-265,-25,-2015,25088,176107941
-265,-25,-2017,25088,176109159
-264,-30,-2020,25088,176110381
-263,-27,-2021,25088,176111603
-265,-28,-2019,25088,176112825
-263,-28,-2019,25088,176114047
-260,-31,-2016,25088,176115269
-264,-29,-2016,25600,176116491
-264,-27,-2016,25088,176117713
-265,-27,-2016,25600,176118935
-264,-26,-2020,25088,176120160
-265,-25,-2015,25088,176121385
-261,-25,-2017,25088,176122610
-262,-24,-2018,25088,176123835
-261,-25,-2017,25088,176125060
-262,-23,-2015,25088,176126285
-261,-26,-2017,25088,176127510
-262,-31,-2018,25088,176128735
-263,-31,-2014,25088,176129977
-262,-27,-2013,25088,176131219
-264,-27,-2017,25600,176132461
-262,-25,-2018,25600,176133703
-259,-26,-2016,25088,176134945
-263,-28,-2013,25600,176136171
-265,-26,-2012,25088,176137397
-269,-25,-2016,25088,176138623
-265,-29,-2018,25600,176139848
-261,-31,-2016,25600,176141073
-262,-29,-2019,25600,176142298
-264,-33,-2019,25600,176143523
-262,-27,-2018,25088,176144748
-261,-26,-2013,25088,176145973
-263,-29,-2014,25600,176147198
-265,-23,-2018,25088,176148423
-261,-29,-2016,25088,176149650
-258,-29,-2010,25600,176150877
-263,-28,-2013,25600,176152104
-263,-27,-2020,25600,176153331
-264,-23,-2020,25088,176154558
-266,-29,-2017,25600,176155785
-265,-26,-2013,25600,176157012
-258,-25,-2014,25600,176158239
-263,-27,-2014,25088,176159468
-262,-29,-2012,25088,176160697
-266,-26,-2011,25088,176161926
-264,-25,-2010,25088,176163157
-259,-27,-2012,25088,176164388
-263,-29,-2017,25088,176165619
-264,-27,-2021,25088,176166850
-263,-29,-2018,25088,176168081
-259,-26,-2015,25088,176169315
-263,-30,-2011,25600,176170549
-262,-29,-2020,25600,176171783
-260,-27,-2017,25600,176173017
-260,-27,-2013,25600,176174251
-260,-29,-2017,25600,176175485
-263,-29,-2019,25600,176176719
-260,-29,-2021,25088,176177953
-258,-27,-2018,25088,176179191
-260,-27,-2017,25088,176180429
-262,-26,-2021,25088,176181667
-264,-21,-2020,25600,176182905
-266,-23,-2019,25088,176184143
-265,-28,-2015,25600,176185381
-266,-26,-2017,25600,176186619
-265,-27,-2018,25088,176187857
-261,-28,-2018,25088,176189113
-262,-26,-2018,25600,176190369
-266,-27,-2009,25600,176191625
-261,-31,-2013,25600,176192881
-260,-27,-2014,25600,176194137
-260,-24,-2014,25088,176195380
-259,-27,-2015,25600,176196623
-264,-29,-2013,25088,176197866
-264,-26,-2017,25600,176199107
-265,-26,-2017,25088,176200348
-260,-28,-2013,25088,176201589
-261,-29,-2011,25600,176202836
-260,-28,-2015,25088,176204083
-266,-28,-2019,25088,176205330
-265,-28,-2017,25088,176206577
-261,-25,-2018,25600,176207824
-262,-31,-2021,25088,176209075
-262,-30,-2017,25600,176210326
-260,-29,-2015,25088,176211577
-264,-26,-2018,25088,176212828
-266,-25,-2016,25088,176214079
-265,-25,-2014,25600,176215330
-265,-26,-2020,25600,176216581
-265,-29,-2020,25088,176217832
-262,-30,-2014,25088,176219085
-264,-30,-2013,25600,176220338
-268,-29,-2012,25600,176221591
-264,-27,-2011,25088,176222844
-263,-24,-2016,25088,176224097
-262,-26,-2012,25088,176225350
-262,-31,-2015,25088,176226603
-264,-29,-2016,25600,176227856
-265,-24,-2016,25088,176229101
-266,-24,-2014,25088,176230346
-260,-23,-2012,25088,176231591
-258,-23,-2014,25600,176232836
-261,-23,-2015,25088,176234081
-264,-26,-2018,25088,176235326
-258,-26,-2020,25600,176236583
-258,-24,-2021,25088,176237840
-258,-26,-2022,25088,176239099
-263,-26,-2017,25088,176240358
-260,-28,-2017,25088,176241617
-262,-28,-2017,25088,176242876
-266,-32,-2014,25088,176244135
-266,-26,-2014,25088,176245394
-267,-28,-2014,25600,176246653
-262,-28,-2014,25600,176247912
-259,-28,-2014,25088,176249169
-256,-25,-2015,25088,176250426
-259,-24,-2016,25088,176251683
-265,-25,-2019,25088,176252940
-263,-29,-2014,25600,176254197
-263,-23,-2010,25600,176255454
-262,-24,-2012,25600,176256711
-257,-27,-2015,25600,176257968
-259,-26,-2019,25088,176259225
-264,-26,-2018,25088,176260482
-262,-28,-2016,25600,176261739
-262,-31,-2018,25088,176262998
-264,-30,-2016,25088,176264257
-263,-30,-2017,25088,176265516
-263,-29,-2017,25600,176266775
-268,-29,-2016,25088,176268034
-269,-26,-2015,25088,176269292
-264,-27,-2010,25600,176270550
-264,-24,-2014,25600,176271808
-264,-25,-2012,25088,176273066
-264,-23,-2015,25088,176274324
-264,-28,-2014,25600,176275582
-266,-24,-2012,25088,176276840
-261,-27,-2015,25088,176278098
-259,-29,-2015,25088,176279356
-262,-23,-2013,25088,176280614
-262,-23,-2017,25088,176281872
-262,-22,-2018,25088,176283130
-259,-25,-2016,25088,176284388
-263,-30,-2016,25088,176285646
-264,-31,-2016,25088,176286904
-261,-25,-2015,25088,176288162
-265,-30,-2013,25088,176289411
-262,-31,-2009,25600,176290660
-263,-31,-2015,25600,176291909
-262,-28,-2012,25600,176293158
-264,-26,-2011,25088,176294407
-268,-26,-2010,25600,176295656
-263,-28,-2015,25600,176296916
-258,-29,-2013,25088,176298176
-260,-27,-2010,25088,176299433
-263,-29,-2012,25600,176300690
-263,-29,-2013,25088,176301947
-264,-32,-2017,25600,176303205
-266,-27,-2013,25600,176304463
-263,-25,-2009,25088,176305721
-264,-23,-2017,25600,176306979
-262,-22,-2019,25088,176308237
-265,-23,-2019,25088,176309494
-264,-27,-2017,25088,176310751
-262,-28,-2010,25600,176312008
-262,-28,-2015,25600,176313265
-262,-26,-2016,25088,176314522
-264,-28,-2015,25600,176315779
-264,-24,-2014,25600,176317036
-262,-24,-2015,25600,176318293
-263,-27,-2017,25088,176319550
-264,-29,-2015,25600,176320807
-264,-26,-2017,25088,176322064
-261,-25,-2018,25088,176323321
-260,-25,-2018,25088,176324578
-260,-26,-2014,25088,176325835
-262,-25,-2011,25600,176327092
-264,-28,-2016,25088,176328349
-265,-25,-2019,25088,176329593
-262,-26,-2019,25088,176330837
-258,-24,-2015,25088,176332081
-259,-24,-2014,25088,176333325
-260,-27,-2016,25600,176334569
-261,-26,-2016,25088,176335813
-262,-28,-2012,25600,176337068
-265,-28,-2014,25088,176338323
-265,-29,-2013,25088,176339576
-262,-25,-2012,25600,176340829
-259,-24,-2013,25088,176342082
-261,-22,-2011,25600,176343335
-264,-24,-2017,25600,176344588
-262,-23,-2017,25600,176345841
-261,-27,-2012,25600,176347094
-264,-26,-2012,25600,176348347
-262,-29,-2016,25600,176349599
-262,-27,-2015,25600,176350851
-265,-31,-2011,25088,176352103
-262,-27,-2015,25088,176353355
-261,-29,-2016,25088,176354607
-261,-26,-2018,25088,176355859
-262,-24,-2014,25600,176357111
-258,-26,-2014,25088,176358363
-256,-31,-2016,25600,176359614
-260,-27,-2015,25600,176360865
-263,-24,-2010,25088,176362116
-262,-24,-2011,25088,176363367
-264,-25,-2016,25088,176364618
-265,-28,-2014,25600,176365869
-264,-27,-2014,25088,176367120
-260,-24,-2014,25600,176368371
-260,-25,-2013,25088,176369601
-261,-27,-2017,25088,176370849
-262,-23,-2014,25600,176372097
-261,-25,-2013,25600,176373345
-258,-28,-2014,25088,176374593
-262,-27,-2015,25088,176375841
-263,-26,-2013,25088,176377089
-266,-27,-2017,25088,176378337
-267,-25,-2019,25088,176379585
-265,-26,-2019,25600,176380833
-265,-27,-2017,25088,176382081
-265,-27,-2020,25088,176383329
-264,-24,-2016,25088,176384577
-268,-30,-2019,25088,176385825
-262,-23,-2022,25088,176387073
-264,-24,-2015,25088,176388321
-261,-25,-2014,25600,176389560
-259,-27,-2012,25088,176390799
-261,-29,-2012,25088,176392038
-261,-28,-2017,25600,176393277
-261,-28,-2020,25600,176394516
-263,-29,-2016,25088,176395755
-264,-24,-2011,25088,176396980
-266,-26,-2014,25088,176398205
-264,-29,-2016,25088,176399430
-261,-27,-2013,25088,176400676
-262,-24,-2016,25600,176401922
-266,-29,-2015,25600,176403140
-264,-29,-2016,25088,176404358
-262,-29,-2016,25088,176405576
-263,-30,-2020,25600,176406794
-265,-31,-2021,25088,176408012
-263,-27,-2016,25088,176409230
-260,-24,-2017,25088,176410451
-264,-25,-2017,25088,176411672
-264,-23,-2016,25600,176412893
-262,-25,-2017,25088,176414114
-264,-27,-2017,25600,176415335
-265,-28,-2018,25088,176416556
-265,-27,-2019,25088,176417777
-262,-24,-2021,25600,176418998
-266,-22,-2022,25600,176420221
-261,-27,-2016,25088,176421444
-262,-24,-2017,25088,176422667
-263,-26,-2019,25088,176423890
-266,-28,-2020,25088,176425113
-262,-26,-2019,25600,176426336
-264,-28,-2016,25088,176427559
-262,-29,-2014,25600,176428782
-262,-25,-2018,25088,176430022
-260,-28,-2014,25088,176431262
-267,-28,-2012,25600,176432502
-263,-25,-2012,25088,176433742
-263,-23,-2012,25088,176434982
-261,-25,-2014,25600,176436206
-263,-22,-2017,25600,176437430
-262,-25,-2012,25088,176438654
-266,-24,-2013,25600,176439878
-265,-28,-2014,25088,176441102
-268,-26,-2015,25088,176442326
-265,-27,-2019,25088,176443550
-264,-27,-2019,25088,176444774
-260,-27,-2016,25088,176445998
-259,-26,-2014,25088,176447222
-259,-28,-2013,25600,176448446
-264,-29,-2016,25600,176449672
-265,-28,-2014,25600,176450898
-261,-27,-2013,25088,176452124
-262,-32,-2013,25088,176453350
-263,-32,-2015,25088,176454576
-262,-29,-2015,25088,176455802
-258,-24,-2014,25088,176457028
-259,-25,-2011,25600,176458254
-262,-27,-2015,25088,176459481
-262,-30,-2016,25088,176460708
-265,-29,-2014,25088,176461935
-262,-26,-2021,25600,176463164
-262,-27,-2023,25088,176464393
-263,-28,-2019,25088,176465622
-267,-28,-2015,25600,176466851
-266,-27,-2015,25600,176468080
-263,-26,-2017,25088,176469313
-266,-27,-2017,25088,176470546
-261,-26,-2015,25088,176471779
-260,-29,-2016,25088,176473012
-258,-28,-2015,25088,176474245
-255,-27,-2016,25600,176475478
-260,-27,-2021,25088,176476711
-258,-29,-2016,25600,176477944
-261,-28,-2015,25600,176479181
-262,-31,-2017,25600,176480418
-262,-30,-2017,25088,176481655
-262,-27,-2017,25088,176482892
-263,-27,-2015,25088,176484129
-263,-27,-2017,25600,176485366
-260,-26,-2020,25600,176486603
-266,-23,-2019,25088,176487840
-263,-26,-2014,25600,176489095
-264,-32,-2016,25600,176490350
-267,-28,-2014,25600,176491605
-268,-30,-2020,25600,176492860
-263,-29,-2017,25088,176494115
-263,-26,-2012,25088,176495357
-265,-28,-2017,25088,176496599
-260,-29,-2014,25600,176497841
-262,-26,-2017,25088,176499082
-262,-24,-2018,25088,176500323
-261,-22,-2017,25088,176501564
-262,-26,-2017,25088,176502811
-262,-27,-2017,25088,176504058
-259,-23,-2017,25088,176505305
-263,-22,-2015,25088,176506552
-266,-26,-2014,25088,176507799
-264,-30,-2013,25088,176509049
-263,-33,-2013,25088,176510299
-266,-29,-2013,25600,176511549
-264,-30,-2014,25088,176512799
-259,-31,-2018,25088,176514049
-265,-30,-2017,25088,176515299
-266,-33,-2021,25088,176516549
-266,-26,-2020,25600,176517799
-260,-26,-2017,25600,176519051
-259,-22,-2015,25600,176520303
-259,-24,-2017,25088,176521555
-258,-24,-2020,25088,176522807
-260,-25,-2016,25088,176524059
-265,-25,-2017,25600,176525311
-265,-23,-2018,25600,176526563
-259,-22,-2018,25088,176527815
-261,-26,-2020,25088,176529061
-260,-29,-2021,25088,176530307
-260,-31,-2015,25088,176531553
-261,-31,-2016,25088,176532799
-262,-28,-2013,25600,176534045
-266,-27,-2012,25088,176535291
-264,-25,-2016,25600,176536549
-263,-25,-2017,25088,176537807
-267,-29,-2015,25088,176539066
-266,-27,-2018,25088,176540325
-265,-25,-2020,25088,176541584
-265,-25,-2016,25088,176542843
-262,-21,-2015,25088,176544102
-261,-27,-2016,25088,176545361
-262,-26,-2017,25088,176546620
-258,-24,-2015,25600,176547879
-261,-23,-2018,25088,176549137
-263,-27,-2020,25088,176550395
-261,-26,-2017,25088,176551653
-259,-24,-2018,25600,176552911
-260,-22,-2021,25600,176554169
-258,-23,-2017,25600,176555427
-258,-24,-2013,25600,176556685
-260,-28,-2013,25088,176557943
-263,-29,-2017,25600,176559200
-258,-24,-2020,25088,176560457
-261,-23,-2017,25600,176561714
-263,-26,-2020,25088,176562973
-266,-27,-2014,25088,176564232
-261,-28,-2012,25088,176565491
-263,-27,-2014,25088,176566750
-264,-29,-2016,25088,176568009
-260,-28,-2013,25600,176569268
-262,-21,-2013,25600,176570527
-261,-21,-2015,25600,176571786
-260,-25,-2017,25600,176573045
-260,-27,-2017,25088,176574304
-260,-27,-2018,25600,176575563
-264,-27,-2019,25600,176576822
-263,-26,-2016,25088,176578081
-264,-27,-2016,25088,176579339
-260,-26,-2015,25088,176580597
-259,-26,-2014,25600,176581855
-260,-27,-2014,25600,176583113
-260,-26,-2015,25088,176584371
-260,-27,-2017,25600,176585629
-259,-26,-2015,25088,176586887
-261,-28,-2015,25600,176588145
-258,-30,-2023,25088,176589395
-262,-29,-2023,25600,176590645
-264,-27,-2014,25088,176591895
-262,-31,-2015,25088,176593145
-266,-27,-2015,25600,176594395
-261,-25,-2017,25088,176595645
-261,-25,-2011,25600,176596906
-261,-26,-2013,25088,176598167
-262,-27,-2011,25600,176599425
-262,-25,-2014,25088,176600683
-263,-29,-2016,25600,176601941
-265,-27,-2019,25600,176603199
-261,-26,-2014,25600,176604457
-263,-27,-2015,25600,176605715
-266,-29,-2020,25088,176606973
-262,-27,-2020,25600,176608231
-262,-27,-2016,25088,176609488
-265,-28,-2018,25088,176610745
-264,-26,-2012,25088,176612002
-266,-28,-2015,25088,176613259
-262,-25,-2020,25600,176614516
-262,-26,-2017,25088,176615773
-264,-23,-2013,25088,176617030
-263,-22,-2014,25600,176618287
-263,-22,-2008,25088,176619544
-261,-27,-2010,25088,176620801
-263,-28,-2013,25600,176622058
-260,-24,-2017,25088,176623315
-261,-19,-2016,25088,176624572
-263,-20,-2017,25088,176625829
-263,-21,-2013,25600,176627086
-262,-26,-2015,25088,176628343
-263,-25,-2022,25088,176629587
-261,-25,-2021,25088,176630831
-261,-24,-2017,25088,176632075
-265,-25,-2016,25088,176633319
-263,-26,-2016,25600,176634563
-263,-31,-2013,25088,176635807
-263,-28,-2015,25088,176637061
-262,-27,-2018,25088,176638315
-261,-28,-2018,25600,176639568
-262,-29,-2017,25600,176640821
-258,-27,-2017,25600,176642074
-260,-29,-2020,25088,176643327
-266,-29,-2020,25088,176644580
-267,-28,-2013,25088,176645833
-265,-25,-2013,25600,176647086
-262,-25,-2015,25600,176648339
-259,-26,-2017,25088,176649591
-262,-26,-2015,25088,176650843
-264,-29,-2015,25088,176652095
-262,-35,-2014,25088,176653347
-261,-33,-2014,25088,176654599
-265,-28,-2012,25600,176655851
-267,-29,-2015,25088,176657103
-265,-34,-2014,25600,176658355
-264,-28,-2016,25088,176659605
-267,-31,-2013,25600,176660855
-266,-27,-2014,25600,176662105
-263,-30,-2019,25088,176663356
-265,-24,-2019,25600,176664607
-262,-24,-2019,25600,176665858
-263,-28,-2016,25600,176667109
-266,-26,-2015,25600,176668360
-264,-24,-2018,25088,176669590
-263,-24,-2017,25088,176670839
-262,-30,-2012,25600,176672088
-260,-29,-2014,25088,176673337
-261,-31,-2011,25088,176674586
-264,-27,-2011,25600,176675835
-262,-25,-2014,25600,176677084
-259,-24,-2018,25600,176678333
-259,-23,-2020,25600,176679581
-265,-26,-2017,25088,176680829
-266,-26,-2015,25088,176682077
-267,-25,-2015,25088,176683325
-265,-25,-2016,25600,176684573
-265,-27,-2020,25088,176685821
-262,-29,-2017,25600,176687069
-261,-25,-2013,25088,176688317
-257,-28,-2013,25600,176689556
-261,-24,-2013,25088,176690795
-260,-24,-2013,25088,176692034
-259,-23,-2015,25600,176693273
-264,-30,-2014,25600,176694512
-263,-31,-2019,25088,176695751
-262,-28,-2015,25600,176697001
-261,-26,-2015,25088,176698251
-263,-27,-2011,25088,176699498
-264,-30,-2015,25600,176700745
-264,-29,-2015,25600,176701992
-263,-26,-2016,25600,176703240
-261,-27,-2015,25600,176704488
-258,-27,-2008,25088,176705736
-259,-26,-2004,25088,176706984
-259,-22,-2009,25088,176708232
-260,-23,-2011,25088,176709453
-258,-27,-2012,25088,176710674
-260,-29,-2014,25088,176711895
-259,-30,-2016,25088,176713116
-261,-30,-2017,25600,176714337
-261,-25,-2011,25600,176715558
-264,-25,-2016,25600,176716779
-265,-28,-2016,25088,176718000
-264,-27,-2014,25600,176719221
-261,-27,-2013,25088,176720445
-266,-27,-2013,25600,176721669
-263,-25,-2014,25088,176722893
-265,-29,-2015,25088,176724117
-264,-25,-2018,25088,176725341
-262,-25,-2018,25600,176726565
-264,-26,-2018,25088,176727789
-263,-26,-2017,25088,176729013
-260,-23,-2015,25600,176730253
-262,-26,-2017,25088,176731493
-263,-24,-2018,25088,176732733
-261,-25,-2016,25088,176733973
-258,-22,-2018,25088,176735213
-261,-21,-2019,25600,176736437
-263,-25,-2016,25088,176737661
-266,-24,-2011,25088,176738885
-266,-28,-2012,25600,176740109
-258,-29,-2014,25088,176741333
-262,-28,-2017,25088,176742557
-266,-27,-2021,25088,176743781
-263,-28,-2018,25088,176745005
-262,-29,-2017,25088,176746229
-263,-27,-2018,25088,176747453
-264,-25,-2017,25088,176748677
-266,-26,-2017,25088,176749903
-262,-24,-2016,25088,176751129
-260,-26,-2018,25088,176752355
-261,-27,-2017,25600,176753581
-264,-30,-2016,25088,176754807
-268,-30,-2018,25088,176756033
-262,-25,-2018,25088,176757259
-255,-26,-2016,25088,176758485
-261,-27,-2017,25088,176759709
-263,-28,-2014,25088,176760933
-266,-28,-2018,25088,176762157
-265,-27,-2018,25600,176763385
-263,-24,-2016,25088,176764613
-262,-27,-2019,25088,176765841
-260,-29,-2016,25088,176767069
-257,-30,-2017,25088,176768297
-258,-29,-2014,25088,176769526
-259,-28,-2012,25088,176770755
-263,-30,-2010,25088,176771984
-264,-27,-2013,25088,176773213
-260,-24,-2014,25600,176774442
-265,-25,-2022,25600,176775671
-268,-31,-2019,25088,176776900
-266,-25,-2016,25600,176778129
-262,-27,-2016,25600,176779362
-264,-26,-2015,25600,176780595
-264,-27,-2012,25088,176781828
-260,-28,-2014,25088,176783061
-261,-28,-2018,25600,176784294
-262,-35,-2016,25088,176785527
-265,-32,-2015,25088,176786760
-263,-28,-2017,25600,176787993
-265,-29,-2017,25088,176789243
-262,-31,-2018,25088,176790493
-263,-29,-2015,25600,176791743
-267,-28,-2013,25600,176792993
-269,-31,-2017,25088,176794243
-267,-26,-2014,25600,176795480
-266,-24,-2011,25088,176796717
-266,-22,-2013,25088,176797954
-267,-26,-2012,25600,176799191
-260,-30,-2013,25088,176800428
-260,-30,-2014,25600,176801665
-260,-28,-2011,25088,176802907
-265,-24,-2014,25088,176804149
-259,-25,-2016,25088,176805391
-261,-25,-2016,25088,176806633
-259,-24,-2015,25088,176807875
-261,-25,-2014,25600,176809121
-263,-27,-2014,25600,176810367
-263,-30,-2017,25088,176811613
-262,-27,-2015,25088,176812859
-266,-25,-2013,25088,176814105
-262,-23,-2012,25088,176815351
-259,-24,-2014,25088,176816597
-258,-28,-2016,25600,176817843
-261,-28,-2014,25088,176819091
-261,-27,-2010,25600,176820339
-263,-27,-2012,25088,176821587
-266,-30,-2016,25088,176822835
-265,-28,-2016,25088,176824083
-262,-28,-2016,25088,176825331
-258,-28,-2014,25088,176826579
-260,-30,-2017,25600,176827827
-263,-30,-2018,25600,176829068
-262,-27,-2022,25600,176830309
-262,-29,-2015,25600,176831550
-260,-29,-2015,25600,176832791
-262,-28,-2015,25088,176834032
-262,-27,-2016,25088,176835273
-259,-26,-2015,25088,176836527
-264,-29,-2013,25088,176837781
-261,-24,-2011,25088,176839037
-258,-27,-2013,25088,176840293
-261,-27,-2015,25600,176841549
-261,-27,-2015,25088,176842805
-267,-24,-2015,25600,176844061
-265,-25,-2016,25088,176845317
-264,-26,-2015,25088,176846573
-261,-25,-2016,25600,176847829
-262,-24,-2015,25088,176849084
-261,-26,-2015,25088,176850339
-264,-25,-2016,25600,176851594
-265,-26,-2020,25600,176852849
-263,-26,-2020,25088,176854104
-264,-27,-2016,25088,176855359
-262,-27,-2014,25088,176856614
-261,-27,-2013,25600,176857869
-264,-28,-2017,25600,176859124
-265,-28,-2015,25088,176860379
-262,-31,-2016,25088,176861634
-261,-28,-2021,25600,176862891
-259,-25,-2017,25088,176864148
-261,-25,-2016,25088,176865405
-260,-28,-2016,25088,176866662
-261,-29,-2014,25088,176867919
-263,-27,-2015,25088,176869176
-261,-29,-2017,25088,176870433
-264,-30,-2011,25088,176871690
-262,-29,-2014,25088,176872947
-261,-25,-2019,25600,176874204
-258,-25,-2017,25600,176875461
-262,-24,-2013,25600,176876718
-264,-23,-2013,25600,176877975
-262,-21,-2015,25088,176879232
-263,-29,-2016,25088,176880489
-265,-29,-2016,25088,176881746
-263,-26,-2019,25088,176883003
-260,-24,-2023,25088,176884260
-263,-27,-2019,25088,176885517
-261,-28,-2017,25600,176886774
-259,-26,-2012,25088,176888031
-261,-26,-2014,25600,176889293
-259,-28,-2015,25600,176890555
-261,-25,-2019,25600,176891817
-260,-27,-2018,25088,176893079
-259,-28,-2015,25088,176894341
-259,-30,-2011,25600,176895603
-256,-28,-2016,25600,176896864
-259,-28,-2019,25088,176898125
-262,-27,-2019,25600,176899384
-264,-31,-2019,25600,176900643
-262,-27,-2018,25600,176901902
-265,-26,-2018,25088,176903161
-264,-27,-2016,25088,176904420
-266,-27,-2013,25088,176905679
-260,-25,-2019,25600,176906938
-262,-26,-2019,25088,176908197
-265,-30,-2018,25088,176909455
-260,-29,-2014,25088,176910713
-260,-31,-2012,25600,176911971
-262,-29,-2017,25600,176913229
-264,-26,-2016,25600,176914487
-260,-27,-2016,25600,176915745
-258,-27,-2015,25600,176917003
-257,-29,-2017,25088,176918261
-260,-30,-2015,25088,176919519
-261,-25,-2014,25088,176920777
-263,-22,-2010,25600,176922035
-265,-25,-2012,25600,176923293
-262,-27,-2010,25088,176924551
-263,-26,-2012,25600,176925809
-263,-30,-2018,25600,176927067
-260,-28,-2015,25600,176928325
-256,-26,-2020,25088,176929580
-259,-28,-2015,25088,176930835
-259,-30,-2015,25088,176932090
-261,-32,-2017,25088,176933345
-265,-31,-2016,25088,176934600
-261,-29,-2013,25088,176935855
-262,-29,-2016,25088,176937112
-260,-25,-2016,25088,176938369
-261,-26,-2013,25088,176939624
-265,-28,-2014,25088,176940879
-261,-30,-2013,25088,176942134
-261,-29,-2015,25088,176943389
-262,-26,-2016,25088,176944644
-262,-26,-2017,25600,176945899
-263,-27,-2017,25600,176947154
-261,-27,-2017,25600,176948409
-259,-27,-2013,25088,176949662
-259,-28,-2016,25088,176950915
-262,-26,-2014,25088,176952168
-265,-25,-2017,25600,176953421
-261,-32,-2018,25088,176954674
-261,-33,-2015,25600,176955927
-259,-32,-2017,25088,176957180
-257,-28,-2018,25088,176958433
-258,-28,-2021,25088,176959686
-264,-28,-2019,25088,176960939
-263,-30,-2017,25600,176962192
-263,-25,-2014,25088,176963445
-262,-27,-2014,25600,176964698
-264,-30,-2014,25088,176965951
-263,-29,-2017,25088,176967204
-262,-28,-2011,25600,176968457
-260,-28,-2013,25600,176969698
-266,-28,-2015,25600,176970949
-266,-29,-2013,25088,176972200
-263,-27,-2015,25088,176973451
-263,-25,-2015,25600,176974702
-263,-22,-2014,25600,176975953
-264,-24,-2015,25088,176977204
-259,-26,-2014,25088,176978455
-261,-28,-2013,25088,176979705
-263,-29,-2010,25088,176980955
-263,-30,-2013,25600,176982205
-259,-29,-2014,25088,176983455
-266,-28,-2016,25600,176984705
-267,-28,-2017,25600,176985955
-262,-27,-2016,25600,176987205
-259,-25,-2013,25088,176988455
-262,-28,-2014,25600,176989705
-262,-31,-2017,25088,176990955
-261,-30,-2017,25088,176992205
-263,-32,-2019,25088,176993455
-265,-29,-2017,25088,176994705
-265,-29,-2015,25600,176995955
-267,-29,-2018,25600,176997205
-268,-28,-2017,25600,176998455
-266,-29,-2014,25600,176999703
-263,-29,-2014,25600,177000951
-263,-31,-2014,25600,177002199
-259,-29,-2013,25088,177003447
-261,-27,-2010,25088,177004695
-263,-28,-2013,25600,177005943
-262,-27,-2016,25088,177007191
-261,-30,-2016,25600,177008439
-263,-28,-2015,25600,177009665
-263,-26,-2014,25600,177010891
-262,-28,-2014,25088,177012117
-259,-23,-2016,25088,177013343
-255,-26,-2014,25600,177014569
-253,-25,-2018,25088,177015795
-259,-24,-2015,25088,177017021
-261,-28,-2014,25600,177018247
-261,-27,-2014,25600,177019473
-260,-26,-2019,25088,177020700
-262,-26,-2016,25088,177021927
-262,-26,-2016,25088,177023154
-264,-25,-2021,25088,177024381
-266,-27,-2022,25088,177025608
-265,-26,-2013,25088,177026835
-262,-26,-2016,25088,177028062
-263,-26,-2018,25088,177029289
-264,-26,-2015,25088,177030527
-263,-30,-2019,25088,177031765
-261,-28,-2017,25088,177033003
-266,-30,-2011,25088,177034241
-265,-29,-2015,25088,177035479
-263,-28,-2016,25088,177036704
-263,-29,-2016,25600,177037929
-261,-29,-2017,25088,177039154
-266,-26,-2019,25600,177040379
-263,-27,-2018,25600,177041604
-260,-28,-2018,25600,177042829
-261,-29,-2019,25088,177044054
-265,-25,-2017,25088,177045279
-265,-27,-2020,25088,177046504
-263,-27,-2021,25088,177047729
-262,-28,-2020,25088,177048954
-265,-29,-2019,25088,177050179
-261,-31,-2014,25088,177051404
-259,-28,-2013,25088,177052629
-264,-26,-2013,25600,177053854
-262,-28,-2015,25088,177055079
-262,-31,-2018,25088,177056304
-265,-28,-2017,25088,177057529
-261,-22,-2017,25088,177058754
-261,-26,-2016,25088,177059979
-261,-29,-2015,25088,177061204
-261,-25,-2015,25088,177062429
-259,-25,-2019,25088,177063654
-261,-29,-2017,25088,177064879
-263,-28,-2016,25088,177066104
-259,-28,-2020,25088,177067329
-264,-27,-2018,25088,177068554
-264,-28,-2012,25600,177069782
-262,-31,-2011,25088,177071010
-265,-28,-2013,25088,177072238
-262,-22,-2018,25088,177073466
-258,-24,-2018,25600,177074694
-261,-29,-2016,25600,177075922
-261,-30,-2011,25088,177077150
-258,-28,-2011,25088,177078378
-262,-24,-2017,25088,177079606
-265,-23,-2017,25088,177080834
-263,-22,-2016,25600,177082062
-261,-24,-2012,25088,177083290
-260,-25,-2011,25600,177084518
-260,-29,-2014,25600,177085746
-257,-29,-2017,25088,177086974
-263,-31,-2017,25088,177088202
-263,-30,-2014,25088,177089434
-261,-28,-2011,25088,177090666
-262,-27,-2011,25600,177091898
-263,-26,-2015,25600,177093130
-267,-31,-2020,25600,177094362
-266,-31,-2018,25088,177095594
-262,-30,-2019,25088,177096826
-262,-32,-2017,25088,177098058
-265,-29,-2017,25088,177099289
-265,-26,-2015,25088,177100520
-263,-28,-2017,25600,177101751
-259,-28,-2021,25088,177102985
-263,-26,-2018,25088,177104219
-263,-28,-2013,25088,177105453
-263,-30,-2014,25088,177106687
-262,-30,-2014,25600,177107921
-262,-28,-2016,25088,177109158
-264,-30,-2014,25600,177110395
-264,-26,-2015,25088,177111632
-261,-28,-2017,25088,177112869
-261,-27,-2020,25088,177114106
-262,-28,-2021,25088,177115343
-262,-28,-2018,25088,177116580
-262,-28,-2014,25088,177117817
-260,-25,-2015,25088,177119057
-265,-26,-2014,25088,177120297
-264,-29,-2014,25088,177121537
-262,-28,-2011,25600,177122777
-263,-26,-2018,25600,177124017
-261,-30,-2019,25088,177125257
-265,-29,-2018,25088,177126497
-261,-30,-2014,25088,177127737
-263,-25,-2012,25088,177128972
-259,-25,-2017,25088,177130207
-264,-28,-2021,25088,177131442
-266,-29,-2018,25600,177132677
-265,-27,-2017,25600,177133912
-264,-28,-2015,25088,177135147
-261,-23,-2017,25600,177136393
-262,-28,-2019,25600,177137639
-260,-26,-2014,25088,177138888
-261,-27,-2016,25600,177140137
-262,-29,-2013,25600,177141386
-261,-32,-2013,25600,177142635
-261,-29,-2012,25088,177143884
-265,-28,-2014,25088,177145133
-265,-30,-2021,25600,177146382
-262,-28,-2017,25600,177147631
-265,-27,-2020,25088,177148882
-262,-26,-2014,25600,177150133
-259,-25,-2014,25088,177151384
-259,-27,-2018,25088,177152635
-264,-25,-2017,25088,177153886
-261,-27,-2019,25088,177155137
-261,-31,-2018,25088,177156388
-265,-31,-2018,25600,177157639
-264,-26,-2020,25088,177158893
-263,-25,-2014,25088,177160147
-265,-29,-2008,25088,177161401
-265,-30,-2012,25088,177162655
-262,-28,-2011,25600,177163909
-260,-28,-2011,25088,177165163
-264,-30,-2014,25088,177166417
-265,-30,-2017,25088,177167671
-262,-29,-2018,25600,177168915
-263,-33,-2013,25600,177170172
-265,-30,-2015,25600,177171429
-265,-27,-2019,25088,177172686
-263,-28,-2019,25600,177173943
-262,-29,-2013,25600,177175200
-263,-28,-2016,25088,177176457
-263,-28,-2018,25088,177177714
-266,-28,-2019,25600,177178972
-262,-26,-2020,25600,177180230
-263,-28,-2014,25088,177181488
-261,-28,-2015,25600,177182746
-260,-28,-2016,25088,177184004
-263,-27,-2014,25600,177185262
-265,-28,-2017,25600,177186520
-265,-27,-2017,25088,177187778
-263,-25,-2017,25088,177189038
-262,-28,-2019,25088,177190298
-262,-29,-2015,25088,177191558
-263,-29,-2013,25088,177192818
-261,-28,-2016,25088,177194078
-261,-31,-2021,25600,177195338
-262,-31,-2017,25088,177196598
-260,-28,-2015,25088,177197858
-263,-28,-2015,25600,177199119
-265,-28,-2018,25088,177200380
-264,-26,-2017,25088,177201641
-262,-27,-2018,25088,177202903
-260,-26,-2020,25088,177204165
-261,-29,-2015,25088,177205427
-266,-27,-2014,25600,177206689
-265,-27,-2017,25088,177207951
-266,-29,-2015,25600,177209213
-264,-26,-2019,25088,177210475
-266,-27,-2017,25088,177211737
-263,-25,-2015,25088,177212999
-262,-23,-2018,25088,177214261
-262,-24,-2017,25088,177215523
-263,-29,-2014,25600,177216785
-262,-28,-2019,25600,177218047
-264,-27,-2019,25600,177219309
-262,-29,-2012,25600,177220571
-264,-30,-2010,25600,177221833
-266,-31,-2017,25088,177223095
-262,-27,-2019,25600,177224357
-260,-27,-2018,25088,177225619
-263,-29,-2020,25600,177226881
-262,-28,-2015,25088,177228143
-263,-31,-2013,25088,177229409
-264,-28,-2012,25088,177230675
-262,-27,-2017,25088,177231941
-262,-27,-2015,25088,177233207
-262,-23,-2018,25088,177234473
-263,-24,-2019,25088,177235739
-264,-26,-2012,25600,177237001
-265,-27,-2013,25088,177238263
-261,-26,-2013,25088,177239524
-259,-25,-2014,25088,177240785
-261,-25,-2014,25600,177242046
-263,-25,-2015,25088,177243307
-264,-29,-2019,25088,177244568
-262,-30,-2018,25088,177245829
-259,-26,-2016,25088,177247090
-260,-28,-2014,25088,177248351
-261,-28,-2011,25088,177249610
-264,-28,-2016,25088,177250869
-262,-23,-2017,25600,177252128
-261,-27,-2017,25600,177253387
-260,-31,-2013,25088,177254646
-261,-32,-2015,25088,177255905
-260,-27,-2018,25600,177257164
-262,-26,-2019,25600,177258423
-264,-28,-2017,25088,177259681
-262,-29,-2019,25088,177260939
-262,-30,-2015,25088,177262197
-260,-27,-2016,25600,177263455
-264,-21,-2015,25088,177264713
-265,-25,-2014,25088,177265971
-261,-28,-2018,25600,177267229
-260,-31,-2014,25600,177268487
-259,-32,-2014,25088,177269733
-259,-28,-2015,25088,177270989
-265,-25,-2014,25088,177272245
-264,-22,-2012,25088,177273501
-261,-27,-2016,25088,177274757
-263,-28,-2014,25600,177276013
-263,-30,-2012,25600,177277269
-268,-27,-2016,25600,177278525
-267,-26,-2015,25088,177279779
-267,-28,-2020,25088,177281033
-267,-25,-2016,25600,177282287
-267,-26,-2017,25088,177283541
-265,-25,-2017,25088,177284795
-263,-24,-2017,25088,177286049
-267,-21,-2021,25600,177287303
-262,-24,-2019,25088,177288557
-262,-24,-2015,25088,177289810
-265,-25,-2011,25600,177291063
-267,-28,-2012,25600,177292316
-263,-28,-2015,25088,177293569
-261,-29,-2014,25088,177294822
-258,-29,-2016,25600,177296075
-257,-29,-2017,25088,177297328
-261,-24,-2017,25600,177298581
-264,-27,-2015,25088,177299830
-265,-27,-2017,25088,177301079
-264,-31,-2013,25600,177302328
-267,-33,-2017,25088,177303579
-264,-33,-2016,25088,177304830
-261,-29,-2014,25088,177306081
-265,-27,-2020,25088,177307332
-263,-25,-2020,25088,177308583
-261,-26,-2015,25088,177309810
-260,-21,-2014,25600,177311037
-264,-26,-2015,25600,177312264
-262,-28,-2014,25600,177313491
-262,-25,-2018,25088,177314718
-262,-25,-2016,25600,177315945
-260,-25,-2016,25600,177317172
-264,-26,-2013,25600,177318399
-263,-26,-2014,25600,177319626
-260,-29,-2013,25088,177320852
-264,-29,-2013,25088,177322078
-265,-30,-2019,25088,177323304
-264,-28,-2018,25600,177324530
-259,-26,-2016,25600,177325756
-259,-25,-2015,25600,177326982
-261,-26,-2018,25600,177328208
-262,-29,-2017,25088,177329434
-266,-28,-2019,25600,177330671
-268,-29,-2015,25600,177331908
-263,-29,-2016,25600,177333145
-264,-26,-2018,25088,177334382
-263,-23,-2018,25088,177335619
-260,-27,-2015,25600,177336846
-265,-25,-2015,25088,177338073
-263,-22,-2018,25088,177339300
-260,-29,-2023,25600,177340524
-260,-29,-2019,25088,177341748
-264,-29,-2017,25088,177342972
-259,-22,-2018,25088,177344196
-263,-23,-2018,25088,177345420
-265,-27,-2016,25088,177346644
-263,-27,-2016,25088,177347868
-264,-26,-2017,25088,177349092
-264,-27,-2021,25088,177350315
-266,-32,-2019,25088,177351538
-268,-32,-2016,25088,177352761
-265,-23,-2016,25600,177353984
-260,-25,-2020,25088,177355207
-261,-23,-2017,25088,177356430
-261,-24,-2020,25088,177357653
-263,-25,-2019,25088,177358876
-258,-32,-2018,25088,177360099
-257,-28,-2016,25088,177361322
-254,-27,-2016,25600,177362545
-257,-29,-2013,25088,177363768
-263,-31,-2015,25088,177364991
-263,-26,-2019,25088,177366214
-267,-25,-2018,25088,177367437
-265,-25,-2016,25088,177368660
-262,-23,-2020,25088,177369885
-264,-26,-2017,25600,177371110
-262,-26,-2017,25088,177372335
-261,-24,-2014,25088,177373560
-259,-28,-2019,25088,177374785
-257,-29,-2016,25088,177376010
-259,-27,-2015,25600,177377235
-259,-28,-2015,25088,177378460
-260,-25,-2014,25600,177379686
-261,-29,-2014,25600,177380912
-261,-30,-2014,25600,177382138
-263,-28,-2017,25600,177383364
-265,-29,-2020,25088,177384590
-263,-28,-2019,25600,177385816
-266,-24,-2020,25600,177387042
-264,-29,-2019,25088,177388268
-264,-29,-2022,25088,177389498
-265,-26,-2016,25088,177390728
-263,-27,-2014,25088,177391958
-267,-25,-2018,25088,177393188
-259,-27,-2017,25600,177394418
-262,-28,-2018,25600,177395648
-261,-30,-2016,25600,177396878
-259,-31,-2018,25600,177398108
-263,-26,-2018,25088,177399344
-263,-29,-2018,25600,177400580
-264,-29,-2020,25600,177401816
-264,-22,-2019,25088,177403048
-264,-23,-2017,25088,177404280
-263,-24,-2017,25088,177405512
-264,-26,-2017,25600,177406744
-265,-27,-2017,25088,177407976
-260,-25,-2017,25088,177409210
-260,-28,-2017,25600,177410444
-261,-28,-2019,25088,177411678
-259,-24,-2019,25088,177412912
-259,-26,-2015,25088,177414146
-260,-24,-2018,25088,177415380
-266,-27,-2026,25600,177416614
-265,-28,-2019,25088,177417848
-265,-24,-2016,25088,177419086
-261,-27,-2018,25088,177420324
-268,-24,-2017,25088,177421562
-268,-26,-2018,25600,177422800
-266,-28,-2017,25600,177424038
-263,-27,-2017,25600,177425276
-260,-31,-2012,25088,177426514
-263,-29,-2013,25600,177427752
-264,-27,-2016,25088,177428989
-264,-29,-2013,25088,177430226
-261,-28,-2014,25088,177431463
-265,-27,-2015,25088,177432700
-263,-25,-2016,25600,177433937
-267,-24,-2018,25088,177435174
-262,-29,-2014,25088,177436418
-260,-25,-2015,25088,177437662
-262,-25,-2018,25088,177438909
-261,-27,-2021,25088,177440156
-268,-24,-2019,25088,177441403
-267,-23,-2016,25600,177442650
-265,-25,-2020,25088,177443897
-266,-26,-2020,25088,177445144
-265,-25,-2017,25088,177446391
-260,-26,-2011,25088,177447638
-263,-29,-2013,25600,177448888
-264,-30,-2015,25088,177450138
-259,-27,-2015,25088,177451388
-257,-27,-2018,25088,177452638
-260,-26,-2015,25088,177453888
-266,-28,-2021,25600,177455138
-262,-28,-2014,25600,177456388
-261,-26,-2012,25088,177457638
-263,-25,-2015,25600,177458891
-265,-25,-2022,25600,177460144
-264,-24,-2022,25600,177461397
-258,-27,-2022,25088,177462650
-260,-28,-2019,25088,177463903
-261,-27,-2014,25088,177465156
-265,-24,-2015,25600,177466409
-262,-25,-2015,25600,177467662
-263,-24,-2013,25088,177468905
-262,-27,-2016,25088,177470161
-264,-26,-2012,25600,177471417
-261,-27,-2015,25088,177472673
-260,-24,-2021,25088,177473929
-258,-27,-2019,25600,177475185
-262,-28,-2008,25600,177476441
-261,-27,-2012,25088,177477697
-264,-25,-2014,25088,177478955
-267,-26,-2016,25088,177480213
-261,-24,-2015,25088,177481471
-264,-23,-2014,25600,177482729
-260,-26,-2019,25600,177483987
-263,-28,-2018,25088,177485245
-262,-26,-2017,25088,177486503
-262,-27,-2016,25088,177487761
-261,-24,-2013,25600,177489021
-260,-24,-2019,25088,177490281
-260,-25,-2018,25600,177491541
-258,-28,-2019,25088,177492801
-262,-28,-2018,25088,177494061
-266,-30,-2016,25088,177495321
-268,-27,-2017,25088,177496581
-266,-28,-2013,25600,177497841
-260,-23,-2013,25600,177499101
-256,-26,-2016,25088,177500361
-261,-26,-2011,25600,177501621
-262,-27,-2016,25088,177502882
-262,-28,-2017,25088,177504143
-262,-29,-2016,25600,177505404
-262,-28,-2015,25088,177506665
-263,-33,-2017,25088,177507926
-263,-28,-2016,25600,177509188
-264,-25,-2012,25600,177510450
-264,-26,-2014,25600,177511712
-265,-23,-2021,25088,177512974
-264,-26,-2018,25600,177514236
-265,-30,-2018,25600,177515498
-258,-28,-2017,25600,177516760
-255,-27,-2019,25088,177518022
-257,-25,-2015,25600,177519284
-261,-24,-2013,25088,177520546
-263,-29,-2012,25088,177521808
-261,-28,-2016,25088,177523070
-258,-29,-2013,25088,177524332
-258,-31,-2014,25088,177525594
-260,-32,-2013,25600,177526856
-260,-28,-2012,25088,177528118
-259,-23,-2011,25088,177529371
-263,-28,-2012,25600,177530624
-265,-26,-2010,25088,177531877
-266,-28,-2015,25088,177533130
-264,-30,-2018,25600,177534383
-262,-25,-2019,25088,177535636
-263,-26,-2019,25600,177536898
-261,-30,-2015,25088,177538160
-264,-30,-2017,25088,177539421
-260,-24,-2013,25600,177540682
-261,-24,-2014,25600,177541943
-259,-30,-2024,25088,177543204
-261,-30,-2019,25088,177544465
-266,-27,-2015,25088,177545726
-263,-25,-2014,25088,177546987
-263,-26,-2014,25088,177548248
-263,-26,-2016,25088,177549507
-262,-27,-2015,25088,177550766
-258,-32,-2015,25088,177552025
-257,-29,-2009,25088,177553284
-264,-25,-2012,25088,177554543
-265,-28,-2013,25600,177555802
-264,-28,-2010,25600,177557061
-259,-27,-2015,25088,177558320
-258,-30,-2015,25088,177559578
-262,-27,-2016,25088,177560836
-266,-25,-2014,25600,177562094
-262,-22,-2017,25600,177563352
-263,-26,-2017,25600,177564610
-263,-27,-2022,25600,177565868
-261,-23,-2019,25088,177567126
-262,-26,-2017,25088,177568384
-265,-25,-2015,25088,177569631
-263,-27,-2015,25600,177570888
-264,-27,-2016,25088,177572145
-268,-26,-2013,25088,177573402
-262,-29,-2020,25088,177574659
-261,-28,-2016,25600,177575916
-259,-24,-2015,25600,177577173
-263,-26,-2012,25088,177578430
-260,-24,-2015,25088,177579684
-261,-24,-2019,25088,177580938
-262,-25,-2017,25600,177582192
-266,-26,-2016,25088,177583446
-263,-22,-2015,25600,177584700
-262,-25,-2013,25600,177585954
-263,-24,-2015,25600,177587208
-260,-22,-2017,25088,177588462
-258,-24,-2015,25600,177589716
-260,-25,-2011,25600,177590970
-265,-27,-2015,25088,177592224
-262,-26,-2017,25600,177593478
-262,-27,-2016,25088,177594732
-261,-24,-2016,25088,177595986
-262,-27,-2015,25088,177597240
-261,-30,-2017,25600,177598494
-260,-26,-2020,25088,177599727
-260,-25,-2018,25600,177600960
-257,-23,-2015,25088,177602193
-261,-24,-2017,25088,177603426
-263,-27,-2016,25088,177604678
-262,-27,-2018,25088,177605930
-265,-22,-2019,25088,177607182
-265,-27,-2019,25088,177608434
-265,-32,-2017,25088,177609685
-263,-33,-2017,25088,177610936
-263,-35,-2017,25088,177612187
-265,-29,-2016,25088,177613438
-267,-29,-2017,25088,177614689
-263,-27,-2016,25600,177615940
-264,-26,-2014,25600,177617191
-264,-25,-2014,25088,177618442
-265,-22,-2016,25600,177619670
-265,-29,-2011,25600,177620898
-263,-27,-2010,25088,177622126
-260,-24,-2018,25088,177623354
-260,-25,-2016,25088,177624582
-261,-24,-2017,25088,177625810
-262,-25,-2015,25600,177627038
-263,-29,-2018,25600,177628266
-261,-29,-2020,25088,177629494
-262,-28,-2016,25088,177630733
-260,-27,-2017,25600,177631972
-260,-28,-2017,25600,177633211
-257,-32,-2019,25088,177634450
-257,-32,-2016,25600,177635689
-259,-27,-2017,25088,177636916
-264,-27,-2023,25088,177638143
-265,-27,-2016,25088,177639370
-263,-23,-2023,25600,177640596
-258,-24,-2019,25600,177641822
-263,-29,-2017,25088,177643048
-264,-29,-2019,25088,177644274
-263,-27,-2017,25600,177645500
-262,-30,-2018,25600,177646726
-263,-27,-2014,25088,177647952
-263,-27,-2015,25088,177649178
-261,-27,-2015,25088,177650403
-260,-29,-2013,25088,177651628
-259,-29,-2015,25088,177652853
-262,-31,-2016,25600,177654078
-262,-26,-2014,25600,177655303
-260,-24,-2013,25088,177656528
-267,-25,-2016,25600,177657753
-264,-26,-2018,25088,177658978
-263,-26,-2020,25088,177660197
-262,-27,-2014,25600,177661416
-261,-26,-2013,25088,177662635
-260,-26,-2014,25088,177663859
-262,-25,-2019,25088,177665083
-259,-29,-2019,25088,177666307
-263,-27,-2014,25600,177667531
-263,-27,-2016,25088,177668755
-262,-25,-2018,25088,177669981
-260,-26,-2023,25088,177671207
-259,-25,-2018,25088,177672433
-256,-26,-2016,25088,177673659
-261,-28,-2017,25088,177674885
-264,-26,-2014,25600,177676111
-265,-24,-2009,25600,177677337
-264,-26,-2013,25600,177678563
-261,-26,-2014,25088,177679788
-262,-26,-2012,25600,177681013
-257,-23,-2011,25088,177682238
-258,-29,-2013,25088,177683463
-262,-26,-2013,25088,177684688
-262,-26,-2016,25088,177685913
-264,-29,-2014,25088,177687138
-264,-29,-2012,25600,177688363
-262,-30,-2016,25600,177689604
-264,-28,-2016,25600,177690845
-262,-27,-2016,25088,177692086
-267,-27,-2016,25088,177693327
-261,-26,-2019,25600,177694568
-262,-26,-2021,25088,177695796
-260,-29,-2018,25600,177697024
-258,-26,-2013,25088,177698252
-255,-30,-2015,25088,177699479
-256,-29,-2016,25088,177700706
-261,-28,-2017,25088,177701933
-262,-27,-2016,25088,177703165
-262,-27,-2019,25088,177704397
-261,-23,-2022,25600,177705629
-260,-26,-2012,25088,177706861
-264,-23,-2011,25088,177708093
-265,-26,-2014,25088,177709329
-265,-30,-2015,25088,177710565
-264,-28,-2013,25088,177711801
-260,-26,-2018,25088,177713037
-260,-23,-2018,25088,177714273
-263,-24,-2016,25088,177715509
-267,-28,-2016,25088,177716745
-263,-28,-2014,25088,177717981
-266,-29,-2016,25088,177719220
-261,-25,-2015,25088,177720459
-259,-26,-2015,25600,177721698
-259,-26,-2013,25088,177722937
-260,-23,-2015,25088,177724176
-262,-25,-2017,25088,177725415
-264,-27,-2016,25600,177726654
-263,-29,-2014,25088,177727893
-265,-27,-2011,25088,177729148
-265,-26,-2008,25600,177730403
-263,-26,-2008,25088,177731658
-265,-26,-2011,25088,177732913
-264,-29,-2013,25600,177734168
-263,-31,-2018,25088,177735413
-264,-24,-2017,25600,177736658
-264,-28,-2017,25600,177737903
-262,-28,-2019,25088,177739152
-260,-25,-2015,25088,177740401
-260,-26,-2012,25088,177741650
-260,-28,-2014,25088,177742899
-262,-26,-2014,25600,177744148
-267,-28,-2016,25088,177745397
-262,-26,-2017,25088,177746646
-259,-31,-2013,25088,177747895
-260,-29,-2013,25088,177749144
-265,-27,-2017,25088,177750393
-260,-26,-2018,25088,177751642
-262,-29,-2020,25088,177752891
-266,-27,-2020,25088,177754140
-265,-31,-2016,25088,177755389
-266,-28,-2016,25088,177756638
-268,-27,-2016,25088,177757887
-264,-27,-2018,25600,177759141
-261,-28,-2020,25088,177760395
-261,-27,-2016,25088,177761649
-263,-28,-2015,25088,177762901
-264,-31,-2012,25088,177764153
-263,-29,-2016,25088,177765405
-268,-31,-2016,25088,177766657
-266,-30,-2014,25088,177767909
-263,-29,-2016,25088,177769163
-262,-28,-2015,25600,177770417
-264,-28,-2018,25088,177771671
-263,-27,-2016,25088,177772925
-262,-28,-2017,25088,177774179
-261,-29,-2019,25088,177775433
-262,-28,-2018,25088,177776687
-261,-27,-2017,25088,177777941
-259,-28,-2018,25600,177779196
-262,-30,-2021,25088,177780451
-262,-31,-2019,25088,177781706
-260,-30,-2020,25088,177782961
-259,-26,-2018,25088,177784216
-263,-26,-2012,25600,177785471
-262,-27,-2013,25088,177786726
-261,-26,-2017,25088,177787981
-266,-26,-2016,25088,177789233
-265,-26,-2017,25088,177790485
-263,-30,-2014,25600,177791737
-267,-31,-2016,25088,177792989
-264,-29,-2017,25088,177794241
-264,-24,-2017,25088,177795493
-264,-22,-2016,25600,177796751
-262,-20,-2014,25088,177798009
-263,-22,-2015,25600,177799265
-263,-26,-2015,25088,177800521
-259,-27,-2014,25088,177801777
-258,-29,-2017,25088,177803035
-260,-29,-2016,25088,177804293
-256,-30,-2016,25088,177805551
-262,-31,-2016,25088,177806809
-265,-33,-2014,25600,177808067
-264,-28,-2015,25600,177809326
-263,-28,-2014,25088,177810585
-262,-32,-2014,25600,177811844
-264,-26,-2015,25600,177813103
-262,-27,-2012,25088,177814362
-260,-25,-2019,25088,177815621
-262,-24,-2021,25600,177816880
-266,-25,-2024,25600,177818139
-263,-27,-2021,25088,177819397
-265,-31,-2017,25088,177820655
-262,-26,-2013,25088,177821913
-263,-25,-2014,25600,177823171
-259,-26,-2013,25088,177824429
-256,-28,-2015,25088,177825687
-261,-31,-2020,25088,177826945
-261,-29,-2015,25088,177828203
-261,-27,-2013,25600,177829449
-264,-29,-2013,25088,177830696
-261,-28,-2011,25088,177831943
-262,-24,-2015,25600,177833190
-260,-27,-2017,25088,177834437
-265,-25,-2019,25088,177835684
-264,-27,-2020,25088,177836942
-260,-29,-2014,25600,177838200
-262,-26,-2015,25600,177839457
-261,-22,-2016,25088,177840714
-262,-24,-2013,25600,177841971
-264,-26,-2016,25088,177843228
-267,-24,-2015,25088,177844485
-265,-29,-2016,25600,177845742
-267,-29,-2015,25088,177846999
-265,-24,-2012,25088,177848256
-265,-25,-2014,25088,177849512
-263,-26,-2013,25600,177850768
-261,-24,-2019,25088,177852024
-260,-29,-2018,25088,177853280
-259,-29,-2019,25600,177854536
-261,-25,-2014,25088,177855792
-263,-29,-2015,25088,177857048
-262,-25,-2015,25600,177858304
-260,-26,-2016,25600,177859557
-266,-28,-2015,25600,177860810
-262,-26,-2015,25088,177862063
-263,-29,-2015,25088,177863317
-263,-31,-2011,25088,177864571
-260,-31,-2013,25088,177865825
-266,-29,-2011,25600,177867079
-266,-29,-2015,25088,177868333
-264,-29,-2014,25088,177869567
-267,-24,-2013,25600,177870820
-264,-22,-2014,25088,177872073
-265,-26,-2021,25088,177873326
-266,-30,-2020,25088,177874579
-265,-30,-2020,25600,177875832
-260,-25,-2018,25088,177877085
-259,-25,-2014,25600,177878338
-260,-27,-2012,25088,177879589
-259,-30,-2018,25088,177880840
-263,-26,-2019,25088,177882091
-257,-26,-2019,25088,177883342
-259,-32,-2018,25088,177884593
-266,-30,-2015,25088,177885844
-267,-29,-2013,25600,177887095
-265,-27,-2014,25600,177888346
-261,-25,-2011,25088,177889587
-258,-32,-2012,25088,177890828
-258,-28,-2011,25088,177892069
-262,-28,-2014,25088,177893310
-261,-27,-2012,25088,177894551
-260,-28,-2013,25088,177895792
-262,-26,-2015,25088,177897044
-259,-26,-2017,25088,177898296
-258,-30,-2016,25088,177899544
-262,-27,-2016,25088,177900792
-261,-26,-2016,25600,177902040
-262,-28,-2018,25088,177903290
-264,-25,-2016,25088,177904540
-262,-24,-2009,25088,177905790
-259,-26,-2014,25600,177907040
-259,-27,-2012,25088,177908290
-262,-25,-2013,25088,177909540
-261,-24,-2016,25600,177910790
-260,-28,-2014,25600,177912040
-262,-30,-2015,25600,177913290
-257,-27,-2018,25088,177914540
-263,-24,-2016,25600,177915790
-264,-24,-2016,25088,177917040
-259,-28,-2019,25600,177918290
-260,-29,-2017,25600,177919514
-262,-30,-2019,25600,177920738
-263,-25,-2021,25088,177921962
-264,-27,-2019,25600,177923186
-260,-23,-2017,25088,177924410
-262,-23,-2018,25088,177925634
-264,-26,-2019,25600,177926858
-262,-28,-2014,25600,177928082
-261,-30,-2016,25088,177929306
-265,-30,-2015,25088,177930546
-264,-31,-2011,25088,177931786
-262,-28,-2011,25088,177933026
-264,-23,-2013,25600,177934266
-261,-23,-2018,25088,177935506
-265,-27,-2016,25088,177936730
-261,-26,-2017,25088,177937954
-260,-23,-2018,25600,177939178
-264,-22,-2016,25600,177940402
-261,-24,-2013,25600,177941626
-261,-22,-2014,25600,177942850
-263,-22,-2014,25088,177944074
-268,-24,-2019,25088,177945298
-267,-25,-2014,25600,177946522
-260,-29,-2015,25088,177947746
-265,-32,-2018,25600,177948970
-266,-28,-2018,25088,177950195
-266,-23,-2014,25600,177951420
-263,-27,-2015,25600,177952645
-259,-25,-2019,25600,177953870
-261,-24,-2017,25088,177955095
-263,-26,-2017,25088,177956320
-265,-29,-2016,25088,177957545
-264,-30,-2013,25088,177958770
-265,-23,-2017,25088,177959993
-259,-27,-2017,25600,177961216
-262,-25,-2015,25600,177962439
-259,-30,-2018,25600,177963666
-257,-28,-2015,25600,177964893
-261,-28,-2016,25088,177966120
-262,-32,-2015,25088,177967347
-264,-31,-2012,25088,177968574
-263,-27,-2012,25088,177969802
-263,-26,-2016,25088,177971030
-262,-22,-2017,25088,177972258
-262,-24,-2018,25088,177973486
-263,-26,-2015,25088,177974714
-263,-30,-2015,25088,177975942
-265,-32,-2014,25088,177977170
-261,-24,-2014,25600,177978398
-261,-21,-2016,25600,177979625
-261,-25,-2014,25088,177980852
-264,-25,-2010,25088,177982079
-262,-28,-2015,25088,177983306
-261,-32,-2014,25088,177984533
-261,-29,-2015,25088,177985760
-264,-31,-2017,25088,177986987
-263,-30,-2013,25088,177988214
-263,-30,-2020,25600,177989459
-264,-29,-2017,25088,177990704
-264,-29,-2017,25088,177991949
-265,-26,-2018,25088,177993194
-261,-27,-2017,25088,177994439
-262,-27,-2015,25088,177995671
-263,-31,-2018,25088,177996903
-266,-26,-2018,25088,177998135
-263,-24,-2020,25088,177999366
-259,-23,-2019,25088,178000597
-259,-20,-2017,25600,178001828
-262,-26,-2020,25088,178003064
-261,-28,-2019,25088,178004300
-259,-28,-2016,25600,178005536
-261,-26,-2019,25088,178006772
-263,-26,-2015,25088,178008008
-267,-31,-2015,25600,178009248
-265,-25,-2014,25088,178010488
-262,-28,-2019,25088,178011728
-260,-27,-2020,25088,178012968
-265,-26,-2019,25088,178014208
-261,-26,-2021,25088,178015448
-261,-26,-2022,25088,178016688
-260,-29,-2027,25088,178017928
-259,-28,-2017,25600,178019171
-264,-27,-2015,25088,178020414
-270,-26,-2015,25088,178021657
-264,-24,-2018,25088,178022900
-265,-25,-2015,25088,178024143
-261,-30,-2016,25088,178025386
-261,-32,-2018,25600,178026629
-258,-29,-2017,25088,178027872
-260,-26,-2016,25088,178029131
-262,-27,-2016,25600,178030390
-265,-26,-2021,25088,178031649
-265,-24,-2016,25088,178032908
-264,-29,-2015,25088,178034167
-264,-25,-2018,25600,178035415
-265,-27,-2019,25600,178036663
-262,-28,-2017,25600,178037911
-263,-29,-2016,25088,178039163
-263,-27,-2016,25600,178040415
-260,-28,-2018,25088,178041667
-257,-26,-2022,25600,178042919
-262,-23,-2018,25088,178044171
-262,-26,-2015,25088,178045423
-266,-29,-2017,25088,178046675
-262,-31,-2019,25088,178047927
-257,-30,-2017,25088,178049178
-260,-27,-2018,25088,178050429
-264,-21,-2015,25088,178051680
-264,-20,-2018,25088,178052931
-266,-20,-2019,25088,178054182
-261,-21,-2020,25088,178055433
-268,-25,-2016,25088,178056684
-264,-25,-2012,25088,178057935
-262,-24,-2014,25600,178059185
-260,-25,-2015,25088,178060435
-263,-28,-2013,25600,178061685
-265,-29,-2016,25088,178062939
-262,-29,-2015,25088,178064193
-259,-28,-2014,25088,178065447
-261,-23,-2019,25600,178066701
-262,-25,-2016,25600,178067955
-263,-28,-2014,25088,178069210
-261,-26,-2017,25088,178070465
-260,-26,-2013,25088,178071720
-261,-26,-2016,25600,178072975
-261,-28,-2020,25088,178074230
-261,-26,-2018,25600,178075485
-260,-25,-2016,25088,178076740
-255,-31,-2011,25600,178077995
-264,-28,-2011,25600,178079251
-268,-28,-2011,25088,178080507
-265,-29,-2014,25088,178081763
-265,-28,-2015,25600,178083019
-261,-27,-2012,25088,178084275
-259,-26,-2011,25088,178085531
-258,-25,-2012,25600,178086787
-264,-21,-2013,25088,178088043
-263,-24,-2016,25600,178089290
-262,-24,-2015,25088,178090537
-260,-28,-2014,25088,178091784
-264,-29,-2018,25600,178093031
-265,-32,-2020,25600,178094278
-263,-28,-2017,25088,178095525
-264,-25,-2018,25600,178096783
-264,-26,-2016,25088,178098041
-262,-30,-2018,25600,178099296
-258,-28,-2017,25088,178100551
-261,-28,-2014,25088,178101806
-263,-28,-2015,25088,178103063
-267,-25,-2013,25088,178104320
-261,-27,-2018,25088,178105577
-263,-29,-2020,25088,178106834
-264,-29,-2014,25088,178108091
-261,-29,-2017,25088,178109349
-260,-32,-2016,25600,178110607
-261,-27,-2014,25600,178111865
-261,-28,-2016,25600,178113123
-264,-28,-2018,25600,178114381
-262,-29,-2015,25088,178115639
-260,-31,-2014,25088,178116897
-260,-27,-2014,25088,178118155
-262,-25,-2014,25600,178119412
-259,-28,-2015,25600,178120669
-263,-28,-2011,25600,178121926
-261,-32,-2014,25088,178123183
-264,-24,-2014,25088,178124440
-262,-26,-2016,25088,178125697
-263,-27,-2014,25600,178126954
-261,-26,-2017,25088,178128211
-257,-29,-2014,25600,178129456
-263,-27,-2015,25600,178130701
-262,-28,-2010,25088,178131946
-264,-26,-2015,25088,178133191
-260,-28,-2016,25088,178134436
-260,-29,-2016,25600,178135681
-262,-30,-2013,25088,178136938
-262,-28,-2018,25088,178138195
-264,-29,-2018,25088,178139452
-262,-31,-2016,25600,178140709
-261,-28,-2011,25600,178141966
-263,-27,-2015,25088,178143223
-261,-27,-2013,25600,178144480
-261,-29,-2015,25088,178145737
-258,-28,-2017,25600,178146994
-261,-29,-2019,25088,178148251
-265,-27,-2017,25600,178149506
-262,-27,-2018,25088,178150761
-257,-27,-2013,25088,178152016
-261,-24,-2013,25088,178153271
-264,-25,-2015,25600,178154526
-264,-25,-2016,25600,178155781
-262,-27,-2016,25088,178157036
-258,-33,-2017,25088,178158291
-260,-30,-2013,25088,178159543
-261,-26,-2017,25088,178160795
-263,-23,-2014,25600,178162047
-268,-28,-2017,25088,178163301
-264,-29,-2017,25600,178164555
-263,-26,-2013,25088,178165809
-260,-25,-2015,25088,178167063
-263,-26,-2012,25088,178168317
-267,-30,-2016,25088,178169550
-267,-29,-2016,25600,178170802
-267,-25,-2015,25088,178172054
-264,-25,-2016,25088,178173306
-264,-29,-2015,25088,178174558
-260,-28,-2014,25600,178175810
-260,-28,-2015,25600,178177062
-261,-26,-2016,25600,178178314
-261,-24,-2013,25088,178179565
-263,-29,-2018,25088,178180816
-267,-29,-2016,25088,178182067
-264,-31,-2014,25600,178183318
-259,-30,-2019,25088,178184569
-258,-29,-2019,25088,178185820
-261,-29,-2014,25088,178187071
-263,-29,-2013,25088,178188322
-264,-27,-2012,25088,178189563
-263,-27,-2014,25600,178190804
-263,-28,-2007,25600,178192045
-260,-24,-2009,25600,178193286
-263,-25,-2017,25088,178194527
-265,-21,-2021,25088,178195768
-265,-19,-2017,25088,178197020
-265,-26,-2017,25088,178198272
-265,-32,-2016,25088,178199520
-267,-31,-2014,25600,178200768
-264,-29,-2016,25600,178202016
-265,-25,-2015,25088,178203266
-264,-29,-2017,25088,178204516
-265,-27,-2017,25088,178205766
-265,-28,-2021,25088,178207016
-262,-23,-2020,25088,178208266
-260,-22,-2018,25088,178209516
-265,-24,-2020,25088,178210766
-267,-28,-2018,25088,178212016
-267,-28,-2014,25088,178213266
-263,-26,-2010,25600,178214516
-263,-29,-2014,25600,178215766
-267,-28,-2018,25088,178217016
-265,-23,-2020,25088,178218266
-259,-27,-2015,25600,178219490
-263,-25,-2012,25088,178220714
-266,-28,-2011,25088,178221938
-270,-28,-2016,25600,178223162
-268,-28,-2017,25088,178224386
-263,-30,-2019,25088,178225610
-264,-31,-2019,25600,178226834
-265,-27,-2016,25600,178228058
-269,-25,-2018,25088,178229282
-263,-22,-2018,25600,178230522
-262,-25,-2018,25088,178231762
-262,-22,-2017,25600,178233002
-260,-25,-2015,25600,178234242
-263,-22,-2014,25600,178235482
-262,-28,-2012,25088,178236706
-260,-30,-2018,25088,178237930
-263,-27,-2016,25088,178239154
-260,-28,-2016,25600,178240378
-263,-31,-2016,25088,178241602
-263,-32,-2016,25088,178242826
-262,-29,-2018,25088,178244050
-259,-31,-2019,25600,178245274
-260,-26,-2018,25088,178246498
-264,-25,-2015,25088,178247722
-260,-23,-2016,25600,178248946
-259,-25,-2015,25600,178250171
-259,-25,-2011,25600,178251396
-262,-29,-2013,25088,178252621
-263,-26,-2014,25600,178253846
-262,-24,-2015,25088,178255071
-263,-26,-2019,25088,178256296
-264,-25,-2021,25600,178257521
-261,-27,-2018,25088,178258746
-265,-25,-2012,25088,178259974
-262,-22,-2013,25088,178261202
-264,-22,-2015,25088,178262430
-268,-22,-2016,25088,178263657
-262,-24,-2017,25600,178264884
-262,-21,-2018,25088,178266111
-265,-22,-2017,25600,178267338
-264,-24,-2018,25600,178268565
-266,-22,-2020,25600,178269794
-261,-27,-2022,25600,178271023
-263,-30,-2018,25600,178272252
-263,-23,-2017,25088,178273481
-264,-24,-2019,25088,178274710
-263,-26,-2017,25600,178275939
-263,-26,-2012,25088,178277168
-264,-27,-2015,25088,178278397
-262,-26,-2017,25600,178279625
-264,-28,-2016,25088,178280853
-268,-28,-2013,25600,178282081
-265,-26,-2014,25088,178283309
-259,-26,-2014,25600,178284537
-260,-22,-2015,25600,178285765
-266,-25,-2016,25088,178286993
-263,-28,-2021,25600,178288221
-262,-26,-2020,25600,178289470
-261,-25,-2020,25600,178290719
-262,-26,-2015,25600,178291968
-265,-26,-2014,25600,178293217
-262,-30,-2019,25600,178294466
-260,-30,-2019,25600,178295698
-259,-29,-2019,25600,178296930
-260,-23,-2017,25088,178298162
-261,-26,-2015,25088,178299393
-264,-23,-2016,25088,178300624
-266,-28,-2017,25088,178301855
-268,-28,-2019,25088,178303091
-267,-29,-2018,25600,178304327
-264,-26,-2016,25600,178305563
-262,-29,-2016,25088,178306799
-259,-31,-2013,25088,178308035
-261,-29,-2015,25088,178309276
-260,-28,-2017,25088,178310517
-257,-26,-2023,25088,178311758
-261,-25,-2019,25088,178312999
-260,-24,-2019,25088,178314240
-264,-23,-2016,25600,178315481
-262,-26,-2016,25600,178316722
-264,-28,-2016,25600,178317963
-262,-29,-2019,25088,178319206
-263,-25,-2013,25088,178320449
-263,-24,-2009,25088,178321692
-261,-27,-2014,25088,178322935
-259,-30,-2016,25088,178324178
-263,-29,-2013,25088,178325421
-266,-31,-2013,25088,178326664
-263,-26,-2013,25088,178327907
-263,-23,-2014,25088,178329166
-263,-25,-2013,25600,178330425
-259,-29,-2015,25088,178331684
-261,-23,-2018,25088,178332943
-262,-22,-2013,25600,178334202
-263,-22,-2012,25088,178335450
-262,-23,-2015,25088,178336698
-263,-23,-2016,25088,178337946
-262,-26,-2019,25088,178339197
-260,-25,-2017,25600,178340448
-263,-24,-2015,25088,178341699
-262,-25,-2014,25088,178342950
-261,-28,-2014,25088,178344201
-265,-31,-2016,25088,178345452
-266,-28,-2017,25600,178346703
-264,-23,-2018,25088,178347954
-267,-27,-2020,25088,178349205
-263,-28,-2013,25088,178350456
-262,-30,-2012,25088,178351707
-263,-26,-2017,25088,178352958
-260,-28,-2017,25088,178354209
-260,-26,-2015,25600,178355460
-258,-31,-2014,25600,178356711
-257,-29,-2014,25088,178357962
-260,-26,-2017,25088,178359216
-262,-27,-2016,25088,178360470
-262,-29,-2013,25088,178361724
-261,-30,-2016,25088,178362977
-259,-26,-2019,25600,178364230
-262,-29,-2017,25600,178365483
-262,-28,-2016,25088,178366736
-262,-28,-2014,25600,178367989
-265,-28,-2015,25088,178369234
-267,-29,-2017,25088,178370492
-265,-29,-2012,25088,178371750
-263,-26,-2014,25088,178373008
-262,-30,-2013,25088,178374266
-267,-29,-2015,25088,178375524
-265,-29,-2014,25600,178376782
-264,-28,-2014,25088,178378040
-262,-23,-2013,25088,178379297
-264,-26,-2013,25600,178380554
-265,-30,-2017,25088,178381811
-258,-28,-2019,25600,178383068
-263,-25,-2018,25600,178384325
-264,-25,-2014,25600,178385582
-265,-25,-2016,25088,178386839
-266,-22,-2018,25088,178388096
-268,-23,-2016,25600,178389347
-262,-25,-2016,25600,178390598
-257,-25,-2012,25088,178391849
-263,-27,-2013,25600,178393100
-263,-26,-2015,25088,178394351
-265,-30,-2021,25600,178395602
-266,-28,-2022,25600,178396859
-262,-28,-2018,25088,178398116
-260,-27,-2013,25600,178399371
-261,-29,-2017,25600,178400626
-262,-29,-2013,25600,178401881
-261,-27,-2017,25088,178403139
-264,-25,-2018,25600,178404397
-265,-26,-2018,25088,178405655
-263,-26,-2019,25088,178406913
-266,-27,-2023,25088,178408171
-265,-27,-2019,25600,178409428
-258,-20,-2015,25088,178410685
-259,-22,-2016,25600,178411942
-263,-22,-2017,25088,178413199
-266,-24,-2017,25600,178414456
-266,-29,-2022,25088,178415713
-263,-25,-2017,25088,178416970
-259,-28,-2016,25600,178418227
-260,-31,-2015,25088,178419484
-263,-29,-2014,25088,178420741
-268,-29,-2016,25088,178421998
-269,-26,-2016,25600,178423255
-266,-24,-2016,25088,178424512
-267,-25,-2017,25600,178425769
-265,-28,-2018,25088,178427026
-261,-26,-2013,25088,178428283
-264,-28,-2018,25088,178429527
-265,-30,-2015,25600,178430773
-260,-26,-2014,25600,178432019
-260,-24,-2016,25088,178433265
-260,-29,-2015,25088,178434511
-263,-26,-2014,25600,178435757
-263,-29,-2013,25088,178437013
-263,-33,-2015,25600,178438269
-263,-30,-2016,25088,178439523
-263,-26,-2020,25088,178440777
-264,-26,-2022,25088,178442031
-265,-28,-2018,25088,178443285
-264,-24,-2013,25088,178444539
-265,-25,-2013,25600,178445793
-266,-24,-2015,25600,178447047
-263,-29,-2014,25600,178448301
-264,-26,-2016,25088,178449554
-264,-25,-2018,25088,178450807
-258,-29,-2013,25600,178452060
-260,-30,-2017,25088,178453313
-261,-25,-2017,25088,178454566
-264,-23,-2016,25088,178455819
-261,-25,-2020,25088,178457072
-261,-24,-2015,25088,178458325
-264,-23,-2013,25088,178459579
-265,-22,-2019,25088,178460833
-266,-26,-2014,25088,178462087
-259,-28,-2016,25088,178463339
-256,-32,-2016,25088,178464591
-258,-26,-2019,25088,178465843
-261,-25,-2019,25600,178467095
-266,-26,-2017,25088,178468347
-268,-25,-2014,25088,178469584
-269,-27,-2014,25088,178470834
-265,-29,-2012,25088,178472084
-261,-28,-2011,25088,178473334
-263,-25,-2012,25088,178474584
-262,-29,-2014,25088,178475834
-263,-26,-2015,25088,178477084
-267,-30,-2019,25088,178478334
-266,-27,-2016,25088,178479583
-267,-26,-2017,25088,178480832
-261,-26,-2016,25600,178482081
-261,-23,-2015,25088,178483330
-259,-22,-2014,25600,178484579
-260,-27,-2016,25600,178485828
-261,-27,-2018,25088,178487077
-265,-27,-2020,25088,178488326
-266,-32,-2019,25600,178489571
-265,-27,-2016,25088,178490816
-260,-28,-2015,25088,178492061
-265,-29,-2012,25088,178493306
-268,-29,-2012,25088,178494551
-264,-27,-2014,25600,178495796
-265,-28,-2017,25088,178497047
-263,-30,-2014,25088,178498298
-262,-25,-2014,25088,178499546
-263,-26,-2017,25088,178500794
-259,-27,-2017,25088,178502042
-262,-27,-2015,25600,178503291
-260,-24,-2019,25600,178504540
-260,-25,-2014,25600,178505789
-258,-23,-2013,25088,178507038
-264,-27,-2017,25600,178508287
-265,-27,-2018,25088,178509536
-264,-27,-2015,25088,178510785
-263,-27,-2015,25088,178512034
-266,-28,-2015,25088,178513283
-265,-27,-2015,25088,178514532
-260,-27,-2016,25088,178515781
-261,-25,-2019,25088,178517030
-264,-25,-2017,25088,178518279
-269,-24,-2016,25088,178519528
-266,-26,-2020,25088,178520777
-266,-30,-2018,25088,178522026
-262,-30,-2014,25600,178523275
-264,-27,-2015,25600,178524524
-261,-28,-2013,25600,178525773
-262,-30,-2013,25600,178527022
-261,-24,-2016,25600,178528271
-263,-25,-2015,25600,178529508
-262,-24,-2016,25600,178530746
-263,-25,-2014,25088,178531984
-266,-23,-2017,25088,178533222
-262,-22,-2019,25088,178534460
-261,-28,-2020,25088,178535698
-263,-27,-2016,25088,178536917
-267,-28,-2015,25088,178538136
-264,-28,-2017,25088,178539355
-265,-27,-2019,25600,178540576
-266,-22,-2014,25088,178541797
-263,-22,-2016,25600,178543018
-263,-20,-2019,25600,178544239
-263,-28,-2017,25600,178545460
-262,-26,-2016,25600,178546681
-258,-28,-2015,25088,178547902
-260,-24,-2017,25600,178549123
-264,-24,-2013,25600,178550347
-263,-27,-2013,25088,178551571
-261,-25,-2016,25088,178552795
-260,-26,-2013,25088,178554019
-260,-23,-2014,25600,178555243
-266,-24,-2016,25088,178556467
-267,-30,-2013,25088,178557691
-259,-30,-2013,25088,178558915
-263,-25,-2018,25088,178560140
-264,-28,-2016,25600,178561365
-259,-27,-2008,25088,178562590
-262,-28,-2011,25088,178563815
-263,-27,-2012,25088,178565040
-261,-27,-2016,25088,178566265
-260,-22,-2021,25600,178567490
-262,-26,-2016,25088,178568715
-265,-27,-2014,25088,178569940
-264,-30,-2015,25088,178571165
-265,-25,-2016,25088,178572390
-264,-28,-2011,25600,178573615
-264,-31,-2014,25600,178574840
-262,-31,-2016,25600,178576065
-262,-30,-2014,25600,178577290
-264,-31,-2013,25600,178578515
-258,-31,-2019,25088,178579740
-259,-28,-2019,25088,178580965
-260,-27,-2018,25088,178582190
-262,-26,-2016,25088,178583415
-263,-25,-2016,25088,178584640
-265,-26,-2013,25088,178585865
-265,-25,-2018,25600,178587090
-264,-23,-2016,25088,178588315
-262,-24,-2017,25088,178589560
-262,-25,-2014,25088,178590805
-263,-23,-2015,25600,178592050
-264,-28,-2016,25088,178593295
-258,-29,-2018,25088,178594540
-257,-26,-2018,25088,178595768
-262,-26,-2016,25088,178596996
-259,-25,-2016,25088,178598224
-257,-26,-2010,25088,178599451
-263,-27,-2012,25088,178600678
-261,-32,-2015,25088,178601905
-261,-30,-2015,25088,178603138
-262,-29,-2011,25600,178604371
-263,-25,-2012,25088,178605604
-266,-22,-2017,25088,178606837
-262,-21,-2015,25088,178608070
-263,-24,-2013,25600,178609307
-264,-27,-2012,25600,178610544
-263,-25,-2013,25600,178611781
-262,-26,-2015,25088,178613018
-263,-29,-2014,25600,178614255
-262,-30,-2016,25600,178615492
-261,-27,-2017,25088,178616729
-262,-27,-2016,25088,178617966
-261,-30,-2010,25088,178619206
-263,-27,-2011,25600,178620446
-262,-28,-2008,25088,178621686
-261,-26,-2011,25088,178622926
-259,-27,-2016,25088,178624166
-264,-28,-2019,25600,178625406
-261,-28,-2018,25600,178626646
-260,-27,-2017,25088,178627886
-261,-24,-2019,25088,178629124
-260,-27,-2019,25088,178630362
-260,-27,-2017,25088,178631600
-257,-27,-2018,25088,178632838
-261,-29,-2017,25088,178634076
-262,-28,-2014,25600,178635314
-264,-27,-2014,25088,178636560
-262,-27,-2014,25088,178637806
-264,-24,-2013,25088,178639056
-263,-27,-2011,25600,178640306
-263,-28,-2015,25600,178641556
-263,-27,-2024,25600,178642806
-262,-25,-2017,25600,178644056
-263,-30,-2016,25088,178645306
-262,-26,-2014,25088,178646556
-262,-25,-2013,25600,178647806
-263,-23,-2018,25088,178649055
-263,-25,-2020,25600,178650304
-262,-26,-2016,25088,178651553
-260,-25,-2016,25088,178652802
-260,-25,-2016,25600,178654051
-262,-24,-2019,25600,178655300
-262,-28,-2018,25600,178656549
-260,-27,-2013,25600,178657798
-268,-26,-2010,25600,178659051
-266,-27,-2017,25088,178660304
-263,-28,-2019,25600,178661557
-266,-28,-2019,25088,178662809
-263,-29,-2021,25088,178664061
-261,-25,-2021,25600,178665313
-261,-25,-2019,25088,178666565
-260,-27,-2018,25600,178667817
-260,-26,-2018,25088,178669071
-261,-27,-2016,25600,178670325
-261,-27,-2015,25600,178671579
-261,-28,-2018,25088,178672833
-265,-29,-2019,25600,178674087
-265,-32,-2021,25600,178675341
-270,-29,-2019,25088,178676595
-265,-26,-2018,25088,178677849
-264,-29,-2019,25088,178679104
-262,-25,-2015,25600,178680359
-262,-25,-2015,25088,178681614
-260,-29,-2015,25600,178682869
-264,-28,-2015,25088,178684124
-263,-30,-2015,25088,178685379
-260,-28,-2018,25600,178686634
-261,-29,-2016,25088,178687889
-263,-27,-2014,25088,178689140
-264,-28,-2015,25088,178690391
-262,-29,-2013,25088,178691642
-264,-28,-2017,25088,178692893
-266,-27,-2013,25088,178694144
-265,-25,-2015,25600,178695395
-265,-24,-2018,25088,178696653
-262,-31,-2014,25088,178697911
-263,-30,-2013,25600,178699169
-263,-26,-2015,25088,178700427
-261,-30,-2015,25088,178701685
-267,-31,-2015,25088,178702944
-265,-27,-2011,25088,178704203
-265,-30,-2016,25088,178705462
-260,-29,-2016,25088,178706721
-265,-25,-2017,25088,178707980
-263,-24,-2019,25088,178709239
-263,-26,-2019,25088,178710498
-264,-25,-2015,25088,178711757
-261,-23,-2020,25600,178713016
-264,-24,-2019,25088,178714275
-266,-23,-2021,25088,178715534
-266,-28,-2018,25600,178716793
-268,-24,-2015,25088,178718052
-263,-29,-2017,25600,178719312
-266,-26,-2016,25088,178720572
-264,-26,-2013,25088,178721832
-260,-30,-2015,25088,178723092
-266,-30,-2012,25600,178724352
-264,-28,-2016,25088,178725612
-262,-28,-2018,25088,178726872
-256,-28,-2016,25088,178728132
-261,-29,-2016,25088,178729380
-263,-27,-2017,25088,178730629
-264,-26,-2016,25600,178731878
-265,-27,-2015,25600,178733127
-265,-30,-2016,25088,178734376
-267,-31,-2018,25600,178735625
-266,-28,-2018,25600,178736887
-260,-28,-2016,25088,178738149
-259,-27,-2019,25088,178739408
-264,-27,-2018,25088,178740667
-264,-27,-2015,25088,178741926
-262,-28,-2014,25600,178743185
-261,-26,-2013,25088,178744444
-261,-30,-2014,25088,178745703
-261,-23,-2016,25088,178746962
-264,-25,-2017,25088,178748221
-267,-23,-2016,25600,178749478
-262,-23,-2018,25088,178750735
-260,-23,-2017,25088,178751992
-261,-23,-2017,25600,178753249
-263,-29,-2021,25088,178754506
-265,-28,-2020,25600,178755763
-262,-28,-2017,25088,178757020
-262,-29,-2014,25088,178758277
-261,-26,-2011,25088,178759535
-260,-30,-2011,25088,178760793
-262,-30,-2008,25600,178762051
-259,-26,-2012,25600,178763307
-262,-25,-2017,25088,178764563
-262,-26,-2014,25088,178765819
-259,-30,-2015,25088,178767075
-264,-35,-2014,25088,178768331
-261,-29,-2018,25088,178769567
-262,-30,-2012,25088,178770821
-263,-35,-2014,25088,178772075
-265,-29,-2019,25600,178773329
-264,-24,-2019,25088,178774583
-261,-23,-2019,25088,178775837
-262,-28,-2014,25088,178777091
-265,-24,-2014,25088,178778345
-262,-26,-2017,25600,178779598
-261,-26,-2013,25600,178780851
-261,-26,-2012,25088,178782104
-265,-28,-2020,25088,178783357
-263,-27,-2017,25088,178784610
-264,-27,-2012,25600,178785863
-264,-30,-2013,25088,178787116
-268,-30,-2013,25600,178788369
-266,-25,-2016,25088,178789616
-267,-28,-2010,25600,178790863
-265,-28,-2011,25600,178792110
-266,-28,-2012,25088,178793357
-263,-29,-2014,25088,178794604
-264,-30,-2015,25088,178795851
-259,-27,-2014,25088,178797104
-258,-28,-2014,25088,178798357
-263,-28,-2015,25600,178799610
-262,-28,-2016,25088,178800863
-257,-30,-2021,25088,178802116
-260,-29,-2019,25600,178803367
-261,-28,-2016,25600,178804618
-262,-26,-2013,25088,178805869
-261,-26,-2018,25600,178807120
-262,-29,-2014,25088,178808371
-265,-29,-2017,25088,178809621
-263,-26,-2014,25088,178810871
-263,-25,-2015,25600,178812121
-258,-27,-2013,25600,178813371
-263,-32,-2017,25600,178814621
-262,-28,-2016,25088,178815871
-261,-30,-2018,25088,178817121
-265,-25,-2019,25088,178818371
-263,-26,-2017,25088,178819621
-266,-27,-2019,25088,178820871
-265,-28,-2017,25088,178822121
-261,-26,-2016,25088,178823371
-261,-32,-2014,25088,178824621
-261,-29,-2017,25088,178825871
-263,-28,-2016,25600,178827121
-265,-29,-2015,25088,178828371
-261,-27,-2016,25600,178829608
-262,-31,-2015,25600,178830846
-258,-28,-2012,25088,178832084
-259,-21,-2015,25088,178833322
-263,-26,-2014,25088,178834560
-266,-28,-2015,25088,178835798
-264,-29,-2016,25088,178837016
-259,-26,-2016,25088,178838234
-264,-25,-2017,25600,178839452
-259,-27,-2020,25600,178840672
-258,-26,-2013,25600,178841892
-261,-26,-2017,25600,178843112
-262,-24,-2017,25088,178844332
-264,-24,-2014,25088,178845552
-264,-21,-2013,25600,178846772
-261,-23,-2019,25088,178847992
-260,-25,-2017,25600,178849212
-258,-30,-2013,25600,178850434
-260,-27,-2014,25088,178851656
-258,-25,-2014,25088,178852878
-261,-25,-2016,25088,178854100
-261,-29,-2018,25088,178855322
-262,-29,-2019,25088,178856544
-262,-31,-2017,25088,178857766
-264,-31,-2018,25088,178858988
-263,-28,-2018,25600,178860233
-262,-28,-2014,25088,178861478
-264,-27,-2013,25088,178862701
-264,-25,-2013,25088,178863924
-263,-27,-2019,25088,178865147
-263,-28,-2019,25600,178866370
-264,-29,-2015,25600,178867593
-264,-30,-2014,25088,178868816
-262,-26,-2015,25088,178870039
-265,-26,-2015,25088,178871262
-263,-29,-2016,25088,178872485
-266,-26,-2016,25088,178873708
-267,-26,-2017,25088,178874931
-268,-26,-2016,25600,178876154
-263,-27,-2019,25088,178877377
-263,-26,-2017,25088,178878600
-259,-23,-2014,25600,178879822
-260,-27,-2012,25088,178881044
-258,-25,-2019,25600,178882266
-254,-23,-2015,25600,178883488
-258,-28,-2016,25600,178884710
-259,-29,-2015,25088,178885932
-260,-29,-2016,25088,178887154
-262,-28,-2019,25088,178888376
-264,-26,-2017,25088,178889614
-262,-28,-2014,25600,178890852
-261,-30,-2013,25600,178892090
-262,-28,-2016,25600,178893328
-263,-28,-2015,25600,178894566
-265,-25,-2018,25088,178895792
-262,-30,-2015,25088,178897018
-263,-30,-2016,25600,178898244
-260,-30,-2018,25088,178899469
-261,-27,-2012,25088,178900694
-261,-30,-2009,25600,178901919
-261,-30,-2010,25600,178903150
-264,-28,-2012,25600,178904381
-262,-28,-2014,25600,178905612
-265,-27,-2016,25088,178906843
-262,-26,-2019,25088,178908074
-262,-24,-2020,25088,178909309
-265,-26,-2017,25600,178910544
-261,-25,-2017,25088,178911779
-258,-23,-2017,25600,178913014
-259,-27,-2017,25088,178914249
-258,-28,-2013,25088,178915484
-258,-26,-2014,25600,178916719
-263,-25,-2015,25088,178917954
-266,-31,-2015,25088,178919192
-264,-30,-2014,25600,178920430
-263,-32,-2010,25600,178921668
-261,-32,-2012,25600,178922906
-259,-27,-2019,25600,178924144
-260,-28,-2019,25088,178925382
-260,-25,-2020,25088,178926620
-263,-26,-2018,25600,178927858
-262,-24,-2014,25088,178929112
-264,-24,-2015,25600,178930366
-267,-27,-2016,25600,178931620
-264,-24,-2019,25088,178932874
-264,-26,-2017,25600,178934128
-262,-24,-2018,25600,178935372
-260,-27,-2016,25088,178936616
-258,-28,-2018,25088,178937860
-260,-29,-2013,25600,178939109
-263,-27,-2013,25600,178940358
-259,-25,-2017,25088,178941607
-262,-24,-2016,25088,178942856
-262,-24,-2018,25600,178944105
-260,-30,-2015,25088,178945354
-262,-29,-2016,25088,178946603
-265,-27,-2015,25088,178947852
-264,-24,-2015,25088,178949101
-264,-30,-2018,25088,178950350
-257,-29,-2014,25088,178951599
-258,-27,-2021,25600,178952848
-261,-25,-2024,25600,178954097
-264,-22,-2020,25600,178955346
-264,-21,-2017,25088,178956595
-264,-24,-2013,25088,178957844
-265,-26,-2009,25600,178959092
-266,-30,-2018,25088,178960340
-263,-26,-2021,25088,178961588
-267,-26,-2022,25088,178962841
-265,-29,-2019,25088,178964094
-261,-28,-2021,25088,178965347
-262,-32,-2019,25088,178966600
-263,-31,-2020,25088,178967853
-265,-25,-2018,25600,178969107
-262,-28,-2017,25600,178970361
-261,-28,-2020,25088,178971615
-259,-28,-2023,25088,178972869
-262,-30,-2018,25088,178974123
-265,-30,-2021,25088,178975377
-262,-26,-2022,25600,178976631
-259,-26,-2020,25088,178977885
-264,-31,-2019,25088,178979140
-263,-30,-2015,25600,178980395
-261,-28,-2015,25088,178981650
-258,-25,-2015,25088,178982905
-261,-27,-2013,25600,178984160
-260,-26,-2016,25088,178985415
-260,-33,-2018,25088,178986670
-262,-30,-2015,25600,178987925
-258,-26,-2014,25088,178989173
-260,-28,-2016,25600,178990421
-262,-27,-2017,25088,178991669
-263,-27,-2017,25600,178992917
-264,-31,-2016,25088,178994165
-263,-30,-2020,25088,178995413
-262,-30,-2016,25088,178996672
-262,-26,-2016,25088,178997931
-266,-23,-2017,25088,178999187
-265,-21,-2015,25088,179000443
-264,-24,-2011,25088,179001699
-263,-27,-2014,25088,179002958
-262,-26,-2015,25088,179004217
-261,-28,-2009,25600,179005476
-261,-33,-2010,25600,179006735
-263,-31,-2014,25088,179007994
-268,-30,-2019,25600,179009253
-267,-28,-2018,25088,179010512
-262,-27,-2015,25088,179011771
-260,-25,-2015,25600,179013030
-263,-28,-2015,25600,179014289
-261,-31,-2016,25088,179015548
-260,-29,-2015,25088,179016807
-262,-27,-2017,25088,179018066
-261,-28,-2016,25088,179019325
-264,-26,-2016,25088,179020584
-262,-25,-2015,25088,179021843
-263,-25,-2011,25600,179023102
-262,-27,-2010,25088,179024361
-263,-30,-2013,25600,179025620
-260,-28,-2014,25600,179026879
-258,-28,-2015,25088,179028138
-262,-30,-2011,25088,179029385
-261,-27,-2013,25088,179030633
-261,-29,-2015,25088,179031881
-267,-32,-2015,25088,179033129
-269,-27,-2016,25088,179034377
-266,-26,-2015,25600,179035625
-262,-25,-2013,25600,179036885
-264,-28,-2014,25600,179038145
-267,-29,-2017,25088,179039405
-263,-28,-2017,25088,179040665
-261,-25,-2016,25600,179041925
-263,-23,-2016,25088,179043185
-265,-23,-2013,25088,179044445
-266,-24,-2012,25600,179045705
-264,-26,-2017,25600,179046965
-261,-27,-2020,25088,179048225
-258,-26,-2020,25600,179049482
-262,-30,-2019,25600,179050739
-265,-27,-2013,25088,179051996
-262,-30,-2016,25600,179053253
-263,-29,-2017,25088,179054510
-262,-25,-2020,25088,179055767
-264,-28,-2020,25600,179057024
-264,-29,-2012,25600,179058281
-261,-30,-2014,25088,179059535
-262,-33,-2014,25088,179060789
-264,-25,-2014,25600,179062043
-263,-25,-2014,25088,179063299
-259,-25,-2016,25088,179064555
-259,-28,-2017,25088,179065811
-259,-26,-2020,25088,179067067
-258,-29,-2016,25600,179068323
-260,-36,-2018,25088,179069558
-261,-33,-2017,25600,179070812
-262,-27,-2016,25600,179072066
-264,-27,-2020,25600,179073320
-264,-27,-2017,25600,179074574
-261,-28,-2013,25088,179075828
-263,-26,-2016,25600,179077082
-263,-24,-2016,25088,179078336
-264,-25,-2015,25600,179079589
-260,-26,-2014,25088,179080842
-263,-31,-2016,25088,179082095
-262,-33,-2014,25600,179083348
-261,-30,-2013,25088,179084601
-261,-31,-2012,25088,179085854
-262,-27,-2013,25600,179087107
-261,-24,-2015,25088,179088360
-258,-29,-2018,25088,179089602
-261,-26,-2018,25088,179090844
-261,-27,-2017,25088,179092086
-265,-26,-2017,25600,179093328
-262,-28,-2014,25600,179094570
-264,-28,-2020,25088,179095812
-264,-30,-2020,25088,179097066
-264,-27,-2010,25600,179098320
-265,-28,-2009,25088,179099569
-267,-29,-2014,25600,179100818
-263,-27,-2015,25088,179102067
-259,-26,-2013,25088,179103317
-262,-28,-2014,25088,179104567
-267,-26,-2015,25600,179105817
-263,-28,-2017,25088,179107067
-265,-28,-2016,25600,179108317
-263,-26,-2018,25088,179109567
-261,-24,-2017,25600,179110817
-260,-24,-2018,25600,179112067
-261,-23,-2022,25088,179113317
-262,-23,-2024,25088,179114567
-259,-26,-2020,25088,179115817
-259,-25,-2019,25600,179117067
-264,-24,-2018,25600,179118317
-263,-27,-2014,25088,179119567
-262,-26,-2012,25088,179120817
-262,-25,-2015,25600,179122067
-263,-30,-2015,25088,179123317
-265,-28,-2015,25088,179124567
-259,-27,-2015,25600,179125817
-261,-28,-2018,25088,179127067
-259,-25,-2018,25088,179128317
-259,-26,-2018,25088,179129555
-260,-28,-2010,25600,179130792
-261,-28,-2014,25088,179132029
-262,-30,-2014,25088,179133266
-260,-29,-2017,25600,179134503
-259,-26,-2014,25600,179135740
-260,-26,-2016,25088,179136989
-257,-26,-2020,25088,179138238
-262,-28,-2019,25088,179139459
-265,-26,-2021,25600,179140680
-261,-24,-2019,25088,179141901
-258,-26,-2020,25088,179143122
-260,-26,-2015,25088,179144343
-264,-24,-2016,25088,179145564
-264,-28,-2016,25088,179146785
-267,-28,-2013,25600,179148006
-265,-26,-2012,25088,179149227
-261,-27,-2016,25088,179150450
-257,-25,-2013,25088,179151673
-262,-25,-2012,25088,179152896
-263,-27,-2012,25600,179154119
-259,-25,-2014,25088,179155342
-261,-27,-2014,25600,179156565
-261,-24,-2017,25600,179157788
-259,-25,-2016,25088,179159011
-262,-31,-2014,25600,179160257
-266,-25,-2011,25088,179161503
-261,-28,-2015,25600,179162727
-261,-28,-2015,25088,179163951
-263,-28,-2015,25088,179165175
-257,-29,-2016,25088,179166399
-257,-29,-2020,25600,179167623
-261,-23,-2018,25088,179168847
-260,-25,-2010,25088,179170071
-265,-28,-2013,25088,179171295
-265,-27,-2014,25088,179172519
-266,-30,-2016,25088,179173743
-260,-31,-2013,25088,179174967
-259,-29,-2018,25600,179176191
-261,-28,-2019,25600,179177415
-260,-26,-2017,25088,179178639
-262,-24,-2011,25088,179179862
-265,-21,-2011,25088,179181085
-270,-22,-2016,25088,179182308
-264,-24,-2016,25088,179183531
-262,-25,-2016,25088,179184754
-261,-25,-2015,25088,179185977
-260,-26,-2013,25088,179187200
-261,-31,-2015,25600,179188423
-263,-32,-2019,25088,179189662
-259,-29,-2015,25088,179190901
-262,-31,-2015,25600,179192140
-263,-28,-2016,25600,179193379
-260,-29,-2017,25600,179194618
-263,-28,-2019,25088,179195845
-263,-25,-2019,25088,179197072
-255,-31,-2016,25088,179198299
-258,-29,-2016,25088,179199523
-263,-29,-2015,25088,179200747
-268,-27,-2019,25088,179201971
-268,-25,-2017,25088,179203201
-264,-24,-2016,25088,179204431
-261,-25,-2018,25088,179205661
-264,-26,-2015,25088,179206891
-266,-27,-2015,25600,179208121
-263,-28,-2016,25088,179209356
-261,-24,-2019,25088,179210591
-263,-28,-2021,25088,179211826
-259,-26,-2021,25088,179213061
-257,-29,-2021,25600,179214296
-261,-26,-2018,25088,179215531
-263,-27,-2014,25088,179216766
-263,-27,-2017,25088,179218001
-264,-29,-2018,25088,179219238
-264,-28,-2013,25088,179220475
-260,-27,-2017,25088,179221712
-262,-25,-2022,25088,179222949
-260,-32,-2022,25088,179224186
-255,-31,-2015,25600,179225423
-260,-28,-2015,25088,179226660
-261,-29,-2016,25088,179227897
-262,-27,-2016,25600,179229150
-261,-25,-2014,25088,179230403
-263,-26,-2015,25600,179231656
-261,-25,-2017,25088,179232909
-260,-25,-2017,25088,179234162
-260,-27,-2019,25088,179235405
-259,-28,-2016,25600,179236648
-260,-26,-2013,25600,179237891
-261,-27,-2015,25088,179239139
-263,-28,-2015,25600,179240387
-265,-28,-2015,25088,179241635
-265,-23,-2016,25088,179242883
-263,-30,-2015,25088,179244131
-265,-25,-2013,25088,179245379
-263,-26,-2015,25088,179246627
-262,-30,-2014,25088,179247875
-260,-29,-2013,25600,179249123
-261,-31,-2015,25088,179250371
-261,-25,-2015,25088,179251619
-261,-18,-2020,25088,179252867
-262,-22,-2015,25600,179254115
-262,-26,-2016,25600,179255363
-261,-28,-2016,25600,179256611
-261,-27,-2016,25600,179257859
-263,-33,-2018,25088,179259105
-264,-35,-2015,25088,179260351
-265,-26,-2015,25600,179261597
-266,-27,-2016,25088,179262848
-263,-28,-2014,25600,179264099
-263,-27,-2015,25600,179265350
-266,-31,-2018,25600,179266601
-258,-33,-2015,25600,179267852
-261,-29,-2014,25600,179269105
-267,-32,-2015,25088,179270358
-268,-26,-2015,25088,179271611
-261,-25,-2014,25600,179272864
-258,-26,-2017,25600,179274117
-264,-26,-2018,25600,179275370
-265,-26,-2018,25600,179276623
-266,-28,-2020,25088,179277876
-264,-27,-2018,25088,179279131
-264,-30,-2014,25088,179280386
-261,-27,-2009,25088,179281641
-263,-30,-2014,25600,179282896
-263,-28,-2015,25600,179284151
-262,-29,-2017,25600,179285406
-264,-30,-2016,25088,179286661
-264,-31,-2018,25088,179287916
-264,-26,-2017,25088,179289163
-262,-28,-2015,25088,179290410
-259,-27,-2009,25600,179291657
-260,-25,-2017,25600,179292904
-265,-28,-2014,25088,179294151
-266,-30,-2013,25600,179295398
-264,-27,-2015,25600,179296656
-260,-25,-2012,25088,179297914
-258,-25,-2013,25088,179299169
-260,-24,-2015,25600,179300424
-264,-28,-2015,25088,179301679
-259,-29,-2014,25088,179302938
-261,-27,-2012,25088,179304197
-262,-23,-2018,25088,179305456
-261,-26,-2015,25088,179306715
-262,-31,-2017,25088,179307974
-258,-29,-2013,25088,179309233
-260,-30,-2012,25600,179310492
-262,-26,-2016,25088,179311751
-266,-29,-2017,25088,179313010
-263,-33,-2021,25088,179314269
-263,-28,-2017,25600,179315528
-263,-29,-2017,25088,179316787
-262,-26,-2018,25088,179318046
-263,-27,-2017,25088,179319305
-265,-27,-2015,25088,179320564
-261,-26,-2014,25600,179321823
-264,-27,-2013,25088,179323082
-262,-27,-2011,25088,179324341
-263,-25,-2014,25088,179325600
-262,-27,-2015,25088,179326859
-265,-27,-2014,25088,179328118
-264,-27,-2017,25088,179329365
-264,-28,-2018,25600,179330612
-263,-26,-2016,25600,179331859
-261,-30,-2014,25600,179333106
-261,-28,-2015,25088,179334353
-266,-30,-2019,25088,179335600
-264,-32,-2016,25088,179336860
-262,-31,-2014,25088,179338120
-263,-30,-2016,25088,179339380
-263,-28,-2020,25088,179340640
-261,-28,-2018,25088,179341900
-263,-28,-2017,25600,179343160
-262,-29,-2017,25088,179344420
-261,-23,-2015,25600,179345680
-265,-25,-2015,25088,179346940
-265,-31,-2019,25600,179348200
-263,-30,-2015,25088,179349457
-265,-31,-2016,25088,179350714
-262,-29,-2015,25088,179351971
-264,-24,-2017,25600,179353228
-262,-30,-2017,25600,179354485
-260,-33,-2016,25600,179355742
-264,-32,-2014,25600,179356999
-262,-30,-2015,25088,179358256
-263,-29,-2013,25088,179359515
-257,-24,-2015,25600,179360774
-258,-27,-2011,25088,179362033
-265,-28,-2011,25600,179363289
-261,-27,-2011,25600,179364545
-262,-24,-2011,25088,179365801
-264,-25,-2015,25088,179367057
-261,-27,-2019,25088,179368313
-265,-27,-2020,25088,179369549
-262,-24,-2015,25088,179370804
-263,-24,-2015,25600,179372059
-259,-27,-2013,25088,179373314
-263,-27,-2013,25088,179374569
-265,-27,-2017,25088,179375824
-265,-25,-2018,25088,179377079
-262,-26,-2017,25088,179378334
-263,-25,-2020,25088,179379587
-266,-29,-2022,25088,179380840
-264,-23,-2020,25088,179382093
-265,-23,-2014,25088,179383346
-262,-24,-2013,25088,179384599
-263,-23,-2012,25600,179385852
-263,-24,-2018,25088,179387105
-262,-26,-2016,25088,179388358
-256,-26,-2016,25088,179389605
-261,-25,-2016,25088,179390852
-261,-26,-2014,25088,179392099
-266,-28,-2016,25088,179393346
-267,-25,-2018,25088,179394593
-269,-31,-2018,25088,179395840
-266,-30,-2019,25600,179397094
-265,-28,-2011,25088,179398348
-263,-25,-2011,25088,179399597
-261,-28,-2013,25088,179400846
-261,-25,-2015,25088,179402095
-265,-28,-2016,25088,179403346
-265,-29,-2014,25088,179404597
-260,-25,-2013,25600,179405848
-260,-27,-2015,25088,179407099
-262,-25,-2011,25088,179408350
-256,-28,-2012,25600,179409601
-260,-24,-2014,25600,179410852
-263,-26,-2010,25088,179412103
-265,-25,-2014,25088,179413354
-265,-29,-2015,25088,179414605
-264,-29,-2017,25088,179415856
-264,-31,-2014,25088,179417107
-263,-28,-2013,25088,179418358
-262,-29,-2017,25088,179419608
-264,-30,-2021,25088,179420858
-262,-27,-2016,25088,179422108
-259,-23,-2012,25600,179423358
-261,-22,-2012,25600,179424608
-264,-25,-2015,25088,179425858
-263,-25,-2016,25088,179427108
-266,-26,-2014,25088,179428358
-267,-25,-2016,25088,179429596
-261,-24,-2018,25088,179430834
-264,-22,-2013,25088,179432072
-264,-23,-2015,25600,179433310
-263,-29,-2017,25088,179434548
-266,-31,-2017,25088,179435786
-267,-27,-2020,25088,179437035
-266,-23,-2016,25088,179438284
-266,-24,-2015,25088,179439504
-261,-23,-2013,25088,179440724
-259,-21,-2016,25088,179441944
-263,-27,-2016,25088,179443164
-262,-29,-2018,25088,179444384
-262,-29,-2019,25600,179445604
-265,-30,-2019,25600,179446824
-266,-28,-2020,25088,179448044
-267,-27,-2016,25600,179449264
-266,-26,-2022,25088,179450512
-263,-29,-2017,25088,179451760
-265,-30,-2016,25600,179453008
-265,-28,-2022,25600,179454256
-265,-26,-2024,25600,179455504
-263,-26,-2024,25088,179456752
-265,-28,-2020,25088,179458000
-261,-26,-2016,25600,179459225
-262,-25,-2014,25600,179460450
-262,-27,-2014,25600,179461675
-264,-28,-2016,25088,179462900
-266,-23,-2013,25088,179464123
-264,-29,-2017,25600,179465346
-262,-27,-2015,25600,179466569
-262,-25,-2020,25088,179467792
-264,-28,-2019,25088,179469015
-265,-26,-2016,25600,179470238
-263,-27,-2013,25088,179471461
-263,-26,-2010,25088,179472684
-261,-26,-2013,25088,179473907
-261,-27,-2013,25088,179475130
-262,-28,-2019,25600,179476353
-261,-28,-2017,25088,179477576
-261,-26,-2014,25088,179478799
-259,-24,-2017,25600,179480021
-260,-26,-2018,25600,179481243
-258,-29,-2017,25088,179482465
-259,-24,-2020,25600,179483687
-266,-30,-2018,25600,179484909
-267,-33,-2021,25088,179486131
-266,-30,-2024,25088,179487353
-262,-24,-2021,25088,179488575
-262,-26,-2020,25088,179489817
-262,-28,-2012,25600,179491059
-262,-24,-2020,25088,179492301
-262,-25,-2021,25088,179493543
-263,-28,-2019,25088,179494785
-263,-27,-2018,25088,179496011
-261,-29,-2020,25088,179497237
-264,-25,-2015,25600,179498463
-266,-25,-2019,25088,179499687
-264,-28,-2017,25088,179500911
-263,-27,-2018,25088,179502135
-267,-30,-2016,25088,179503365
-265,-27,-2015,25088,179504595
-264,-24,-2013,25088,179505825
-261,-25,-2016,25088,179507055
-263,-26,-2020,25600,179508285
-262,-22,-2022,25088,179509515
-263,-25,-2018,25088,179510745
-260,-28,-2019,25088,179511975
-262,-25,-2019,25088,179513205
-261,-25,-2021,25088,179514435
-257,-25,-2016,25088,179515665
-263,-30,-2015,25600,179516895
-264,-28,-2012,25088,179518125
-263,-27,-2015,25088,179519359
-263,-25,-2014,25600,179520593
-264,-27,-2015,25088,179521827
-265,-29,-2019,25088,179523061
-265,-27,-2021,25600,179524295
-262,-27,-2020,25088,179525529
-265,-25,-2019,25088,179526763
-263,-27,-2017,25088,179527997
-264,-26,-2017,25088,179529247
-263,-27,-2014,25088,179530497
-262,-26,-2015,25088,179531747
-260,-24,-2008,25088,179532997
-259,-27,-2011,25088,179534247
-260,-24,-2016,25088,179535487
-259,-25,-2017,25088,179536727
-257,-26,-2016,25088,179537967
-260,-28,-2012,25088,179539211
-262,-27,-2009,25088,179540455
-264,-25,-2015,25088,179541699
-262,-24,-2017,25088,179542943
-261,-29,-2016,25088,179544187
-264,-31,-2018,25088,179545431
-260,-32,-2019,25088,179546675
-261,-26,-2014,25088,179547919
-259,-22,-2013,25600,179549164
-261,-25,-2013,25600,179550409
-261,-27,-2014,25600,179551654
-264,-29,-2014,25600,179552899
-268,-29,-2014,25088,179554144
-266,-27,-2014,25600,179555389
-264,-23,-2014,25088,179556634
-262,-23,-2012,25600,179557879
-261,-25,-2016,25088,179559127
-263,-26,-2019,25088,179560375
-259,-29,-2014,25600,179561623
-263,-27,-2013,25088,179562871
-262,-26,-2015,25088,179564119
-260,-29,-2010,25088,179565367
-261,-25,-2018,25088,179566615
-263,-30,-2013,25088,179567863
-263,-34,-2013,25088,179569113
-264,-28,-2019,25600,179570363
-266,-26,-2014,25088,179571613
-263,-27,-2016,25600,179572863
-263,-26,-2012,25088,179574113
-264,-23,-2012,25600,179575363
-262,-21,-2015,25600,179576613
-263,-26,-2013,25088,179577863
-262,-27,-2011,25088,179579115
-264,-30,-2014,25600,179580367
-263,-29,-2015,25600,179581619
-262,-28,-2017,25088,179582871
-263,-27,-2016,25088,179584123
-265,-30,-2016,25600,179585375
-264,-32,-2018,25088,179586627
-263,-30,-2016,25088,179587879
-263,-24,-2016,25088,179589128
-264,-24,-2015,25600,179590377
-266,-27,-2015,25600,179591626
-265,-27,-2019,25600,179592875
-264,-27,-2019,25600,179594124
-262,-28,-2012,25088,179595373
-264,-29,-2017,25600,179596629
-262,-28,-2016,25088,179597885
-262,-29,-2017,25600,179599139
-265,-30,-2015,25088,179600393
-263,-27,-2012,25088,179601647
-268,-27,-2014,25088,179602905
-266,-29,-2013,25600,179604163
-263,-32,-2016,25088,179605421
-266,-28,-2016,25088,179606679
-266,-27,-2015,25088,179607937
-265,-25,-2016,25088,179609196
-262,-28,-2016,25600,179610455
-264,-30,-2012,25600,179611714
-263,-28,-2015,25088,179612973
-263,-26,-2014,25088,179614232
-263,-26,-2016,25088,179615491
-261,-26,-2019,25088,179616750
-257,-27,-2017,25600,179618009
-258,-25,-2014,25600,179619267
-262,-24,-2018,25088,179620525
-266,-25,-2015,25088,179621783
-263,-28,-2014,25088,179623041
-263,-26,-2014,25088,179624299
-260,-24,-2019,25088,179625557
-260,-25,-2020,25600,179626815
-262,-26,-2017,25088,179628073
-258,-28,-2014,25088,179629320
-259,-30,-2013,25600,179630568
-262,-29,-2014,25088,179631816
-262,-26,-2014,25088,179633064
-263,-29,-2020,25088,179634312
-265,-27,-2014,25600,179635560
-263,-27,-2016,25600,179636821
-260,-29,-2018,25088,179638082
-255,-26,-2015,25600,179639342
-255,-25,-2015,25600,179640602
-258,-28,-2016,25088,179641862
-257,-23,-2013,25600,179643122
-259,-26,-2015,25600,179644382
-263,-30,-2013,25600,179645642
-262,-27,-2015,25088,179646902
-259,-27,-2013,25600,179648162
-261,-26,-2011,25088,179649420
-262,-29,-2011,25088,179650678
-259,-30,-2010,25600,179651936
-260,-29,-2012,25088,179653194
-264,-24,-2016,25088,179654452
-263,-31,-2016,25088,179655710
-261,-30,-2013,25088,179656968
-260,-28,-2015,25088,179658226
-264,-29,-2017,25088,179659486
-263,-30,-2016,25600,179660746
-261,-30,-2015,25600,179662006
-263,-31,-2019,25088,179663264
-264,-29,-2020,25600,179664522
-262,-26,-2017,25600,179665780
-263,-25,-2018,25088,179667038
-267,-25,-2019,25088,179668296
-267,-29,-2016,25088,179669533
-264,-28,-2016,25088,179670789
-266,-30,-2011,25600,179672045
-265,-25,-2018,25088,179673301
-263,-20,-2018,25088,179674557
-264,-24,-2015,25600,179675813
-264,-25,-2015,25088,179677069
-268,-27,-2018,25088,179678325
-265,-29,-2017,25088,179679579
-263,-30,-2012,25088,179680833
-263,-27,-2013,25088,179682087
-264,-25,-2011,25600,179683341
-267,-26,-2012,25600,179684595
-265,-28,-2018,25088,179685849
-264,-28,-2016,25088,179687103
-266,-26,-2012,25088,179688357
-265,-22,-2014,25600,179689605
-264,-20,-2018,25088,179690853
-265,-23,-2016,25600,179692101
-261,-25,-2012,25088,179693349
-262,-28,-2010,25088,179694597
-263,-27,-2015,25088,179695845
-264,-26,-2012,25088,179697100
-261,-25,-2010,25088,179698355
-259,-23,-2010,25088,179699605
-263,-24,-2013,25088,179700855
-264,-21,-2014,25088,179702105
-264,-25,-2015,25088,179703357
-263,-28,-2014,25088,179704609
-262,-29,-2012,25600,179705861
-265,-25,-2013,25600,179707113
-262,-27,-2017,25088,179708365
-262,-29,-2014,25088,179709616
-261,-27,-2012,25088,179710867
-261,-25,-2013,25088,179712118
-262,-27,-2015,25600,179713369
-261,-25,-2016,25088,179714620
-264,-22,-2015,25600,179715871
-267,-23,-2015,25600,179717122
-265,-27,-2012,25088,179718373
-265,-25,-2013,25088,179719624
-270,-25,-2015,25088,179720875
-266,-30,-2018,25088,179722126
-265,-31,-2019,25600,179723377
-265,-26,-2019,25600,179724628
-265,-30,-2019,25088,179725879
-264,-28,-2021,25088,179727130
-261,-24,-2014,25600,179728381
-262,-27,-2012,25600,179729619
-259,-28,-2013,25600,179730857
-261,-25,-2011,25088,179732095
-261,-24,-2010,25600,179733333
-263,-24,-2014,25088,179734571
-265,-28,-2015,25600,179735809
-263,-25,-2016,25088,179737058
-264,-31,-2016,25600,179738307
-263,-32,-2016,25088,179739556
-263,-32,-2016,25088,179740805
-264,-32,-2018,25600,179742054
-268,-30,-2013,25088,179743303
-270,-30,-2014,25088,179744552
-265,-30,-2017,25088,179745801
-262,-29,-2018,25088,179747050
-265,-31,-2015,25088,179748299
-264,-28,-2016,25088,179749547
-262,-26,-2016,25088,179750795
-264,-26,-2018,25600,179752043
-267,-30,-2015,25088,179753291
-262,-29,-2014,25088,179754539
-263,-29,-2016,25600,179755787
-264,-28,-2015,25088,179757035
-264,-26,-2013,25088,179758283
-267,-27,-2015,25088,179759508
-267,-29,-2012,25088,179760733
-263,-26,-2014,25088,179761958
-257,-29,-2017,25088,179763183
-261,-29,-2011,25600,179764405
-261,-25,-2014,25600,179765627
-263,-27,-2020,25088,179766849
-259,-22,-2018,25088,179768071
-261,-24,-2019,25088,179769293
-262,-27,-2010,25600,179770516
-260,-27,-2013,25088,179771739
-262,-24,-2016,25088,179772962
-266,-27,-2018,25600,179774185
-261,-28,-2019,25600,179775408
-261,-26,-2017,25600,179776631
-261,-24,-2019,25088,179777854
-263,-26,-2020,25088,179779077
-262,-29,-2020,25600,179780299
-262,-28,-2016,25088,179781521
-263,-30,-2014,25088,179782743
-261,-26,-2018,25088,179783965
-264,-29,-2017,25088,179785187
-265,-33,-2015,25088,179786409
-265,-30,-2016,25088,179787631
-266,-30,-2017,25088,179788853
-262,-24,-2018,25088,179790095
-262,-26,-2018,25088,179791337
-265,-24,-2017,25088,179792579
-264,-20,-2021,25088,179793821
-265,-24,-2020,25088,179795063
-263,-24,-2019,25600,179796288
-261,-25,-2016,25600,179797513
-262,-27,-2018,25600,179798738
-264,-30,-2017,25600,179799962
-262,-25,-2015,25088,179801186
-260,-28,-2016,25088,179802410
-261,-22,-2018,25088,179803634
-266,-25,-2018,25088,179804858
-265,-31,-2016,25088,179806082
-264,-28,-2017,25088,179807306
-265,-27,-2013,25088,179808530
-267,-28,-2013,25600,179809755
-265,-26,-2015,25600,179810980
-263,-26,-2013,25600,179812205
-264,-26,-2011,25088,179813430
-261,-28,-2012,25088,179814655
-262,-29,-2014,25600,179815880
-262,-27,-2012,25088,179817105
-263,-26,-2012,25600,179818330
-262,-28,-2016,25088,179819559
-261,-28,-2018,25088,179820788
-265,-31,-2014,25088,179822017
-268,-29,-2017,25600,179823246
-264,-25,-2015,25088,179824475
-265,-27,-2014,25088,179825704
-263,-28,-2014,25088,179826933
-265,-26,-2015,25088,179828162
-265,-26,-2015,25600,179829407
-263,-27,-2019,25600,179830652
-258,-26,-2015,25600,179831897
-264,-26,-2016,25088,179833142
-266,-27,-2016,25600,179834387
-266,-24,-2015,25600,179835621
-267,-27,-2014,25088,179836855
-264,-26,-2016,25088,179838089
-264,-29,-2015,25088,179839327
-263,-28,-2014,25088,179840565
-262,-30,-2020,25088,179841803
-259,-31,-2016,25088,179843041
-260,-29,-2014,25600,179844279
-265,-32,-2012,25088,179845517
-266,-31,-2016,25600,179846755
-266,-29,-2015,25088,179847993
-259,-24,-2017,25088,179849232
-259,-27,-2019,25088,179850471
-262,-26,-2011,25600,179851710
-262,-28,-2017,25088,179852949
-263,-29,-2021,25088,179854188
-259,-29,-2020,25088,179855427
-261,-31,-2016,25088,179856666
-259,-30,-2017,25600,179857905
-260,-30,-2017,25088,179859150
-264,-30,-2018,25088,179860395
-266,-29,-2015,25088,179861640
-266,-25,-2014,25088,179862883
-261,-24,-2012,25600,179864126
-265,-24,-2009,25600,179865369
-266,-27,-2015,25088,179866612
-261,-27,-2013,25088,179867855
-260,-29,-2017,25088,179869101
-260,-31,-2016,25088,179870347
-260,-30,-2010,25088,179871593
-261,-29,-2008,25600,179872839
-258,-29,-2015,25088,179874085
-260,-26,-2018,25088,179875331
-263,-24,-2017,25088,179876577
-267,-24,-2018,25088,179877823
-264,-25,-2016,25088,179879072
-260,-24,-2018,25600,179880321
-259,-25,-2017,25600,179881570
-261,-25,-2015,25088,179882819
-263,-28,-2014,25088,179884068
-261,-31,-2016,25600,179885317
-264,-28,-2018,25600,179886566
-263,-29,-2019,25088,179887815
-261,-24,-2018,25088,179889057
-263,-25,-2017,25088,179890299
-263,-26,-2014,25088,179891541
-265,-32,-2016,25088,179892783
-262,-29,-2017,25088,179894025
-264,-27,-2013,25088,179895267
-265,-27,-2010,25088,179896521
-262,-28,-2010,25088,179897775
-263,-31,-2015,25088,179899033
-261,-30,-2017,25600,179900291
-264,-26,-2017,25600,179901549
-265,-26,-2019,25088,179902805
-260,-23,-2018,25600,179904061
-261,-19,-2019,25088,179905317
-264,-27,-2018,25600,179906573
-267,-25,-2018,25600,179907829
-261,-27,-2015,25088,179909087
-259,-23,-2016,25088,179910345
-259,-28,-2017,25088,179911603
-260,-27,-2020,25600,179912861
-259,-26,-2018,25600,179914119
-258,-26,-2014,25088,179915377
-262,-31,-2015,25600,179916635
-261,-29,-2014,25600,179917893
-264,-21,-2015,25600,179919151
-259,-25,-2014,25088,179920409
-262,-30,-2012,25600,179921667
-267,-31,-2014,25600,179922925
-265,-34,-2016,25600,179924183
-264,-30,-2019,25600,179925441
-259,-27,-2015,25088,179926699
-258,-27,-2017,25088,179927957
-257,-24,-2016,25088,179929204
-255,-23,-2018,25088,179930453
-260,-22,-2017,25088,179931702
-259,-28,-2019,25088,179932951
-259,-28,-2015,25088,179934200
-262,-25,-2010,25088,179935449
-263,-26,-2012,25088,179936712
-264,-27,-2014,25088,179937975
-262,-26,-2012,25088,179939238
-265,-26,-2013,25088,179940501
-263,-25,-2014,25600,179941764
-263,-30,-2011,25088,179943027
-263,-30,-2014,25600,179944290
-261,-28,-2013,25600,179945553
-261,-27,-2017,25088,179946816
-264,-23,-2019,25088,179948079
-261,-26,-2016,25088,179949339
-260,-24,-2018,25088,179950599
-263,-26,-2017,25600,179951859
-264,-27,-2012,25088,179953119
-267,-26,-2018,25600,179954379
-263,-26,-2015,25600,179955639
-265,-23,-2013,25600,179956899
-261,-25,-2013,25600,179958159
-261,-24,-2015,25088,179959403
-262,-25,-2019,25088,179960647
-260,-28,-2017,25088,179961891
-261,-28,-2015,25088,179963135
-265,-26,-2015,25088,179964394
-262,-25,-2012,25088,179965653
-263,-25,-2013,25088,179966912
-267,-24,-2018,25088,179968171
-265,-24,-2015,25088,179969430
-263,-27,-2015,25600,179970689
-260,-29,-2014,25088,179971948
-262,-29,-2018,25088,179973207
-264,-30,-2021,25088,179974466
-263,-30,-2021,25088,179975725
-259,-29,-2020,25088,179976984
-264,-27,-2015,25088,179978243
-264,-28,-2014,25088,179979499
-264,-27,-2015,25088,179980755
-261,-25,-2013,25088,179982011
-258,-24,-2017,25600,179983267
-259,-24,-2012,25088,179984523
-260,-26,-2014,25088,179985779
-259,-25,-2013,25600,179987035
-264,-25,-2016,25600,179988291
-263,-24,-2012,25088,179989541
-261,-25,-2017,25088,179990791
-262,-25,-2016,25600,179992041
-255,-26,-2017,25088,179993291
-261,-28,-2019,25088,179994541
-261,-27,-2016,25600,179995791
-261,-29,-2013,25088,179997048
-261,-29,-2013,25088,179998305
-261,-28,-2011,25600,179999558
-261,-29,-2015,25600,180000811
-260,-30,-2016,25088,180002064
-261,-27,-2015,25088,180003318
-266,-25,-2014,25088,180004572
-266,-24,-2013,25088,180005826
-262,-24,-2012,25600,180007080
-264,-25,-2013,25088,180008334
-265,-23,-2014,25600,180009587
-263,-26,-2013,25088,180010840
-263,-26,-2014,25600,180012093
-267,-28,-2015,25088,180013346
-265,-28,-2015,25088,180014599
-262,-26,-2015,25600,180015852
-257,-25,-2014,25088,180017105
-258,-28,-2011,25088,180018358
-260,-30,-2011,25088,180019611
-259,-32,-2012,25088,180020864
-264,-30,-2012,25600,180022117
-265,-34,-2011,25088,180023370
-263,-29,-2018,25088,180024623
-264,-28,-2018,25600,180025876
-265,-30,-2015,25600,180027129
-264,-29,-2018,25088,180028382
-265,-25,-2017,25600,180029623
-261,-25,-2019,25088,180030863
-262,-28,-2013,25088,180032103
-263,-27,-2010,25600,180033343
-262,-26,-2014,25600,180034583
-263,-26,-2019,25088,180035823
-263,-27,-2020,25600,180037074
-264,-26,-2016,25600,180038325
-266,-28,-2018,25600,180039575
-263,-26,-2016,25088,180040825
-264,-27,-2019,25600,180042075
-262,-28,-2015,25088,180043325
-262,-23,-2019,25600,180044575
-261,-24,-2015,25088,180045825
-266,-25,-2017,25088,180047075
-265,-25,-2016,25088,180048325
-265,-26,-2018,25088,180049574
-267,-26,-2020,25088,180050823
-264,-30,-2012,25088,180052072
-261,-26,-2017,25600,180053321
-262,-27,-2018,25600,180054570
-266,-27,-2016,25600,180055819
-263,-27,-2015,25088,180057068
-261,-26,-2018,25088,180058317
-262,-23,-2014,25088,180059550
-261,-25,-2018,25600,180060783
-261,-26,-2014,25088,180062016
-261,-30,-2015,25088,180063249
-262,-24,-2019,25088,180064472
-258,-28,-2018,25088,180065695
-259,-31,-2016,25088,180066918
-262,-28,-2014,25600,180068141
-261,-30,-2018,25088,180069364
-261,-29,-2018,25600,180070587
-260,-24,-2010,25088,180071810
-263,-27,-2012,25088,180073033
-262,-25,-2014,25600,180074256
-260,-25,-2021,25088,180075479
-261,-25,-2019,25088,180076702
-265,-30,-2018,25088,180077925
-264,-25,-2017,25088,180079148
-260,-23,-2014,25600,180080370
-262,-24,-2013,25600,180081592
-261,-25,-2013,25088,180082814
-260,-26,-2015,25088,180084036
-264,-28,-2018,25600,180085258
-266,-28,-2016,25600,180086480
-268,-32,-2017,25088,180087702
-265,-31,-2020,25088,180088924
-263,-27,-2017,25088,180090165
-261,-24,-2017,25088,180091406
-258,-24,-2014,25088,180092647
-256,-26,-2018,25088,180093888
-260,-25,-2018,25600,180095129
-263,-26,-2018,25088,180096354
-265,-28,-2015,25088,180097579
-260,-27,-2013,25600,180098804
-260,-26,-2014,25088,180100026
-261,-24,-2019,25088,180101248
-264,-29,-2016,25088,180102470
-264,-26,-2014,25088,180103694
-261,-27,-2015,25600,180104918
-258,-28,-2015,25088,180106142
-259,-29,-2021,25088,180107366
-260,-25,-2019,25088,180108590
-264,-23,-2014,25600,180109814
-263,-24,-2015,25088,180111038
-263,-26,-2016,25088,180112262
-259,-25,-2017,25088,180113486
-261,-25,-2016,25088,180114710
-264,-27,-2016,25088,180115934
-264,-29,-2015,25088,180117158
-262,-24,-2014,25088,180118382
-264,-25,-2018,25088,180119610
-260,-22,-2016,25088,180120838
-261,-26,-2013,25088,180122066
-262,-27,-2015,25088,180123294
-264,-25,-2018,25088,180124522
-260,-29,-2019,25600,180125750
-260,-30,-2017,25088,180126978
-261,-22,-2016,25088,180128206
-262,-24,-2017,25088,180129449
-261,-27,-2018,25088,180130692
-261,-30,-2018,25088,180131935
-257,-31,-2016,25600,180133178
-261,-29,-2013,25600,180134421
-262,-24,-2016,25088,180135654
-263,-26,-2018,25088,180136887
-266,-29,-2017,25088,180138120
-263,-30,-2019,25600,180139357
-264,-32,-2017,25088,180140594
-262,-31,-2019,25600,180141831
-262,-31,-2021,25088,180143068
-268,-30,-2019,25088,180144305
-262,-28,-2015,25088,180145542
-258,-28,-2015,25600,180146779
-263,-27,-2017,25600,180148016
-263,-27,-2020,25088,180149254
-262,-26,-2021,25088,180150492
-265,-25,-2024,25088,180151730
-264,-30,-2018,25088,180152968
-263,-31,-2016,25088,180154206
-259,-29,-2015,25088,180155444
-264,-30,-2015,25088,180156682
-264,-28,-2020,25088,180157920
-261,-30,-2021,25088,180159162
-261,-28,-2018,25600,180160404
-260,-29,-2020,25600,180161646
-261,-31,-2020,25088,180162887
-258,-30,-2018,25088,180164128
-257,-29,-2019,25088,180165369
-259,-28,-2016,25088,180166610
-261,-28,-2022,25088,180167851
-260,-28,-2021,25088,180169096
-260,-30,-2018,25088,180170341
-260,-28,-2017,25088,180171586
-262,-28,-2016,25600,180172831
-259,-28,-2018,25088,180174076
-263,-27,-2016,25088,180175321
-265,-29,-2016,25600,180176566
-266,-26,-2017,25088,180177811
-262,-25,-2021,25088,180179059
-262,-27,-2019,25600,180180307
-260,-30,-2017,25600,180181555
-261,-27,-2021,25088,180182803
-265,-25,-2018,25600,180184051
-268,-24,-2016,25088,180185299
-264,-27,-2016,25600,180186547
-265,-25,-2016,25088,180187795
-260,-25,-2018,25600,180189040
-261,-23,-2019,25088,180190285
-262,-27,-2011,25088,180191530
-260,-27,-2014,25600,180192775
-262,-25,-2013,25088,180194020
-263,-29,-2014,25088,180195265
-260,-29,-2015,25600,180196518
-265,-27,-2013,25600,180197771
-265,-25,-2017,25600,180199022
-264,-24,-2015,25088,180200273
-266,-28,-2016,25088,180201524
-260,-27,-2017,25088,180202780
-260,-25,-2017,25088,180204036
-263,-24,-2015,25600,180205292
-263,-25,-2016,25088,180206548
-264,-27,-2017,25088,180207804
-266,-29,-2014,25088,180209062
-268,-30,-2011,25088,180210320
-268,-30,-2011,25088,180211578
-266,-29,-2016,25088,180212836
-267,-26,-2017,25088,180214094
-264,-27,-2010,25088,180215352
-266,-28,-2014,25088,180216610
-262,-32,-2019,25088,180217868
-262,-29,-2018,25600,180219126
-265,-25,-2017,25088,180220384
-264,-25,-2013,25600,180221642
-265,-24,-2013,25088,180222900
-260,-27,-2013,25088,180224158
-264,-28,-2017,25088,180225416
-264,-27,-2014,25088,180226674
-263,-27,-2012,25088,180227932
-263,-26,-2008,25600,180229179
-259,-25,-2012,25088,180230428
-264,-24,-2017,25600,180231677
-262,-28,-2017,25600,180232926
-263,-26,-2023,25088,180234175
-265,-25,-2019,25600,180235424
-266,-27,-2017,25088,180236687
-260,-26,-2015,25600,180237950
-264,-28,-2017,25088,180239213
-260,-27,-2017,25088,180240476
-257,-31,-2014,25088,180241739
-259,-32,-2015,25600,180243002
-263,-28,-2020,25088,180244265
-263,-26,-2021,25600,180245528
-261,-25,-2019,25088,180246791
-262,-27,-2020,25088,180248054
-256,-24,-2013,25600,180249314
-259,-27,-2018,25088,180250574
-264,-26,-2013,25600,180251834
-259,-28,-2018,25600,180253094
-263,-27,-2018,25088,180254354
-264,-28,-2017,25088,180255614
-262,-27,-2017,25088,180256874
-262,-27,-2017,25600,180258134
-260,-28,-2015,25600,180259397
-264,-30,-2013,25600,180260660
-264,-29,-2015,25088,180261923
-261,-28,-2018,25600,180263183
-266,-27,-2019,25088,180264443
-266,-29,-2013,25088,180265703
-261,-30,-2015,25088,180266963
-260,-26,-2016,25600,180268223
-260,-27,-2014,25088,180269463
-260,-24,-2014,25088,180270722
-263,-28,-2010,25088,180271981
-263,-25,-2013,25088,180273240
-261,-27,-2016,25088,180274499
-263,-26,-2013,25600,180275758
-266,-29,-2013,25088,180277017
-265,-31,-2014,25088,180278276
-266,-30,-2013,25088,180279533
-261,-28,-2016,25088,180280790
-263,-28,-2018,25088,180282047
-261,-31,-2010,25088,180283304
-260,-27,-2011,25600,180284561
-260,-28,-2012,25088,180285818
-261,-28,-2015,25600,180287075
-261,-29,-2017,25088,180288332
-259,-27,-2015,25088,180289583
-258,-28,-2016,25088,180290834
-262,-32,-2014,25088,180292085
-260,-27,-2014,25088,180293336
-263,-25,-2017,25600,180294587
-269,-30,-2017,25600,180295838
-267,-33,-2017,25088,180297095
-261,-29,-2014,25600,180298352
-261,-24,-2012,25600,180299604
-266,-27,-2015,25088,180300856
-266,-27,-2018,25088,180302108
-264,-28,-2017,25088,180303362
-262,-27,-2016,25600,180304616
-261,-23,-2012,25600,180305870
-260,-25,-2017,25088,180307124
-261,-27,-2015,25088,180308378
-260,-26,-2016,25088,180309631
-265,-26,-2015,25088,180310884
-264,-28,-2014,25600,180312137
-265,-29,-2015,25088,180313390
-263,-27,-2019,25088,180314643
-261,-27,-2014,25600,180315896
-261,-27,-2012,25088,180317149
-261,-25,-2012,25600,180318402
-256,-25,-2010,25600,180319654
-258,-27,-2011,25088,180320906
-262,-30,-2009,25088,180322158
-264,-28,-2013,25600,180323410
-263,-28,-2014,25600,180324662
-264,-28,-2015,25088,180325914
-263,-24,-2019,25600,180327166
-265,-27,-2016,25600,180328418
-259,-25,-2018,25088,180329657
-261,-24,-2019,25600,180330896
-263,-27,-2017,25088,180332135
-263,-28,-2019,25088,180333374
-262,-35,-2016,25088,180334613
-260,-32,-2015,25088,180335852
-264,-28,-2016,25088,180337102
-262,-30,-2017,25088,180338352
-262,-31,-2019,25600,180339601
-262,-30,-2018,25088,180340850
-263,-29,-2016,25088,180342099
-266,-28,-2014,25600,180343348
-266,-30,-2015,25600,180344597
-264,-26,-2017,25088,180345846
-264,-21,-2013,25088,180347095
-264,-26,-2015,25600,180348344
-261,-27,-2017,25600,180349592
-260,-27,-2016,25088,180350840
-258,-29,-2014,25088,180352088
-261,-29,-2016,25088,180353336
-265,-32,-2016,25088,180354584
-264,-27,-2018,25088,180355832
-261,-24,-2018,25088,180357080
-265,-23,-2016,25088,180358328
-267,-21,-2014,25088,180359555
-260,-24,-2020,25088,180360782
-263,-24,-2019,25600,180362009
-265,-25,-2016,25088,180363236
-260,-21,-2012,25088,180364459
-257,-22,-2013,25088,180365682
-260,-23,-2014,25088,180366905
-261,-24,-2015,25088,180368128
-269,-27,-2018,25088,180369351
-266,-26,-2019,25088,180370575
-262,-22,-2018,25088,180371799
-257,-24,-2016,25088,180373023
-260,-31,-2017,25088,180374247
-265,-29,-2018,25088,180375471
-263,-28,-2016,25088,180376695
-258,-31,-2014,25600,180377919
-261,-34,-2017,25600,180379143
-259,-33,-2016,25088,180380365
-263,-31,-2018,25600,180381587
-262,-28,-2017,25088,180382809
-265,-25,-2016,25088,180384031
-264,-25,-2021,25600,180385253
-265,-27,-2020,25600,180386475
-264,-25,-2021,25088,180387697
-264,-25,-2019,25600,180388919
-264,-26,-2015,25088,180390142
-266,-28,-2012,25088,180391365
-261,-28,-2014,25600,180392588
-260,-32,-2015,25088,180393811
-264,-27,-2014,25600,180395034
-263,-28,-2016,25088,180396257
-266,-26,-2018,25088,180397482
-263,-24,-2017,25600,180398707
-262,-26,-2018,25600,180399930
-268,-26,-2018,25088,180401153
-264,-24,-2022,25600,180402376
-263,-25,-2021,25600,180403621
-265,-25,-2015,25600,180404866
-264,-27,-2015,25600,180406111
-263,-25,-2016,25600,180407356
-262,-23,-2020,25088,180408601
-260,-27,-2017,25600,180409825
-265,-31,-2016,25600,180411049
-267,-32,-2015,25600,180412273
-264,-27,-2015,25600,180413497
-259,-24,-2013,25088,180414721
-263,-28,-2016,25088,180415945
-269,-24,-2023,25600,180417169
-268,-27,-2018,25088,180418393
-267,-24,-2018,25600,180419622
-260,-27,-2013,25088,180420851
-261,-30,-2011,25600,180422080
-263,-28,-2017,25088,180423309
-265,-31,-2016,25088,180424538
-265,-27,-2018,25088,180425767
-259,-26,-2014,25600,180426996
-261,-25,-2011,25088,180428225
-265,-29,-2011,25600,180429454
-264,-29,-2015,25088,180430697
-259,-26,-2013,25600,180431940
-257,-25,-2013,25088,180433183
-261,-26,-2017,25088,180434426
-261,-24,-2021,25600,180435659
-263,-28,-2019,25088,180436892
-264,-27,-2019,25088,180438125
-266,-24,-2016,25088,180439362
-260,-23,-2018,25600,180440599
-262,-24,-2015,25600,180441836
-260,-27,-2018,25088,180443073
-262,-28,-2021,25600,180444310
-265,-29,-2020,25088,180445547
-265,-31,-2014,25600,180446784
-265,-28,-2011,25088,180448021
-265,-30,-2017,25600,180449262
-262,-29,-2011,25088,180450503
-263,-27,-2013,25088,180451744
-266,-26,-2016,25088,180452985
-263,-28,-2015,25088,180454226
-262,-27,-2012,25088,180455467
-265,-26,-2014,25600,180456708
-265,-23,-2016,25600,180457949
-264,-26,-2013,25600,180459191
-264,-27,-2013,25600,180460433
-266,-27,-2015,25600,180461675
-267,-28,-2011,25088,180462917
-263,-27,-2013,25600,180464159
-262,-28,-2016,25088,180465401
-264,-28,-2017,25088,180466643
-264,-26,-2015,25088,180467885
-267,-26,-2017,25088,180469129
-264,-30,-2017,25088,180470373
-263,-27,-2013,25600,180471617
-262,-28,-2014,25088,180472861
-262,-27,-2017,25088,180474105
-258,-28,-2018,25088,180475349
-263,-27,-2017,25088,180476593
-265,-26,-2019,25088,180477837
-266,-26,-2018,25600,180479082
-265,-29,-2016,25088,180480327
-267,-29,-2014,25088,180481572
-264,-28,-2018,25088,180482817
-259,-27,-2020,25600,180484062
-259,-24,-2016,25088,180485307
-263,-28,-2015,25088,180486552
-263,-28,-2016,25088,180487797
-260,-25,-2019,25600,180489046
-259,-24,-2016,25088,180490295
-263,-23,-2016,25600,180491544
-264,-26,-2015,25088,180492793
-265,-28,-2018,25088,180494042
-265,-30,-2016,25088,180495291
-261,-30,-2015,25088,180496540
-263,-24,-2016,25088,180497789
-263,-23,-2015,25600,180499038
-266,-25,-2015,25088,180500287
-267,-26,-2012,25600,180501536
-265,-28,-2012,25088,180502788
-261,-27,-2015,25600,180504040
-261,-27,-2016,25088,180505292
-260,-28,-2018,25088,180506544
-265,-26,-2018,25088,180507796
-266,-21,-2015,25088,180509048
-264,-22,-2014,25088,180510300
-261,-27,-2015,25088,180511552
-266,-31,-2016,25600,180512804
-265,-28,-2015,25600,180514056
-264,-24,-2016,25088,180515308
-266,-28,-2015,25088,180516560
-266,-29,-2014,25088,180517812
-265,-27,-2016,25088,180519074
-263,-21,-2017,25088,180520336
-264,-23,-2015,25088,180521598
-261,-26,-2015,25088,180522860
-263,-28,-2015,25600,180524122
-265,-26,-2016,25088,180525384
-262,-27,-2017,25600,180526646
-264,-26,-2014,25600,180527908
-264,-25,-2015,25088,180529170
-263,-26,-2017,25088,180530417
-260,-28,-2016,25088,180531664
-263,-27,-2012,25088,180532911
-263,-27,-2014,25600,180534158
-259,-28,-2018,25600,180535405
-262,-26,-2016,25088,180536662
-261,-28,-2012,25088,180537919
-257,-29,-2015,25088,180539177
-260,-25,-2019,25600,180540435
-259,-28,-2019,25088,180541693
-264,-28,-2021,25088,180542951
-263,-26,-2023,25088,180544209
-265,-26,-2016,25600,180545467
-262,-30,-2018,25088,180546725
-260,-31,-2012,25600,180547983
-262,-30,-2010,25088,180549242
-260,-28,-2013,25088,180550501
-258,-27,-2015,25088,180551760
-262,-24,-2010,25088,180553019
-266,-24,-2013,25088,180554278
-265,-27,-2017,25088,180555537
-267,-28,-2016,25088,180556796
-262,-24,-2017,25088,180558055
-261,-25,-2015,25088,180559314
-263,-27,-2013,25088,180560573
-266,-27,-2014,25088,180561832
-261,-24,-2016,25600,180563091
-263,-26,-2016,25088,180564350
-261,-26,-2019,25088,180565609
-264,-24,-2013,25600,180566868
-264,-25,-2015,25088,180568127
-262,-26,-2016,25088,180569375
-263,-27,-2014,25088,180570634
-264,-25,-2014,25088,180571893
-259,-29,-2016,25600,180573152
-255,-31,-2020,25088,180574411
-261,-30,-2017,25600,180575670
-263,-32,-2015,25088,180576929
-265,-28,-2015,25088,180578188
-265,-28,-2015,25088,180579447
-264,-25,-2014,25600,180580706
-265,-23,-2016,25088,180581965
-265,-24,-2018,25088,180583224
-264,-21,-2017,25088,180584483
-265,-32,-2022,25088,180585742
-264,-28,-2021,25088,180587001
-262,-26,-2016,25600,180588260
-264,-28,-2013,25088,180589517
-261,-24,-2014,25088,180590774
-259,-21,-2009,25088,180592031
-259,-25,-2017,25088,180593288
-259,-27,-2018,25600,180594545
-259,-25,-2017,25088,180595802
-263,-29,-2015,25088,180597059
-265,-31,-2018,25600,180598316
-261,-27,-2017,25088,180599571
-260,-23,-2015,25600,180600826
-264,-26,-2013,25088,180602081
-263,-23,-2015,25088,180603338
-262,-25,-2015,25088,180604595
-265,-25,-2012,25088,180605852
-262,-28,-2014,25088,180607109
-264,-29,-2014,25088,180608366
-260,-26,-2013,25088,180609622
-260,-27,-2011,25088,180610878
-261,-28,-2014,25088,180612134
-262,-29,-2015,25088,180613390
-266,-33,-2016,25088,180614646
-264,-26,-2014,25088,180615902
-262,-26,-2013,25088,180617158
-260,-28,-2014,25088,180618414
-262,-26,-2015,25600,180619668
-261,-30,-2020,25600,180620922
-262,-28,-2017,25600,180622176
-262,-28,-2016,25088,180623430
-263,-29,-2016,25088,180624684
-263,-26,-2018,25088,180625938
-261,-30,-2020,25088,180627192
-260,-28,-2017,25600,180628446
-264,-29,-2019,25088,180629700
-261,-27,-2020,25600,180630943
-261,-30,-2023,25088,180632186
-261,-30,-2019,25088,180633429
-263,-29,-2019,25600,180634672
-262,-23,-2015,25088,180635915
-261,-27,-2019,25088,180637168
-261,-29,-2017,25088,180638421
-264,-25,-2017,25088,180639673
-261,-27,-2015,25088,180640925
-265,-28,-2014,25088,180642177
-267,-28,-2017,25600,180643429
-265,-26,-2013,25088,180644681
-261,-28,-2015,25088,180645933
-266,-24,-2016,25600,180647185
-265,-24,-2015,25088,180648437
-264,-23,-2013,25600,180649687
-262,-26,-2013,25088,180650937
-263,-24,-2015,25600,180652187
-266,-25,-2015,25088,180653437
-263,-26,-2017,25088,180654687
-264,-24,-2014,25600,180655937
-264,-23,-2017,25088,180657187
-266,-30,-2017,25600,180658437
-263,-30,-2013,25088,180659666
-264,-29,-2019,25088,180660895
-265,-26,-2012,25088,180662124
-265,-27,-2012,25088,180663353
-265,-28,-2014,25088,180664582
-267,-31,-2014,25088,180665811
-268,-26,-2017,25088,180667040
-267,-28,-2016,25088,180668269
-268,-30,-2018,25600,180669498
-269,-29,-2017,25600,180670728
-266,-30,-2020,25600,180671958
-268,-27,-2019,25088,180673188
-264,-28,-2017,25600,180674418
-261,-32,-2016,25088,180675648
-262,-31,-2013,25600,180676878
-263,-23,-2013,25088,180678108
-267,-24,-2011,25088,180679338
-269,-26,-2017,25088,180680567
-263,-27,-2013,25088,180681796
-264,-26,-2011,25088,180683025
-264,-28,-2015,25088,180684254
-263,-30,-2019,25088,180685483
-263,-29,-2015,25088,180686712
-264,-28,-2017,25088,180687941
-260,-27,-2017,25088,180689170
-262,-25,-2020,25088,180690399
-261,-21,-2015,25088,180691628
-262,-27,-2017,25088,180692857
-261,-27,-2025,25088,180694086
-258,-30,-2020,25088,180695315
-256,-29,-2018,25088,180696544
-260,-27,-2015,25088,180697773
-260,-26,-2015,25600,180699002
-264,-23,-2014,25088,180700230
-263,-23,-2016,25088,180701458
-261,-27,-2017,25088,180702686
-263,-27,-2017,25088,180703913
-261,-29,-2014,25600,180705140
-263,-25,-2014,25088,180706367
-261,-26,-2015,25088,180707594
-265,-27,-2014,25600,180708821
-264,-28,-2012,25600,180710049
-262,-27,-2016,25088,180711277
-266,-30,-2018,25088,180712505
-266,-30,-2016,25600,180713733
-265,-27,-2017,25088,180714961
-263,-27,-2011,25088,180716189
-262,-27,-2010,25600,180717417
-260,-28,-2013,25088,180718645
-262,-29,-2014,25088,180719874
-261,-32,-2012,25088,180721103
-265,-32,-2012,25088,180722332
-266,-33,-2015,25088,180723561
-264,-29,-2016,25088,180724790
-266,-21,-2014,25088,180726019
-267,-23,-2015,25600,180727248
-264,-30,-2017,25600,180728477
-264,-26,-2013,25088,180729706
-262,-28,-2012,25600,180730945
-261,-29,-2009,25600,180732184
-264,-26,-2014,25600,180733423
-263,-26,-2015,25088,180734662
-262,-26,-2019,25088,180735891
-262,-27,-2017,25088,180737120
-264,-25,-2018,25088,180738349
-267,-28,-2015,25088,180739580
-264,-27,-2016,25088,180740811
-264,-28,-2021,25600,180742042
-263,-24,-2019,25088,180743273
-260,-24,-2020,25088,180744504
-263,-23,-2022,25088,180745735
-259,-23,-2018,25088,180746966
-263,-27,-2013,25600,180748197
-262,-29,-2012,25088,180749431
-260,-34,-2014,25088,180750665
-261,-32,-2016,25088,180751899
-261,-30,-2017,25088,180753133
-263,-30,-2015,25088,180754367
-262,-29,-2016,25600,180755601
-260,-30,-2015,25600,180756835
-263,-31,-2019,25088,180758069
-267,-29,-2020,25088,180759306
-264,-29,-2013,25088,180760543
-265,-27,-2016,25088,180761780
-264,-28,-2019,25088,180763017
-262,-27,-2016,25088,180764254
-260,-24,-2019,25088,180765491
-262,-22,-2018,25088,180766728
-265,-26,-2018,25088,180767965
-265,-27,-2014,25600,180769205
-267,-28,-2014,25088,180770445
-262,-25,-2015,25088,180771685
-263,-27,-2017,25600,180772925
-262,-23,-2017,25088,180774165
-262,-26,-2017,25088,180775405
-261,-27,-2017,25600,180776645
-260,-29,-2016,25088,180777885
-262,-29,-2020,25088,180779127
-263,-32,-2018,25600,180780369
-264,-30,-2015,25088,180781611
-260,-28,-2016,25600,180782853
-265,-26,-2016,25600,180784095
-264,-24,-2020,25600,180785337
-262,-30,-2015,25088,180786579
-262,-28,-2017,25088,180787821
-261,-24,-2016,25088,180789066
-263,-26,-2018,25088,180790311
-264,-24,-2014,25088,180791556
-260,-27,-2019,25088,180792801
-263,-30,-2021,25088,180794046
-264,-27,-2020,25600,180795291
-266,-24,-2016,25088,180796536
-261,-21,-2016,25088,180797781
-260,-23,-2015,25088,180799026
-266,-29,-2016,25088,180800271
-264,-29,-2017,25088,180801516
-262,-27,-2015,25088,180802764
-264,-24,-2013,25088,180804012
-258,-24,-2013,25088,180805260
-259,-26,-2014,25088,180806508
-260,-25,-2014,25088,180807756
-262,-30,-2016,25088,180809005
-264,-30,-2018,25600,180810254
-260,-28,-2015,25600,180811503
-264,-27,-2015,25600,180812752
-265,-29,-2017,25088,180814001
-261,-28,-2016,25088,180815250
-258,-31,-2014,25088,180816499
-261,-27,-2015,25088,180817748
-260,-29,-2019,25088,180819001
-260,-29,-2016,25088,180820254
-263,-30,-2013,25088,180821507
-262,-29,-2016,25088,180822760
-262,-27,-2017,25088,180824013
-265,-26,-2022,25088,180825266
-262,-28,-2017,25600,180826519
-263,-26,-2013,25088,180827772
-261,-26,-2018,25088,180829017
-261,-31,-2017,25088,180830262
-264,-28,-2017,25600,180831507
-265,-30,-2016,25088,180832752
-262,-27,-2020,25088,180833997
-264,-24,-2017,25088,180835242
-264,-25,-2016,25088,180836498
-262,-26,-2012,25088,180837754
-258,-29,-2013,25088,180839011
-261,-27,-2013,25088,180840268
-262,-26,-2010,25088,180841525
-263,-28,-2013,25088,180842782
-261,-28,-2015,25088,180844039
-262,-30,-2015,25600,180845296
-263,-30,-2017,25600,180846553
-263,-25,-2019,25088,180847810
-263,-23,-2017,25600,180849069
-262,-27,-2021,25088,180850328
-261,-31,-2016,25088,180851587
-260,-28,-2014,25088,180852846
-258,-27,-2017,25600,180854105
-261,-30,-2017,25088,180855364
-264,-25,-2017,25088,180856623
-266,-26,-2022,25088,180857882
-262,-26,-2022,25088,180859141
-261,-29,-2021,25600,180860400
-264,-30,-2017,25600,180861659
-264,-28,-2015,25600,180862918
-263,-28,-2016,25088,180864177
-263,-26,-2017,25088,180865436
-263,-27,-2019,25088,180866695
-262,-27,-2015,25088,180867954
-261,-27,-2014,25088,180869202
-260,-28,-2013,25088,180870462
-265,-28,-2016,25088,180871722
-263,-26,-2017,25088,180872982
-262,-25,-2018,25600,180874242
-259,-25,-2023,25088,180875502
-258,-29,-2019,25088,180876762
-258,-26,-2017,25600,180878022
-260,-25,-2012,25088,180879282
-260,-28,-2012,25088,180880542
-260,-27,-2013,25088,180881802
-262,-26,-2017,25600,180883062
-262,-25,-2021,25088,180884322
-264,-22,-2020,25088,180885582
-264,-27,-2021,25088,180886842
-257,-27,-2017,25600,180888102
-258,-27,-2016,25600,180889362
-261,-27,-2016,25088,180890622
-264,-28,-2016,25088,180891882
-262,-32,-2017,25600,180893142
-263,-30,-2021,25600,180894402
-264,-26,-2014,25088,180895662
-266,-27,-2013,25088,180896922
-265,-25,-2013,25600,180898182
-262,-28,-2017,25088,180899440
-258,-30,-2019,25088,180900698
-260,-31,-2015,25600,180901956
-264,-29,-2017,25088,180903215
-267,-27,-2021,25088,180904474
-268,-28,-2021,25600,180905733
-266,-30,-2019,25088,180906992
-264,-28,-2019,25088,180908251
-261,-27,-2016,25088,180909510
-260,-29,-2017,25088,180910769
-262,-28,-2016,25088,180912028
-260,-29,-2018,25600,180913287
-262,-26,-2016,25088,180914546
-263,-24,-2019,25088,180915805
-257,-29,-2016,25600,180917064
-261,-25,-2017,25600,180918323
-261,-28,-2014,25088,180919581
-262,-27,-2018,25088,180920839
-262,-27,-2016,25088,180922097
-265,-30,-2017,25088,180923355
-260,-25,-2018,25088,180924613
-260,-25,-2019,25088,180925871
-261,-24,-2016,25088,180927129
-265,-25,-2019,25088,180928387
-265,-28,-2017,25088,180929645
-260,-30,-2019,25088,180930891
-262,-28,-2019,25600,180932137
-262,-27,-2015,25088,180933383
-260,-27,-2015,25088,180934629
-261,-25,-2014,25600,180935875
-262,-27,-2017,25088,180937132
-264,-27,-2016,25088,180938389
-264,-27,-2016,25088,180939644
-268,-25,-2013,25088,180940899
-260,-24,-2011,25600,180942154
-263,-26,-2013,25600,180943409
-264,-29,-2015,25088,180944664
-266,-22,-2020,25600,180945919
-266,-22,-2016,25600,180947174
-264,-27,-2017,25088,180948429
-264,-30,-2017,25600,180949682
-261,-27,-2016,25600,180950935
-262,-30,-2014,25088,180952188
-264,-28,-2014,25600,180953441
-262,-29,-2012,25600,180954694
-260,-25,-2015,25088,180955947
-261,-28,-2015,25600,180957200
-264,-28,-2017,25088,180958453
-264,-28,-2018,25088,180959705
-266,-30,-2018,25600,180960957
-268,-31,-2017,25088,180962209
-266,-26,-2012,25600,180963461
-265,-31,-2014,25600,180964713
-261,-31,-2015,25088,180965965
-265,-29,-2014,25600,180967217
-266,-26,-2015,25600,180968469
-262,-25,-2014,25088,180969709
-262,-25,-2016,25088,180970938
-260,-26,-2020,25088,180972167
-258,-27,-2016,25088,180973396
-261,-26,-2017,25088,180974625
-259,-25,-2019,25600,180975854
-257,-28,-2013,25088,180977083
-259,-27,-2020,25088,180978312
-265,-25,-2020,25600,180979541
-264,-24,-2018,25600,180980769
-265,-27,-2014,25600,180981997
-263,-29,-2013,25088,180983225
-261,-31,-2016,25088,180984453
-260,-31,-2017,25600,180985681
-262,-29,-2015,25088,180986909
-263,-24,-2018,25088,180988137
-262,-25,-2016,25088,180989365
-264,-24,-2015,25088,180990602
-265,-25,-2015,25088,180991839
-265,-28,-2014,25088,180993076
-261,-28,-2016,25088,180994313
-263,-26,-2018,25600,180995550
-263,-22,-2017,25088,180996775
-261,-24,-2016,25600,180998000
-265,-26,-2016,25088,180999225
-265,-28,-2017,25088,181000471
-264,-28,-2014,25088,181001717
-266,-28,-2015,25088,181002939
-263,-28,-2016,25088,181004161
-265,-29,-2014,25600,181005383
-265,-28,-2014,25600,181006605
-265,-29,-2018,25088,181007827
-263,-26,-2014,25088,181009049
-264,-26,-2013,25088,181010270
-263,-24,-2011,25088,181011491
-258,-25,-2015,25088,181012712
-261,-28,-2017,25088,181013933
-267,-32,-2016,25600,181015154
-266,-30,-2013,25088,181016375
-263,-30,-2011,25600,181017596
-260,-26,-2009,25600,181018817
-260,-28,-2012,25088,181020045
-260,-26,-2014,25088,181021273
-258,-27,-2017,25088,181022501
-262,-28,-2013,25088,181023729
-261,-29,-2018,25088,181024957
-261,-29,-2019,25088,181026185
-268,-31,-2018,25600,181027413
-263,-29,-2018,25088,181028641
-263,-29,-2019,25600,181029877
-263,-27,-2022,25600,181031113
-261,-22,-2017,25088,181032349
-261,-24,-2017,25600,181033585
-265,-29,-2017,25088,181034821
-266,-30,-2016,25600,181036057
-262,-27,-2014,25600,181037282
-263,-24,-2014,25600,181038507
-265,-21,-2016,25600,181039735
-265,-23,-2017,25088,181040963
-268,-27,-2015,25600,181042191
-263,-29,-2013,25088,181043419
-263,-25,-2012,25088,181044647
-265,-27,-2016,25088,181045875
-262,-28,-2018,25600,181047103
-260,-26,-2018,25088,181048331
-262,-27,-2015,25088,181049561
-262,-23,-2012,25088,181050791
-266,-22,-2010,25600,181052021
-264,-27,-2010,25088,181053251
-265,-26,-2013,25600,181054481
-263,-24,-2017,25600,181055711
-259,-24,-2015,25088,181056941
-262,-26,-2010,25088,181058171
-261,-28,-2017,25088,181059400
-261,-29,-2014,25088,181060629
-259,-28,-2009,25088,181061858
-263,-24,-2014,25088,181063091
-259,-24,-2015,25088,181064324
-263,-26,-2014,25088,181065557
-260,-27,-2018,25088,181066790
-262,-32,-2015,25088,181068023
-259,-28,-2014,25088,181069260
-259,-27,-2011,25088,181070497
-263,-26,-2012,25088,181071734
-265,-27,-2018,25088,181072971
-262,-25,-2022,25088,181074208
-259,-25,-2018,25088,181075445
-260,-26,-2014,25600,181076682
-262,-27,-2015,25088,181077919
-263,-24,-2015,25088,181079159
-262,-26,-2015,25088,181080399
-262,-27,-2014,25088,181081639
-261,-27,-2015,25088,181082879
-260,-30,-2015,25600,181084119
-258,-27,-2016,25088,181085359
-260,-29,-2013,25088,181086599
-262,-23,-2009,25088,181087839
-263,-26,-2012,25088,181089095
-262,-26,-2014,25600,181090351
-258,-25,-2012,25088,181091607
-263,-28,-2012,25600,181092863
-264,-30,-2017,25600,181094119
-265,-27,-2017,25088,181095364
-264,-26,-2017,25600,181096609
-263,-31,-2015,25600,181097854
-262,-26,-2014,25088,181099096
-263,-25,-2019,25088,181100338
-265,-26,-2015,25600,181101580
-265,-25,-2019,25088,181102829
-267,-25,-2015,25600,181104078
-265,-24,-2018,25600,181105327
-264,-30,-2016,25600,181106576
-264,-25,-2016,25088,181107825
-265,-23,-2014,25600,181109077
-262,-28,-2017,25088,181110329
-261,-28,-2019,25600,181111581
-266,-26,-2021,25088,181112833
-264,-24,-2018,25600,181114085
-264,-28,-2017,25600,181115337
-269,-28,-2019,25600,181116589
-265,-27,-2013,25600,181117841
-263,-31,-2016,25088,181119101
-258,-26,-2017,25088,181120361
-262,-25,-2015,25088,181121621
-265,-29,-2013,25600,181122881
-264,-28,-2015,25088,181124141
-264,-27,-2017,25600,181125401
-266,-31,-2018,25088,181126661
-266,-29,-2018,25088,181127921
-262,-26,-2014,25088,181129171
-259,-29,-2014,25088,181130418
-260,-29,-2013,25088,181131665
-259,-29,-2013,25088,181132912
-259,-28,-2013,25088,181134159
-262,-30,-2012,25600,181135406
-262,-31,-2017,25088,181136668
-263,-29,-2018,25088,181137930
-264,-31,-2019,25088,181139190
-266,-28,-2017,25088,181140450
-262,-22,-2019,25088,181141710
-262,-27,-2019,25088,181142970
-261,-28,-2020,25088,181144230
-262,-31,-2017,25088,181145490
-264,-28,-2016,25088,181146750
-264,-26,-2019,25088,181148010
-260,-22,-2015,25088,181149268
-263,-27,-2015,25088,181150526
-266,-28,-2012,25600,181151784
-268,-27,-2011,25088,181153042
-265,-25,-2012,25088,181154300
-262,-27,-2015,25088,181155558
-260,-28,-2017,25600,181156816
-261,-27,-2013,25600,181158074
-259,-27,-2015,25088,181159331
-257,-24,-2014,25088,181160588
-261,-26,-2012,25088,181161845
-259,-26,-2016,25088,181163105
-260,-26,-2016,25088,181164365
-264,-25,-2015,25088,181165625
-261,-24,-2013,25088,181166885
-259,-23,-2013,25600,181168145
-262,-23,-2020,25088,181169405
-261,-26,-2022,25088,181170665
-261,-24,-2021,25088,181171925
-263,-27,-2021,25088,181173185
-263,-28,-2017,25600,181174445
-262,-30,-2015,25088,181175705
-263,-29,-2015,25088,181176965
-260,-29,-2014,25088,181178225
-260,-30,-2019,25088,181179482
-260,-28,-2021,25088,181180739
-258,-28,-2018,25600,181181996
-261,-30,-2016,25600,181183253
-265,-27,-2014,25088,181184510
-265,-29,-2019,25088,181185767
-265,-32,-2014,25088,181187024
-265,-28,-2016,25600,181188281
-265,-30,-2016,25088,181189528
-268,-28,-2014,25088,181190775
-265,-25,-2015,25088,181192022
-265,-25,-2013,25600,181193269
-263,-29,-2018,25600,181194516
-264,-28,-2019,25088,181195763
-260,-29,-2017,25088,181197021
-261,-30,-2013,25088,181198279
-262,-24,-2013,25600,181199533
-264,-25,-2015,25600,181200787
-266,-27,-2021,25088,181202041
-259,-25,-2021,25088,181203297
-258,-26,-2016,25088,181204553
-261,-27,-2013,25088,181205809
-263,-26,-2017,25088,181207065
-262,-29,-2014,25088,181208321
-263,-24,-2015,25600,181209576
-261,-23,-2019,25088,181210831
-264,-22,-2016,25600,181212086
-266,-27,-2013,25088,181213341
-266,-26,-2015,25600,181214596
-265,-23,-2015,25600,181215851
-264,-22,-2018,25600,181217106
-262,-25,-2017,25088,181218361
-262,-27,-2016,25088,181219601
-264,-27,-2015,25088,181220841
-268,-29,-2018,25088,181222081
-263,-28,-2020,25088,181223321
-260,-28,-2017,25600,181224561
-262,-30,-2021,25088,181225801
-262,-30,-2021,25088,181227041
-262,-30,-2017,25088,181228281
-259,-31,-2016,25088,181229521
-259,-28,-2015,25088,181230763
-261,-26,-2012,25088,181232005
-265,-23,-2014,25088,181233247
-264,-27,-2013,25088,181234489
-265,-28,-2012,25600,181235731
-264,-30,-2012,25600,181236983
-265,-28,-2011,25088,181238235
-267,-26,-2012,25600,181239485
-266,-26,-2015,25088,181240735
-266,-28,-2015,25088,181241985
-262,-28,-2019,25088,181243235
-263,-28,-2021,25088,181244485
-265,-33,-2017,25088,181245735
-263,-27,-2014,25600,181246985
-262,-28,-2013,25088,181248235
-260,-25,-2014,25600,181249485
-264,-28,-2016,25088,181250735
-267,-31,-2018,25088,181251985
-267,-26,-2019,25088,181253235
-264,-24,-2018,25088,181254485
-262,-27,-2017,25600,181255735
-260,-27,-2019,25088,181256985
-258,-28,-2016,25088,181258235
-264,-30,-2018,25088,181259463
-262,-29,-2018,25088,181260691
-263,-28,-2019,25600,181261919
-263,-25,-2020,25600,181263147
-263,-26,-2018,25088,181264397
-261,-28,-2018,25088,181265647
-258,-23,-2021,25088,181266897
-260,-25,-2018,25088,181268147
-262,-24,-2016,25088,181269380
-260,-25,-2017,25600,181270603
-266,-28,-2017,25088,181271826
-264,-24,-2016,25088,181273049
-263,-21,-2014,25088,181274272
-260,-24,-2015,25088,181275495
-260,-27,-2016,25088,181276718
-261,-29,-2020,25600,181277941
-259,-28,-2020,25600,181279164
-262,-29,-2023,25088,181280388
-263,-22,-2020,25088,181281612
-266,-23,-2017,25600,181282836
-265,-27,-2017,25088,181284060
-263,-28,-2019,25088,181285284
-260,-26,-2019,25088,181286508
-266,-26,-2015,25600,181287732
-269,-28,-2014,25600,181288956
-269,-30,-2013,25600,181290181
-265,-29,-2014,25088,181291406
-261,-26,-2014,25600,181292631
-261,-24,-2012,25600,181293856
-265,-24,-2013,25600,181295081
-264,-27,-2014,25088,181296306
-261,-25,-2012,25600,181297532
-260,-25,-2015,25088,181298758
-263,-29,-2017,25088,181300006
-263,-27,-2015,25088,181301254
-259,-23,-2015,25600,181302475
-261,-24,-2015,25600,181303696
-264,-29,-2015,25088,181304917
-261,-31,-2018,25600,181306138
-259,-30,-2017,25088,181307359
-258,-27,-2016,25088,181308580
-260,-28,-2014,25600,181309806
-260,-29,-2017,25600,181311032
-261,-26,-2021,25088,181312258
-266,-27,-2018,25088,181313484
-262,-24,-2015,25600,181314710
-265,-22,-2017,25600,181315936
-266,-24,-2016,25088,181317162
-258,-27,-2018,25088,181318388
-261,-30,-2016,25088,181319619
-260,-26,-2017,25088,181320850
-262,-24,-2013,25600,181322081
-259,-26,-2012,25088,181323312
-260,-22,-2012,25088,181324543
-262,-26,-2016,25088,181325774
-265,-28,-2017,25088,181327005
-268,-27,-2017,25088,181328236
-263,-29,-2019,25088,181329463
-263,-24,-2017,25088,181330690
-263,-26,-2013,25600,181331917
-262,-28,-2014,25088,181333144
-260,-28,-2016,25088,181334371
-264,-27,-2019,25088,181335598
-263,-27,-2018,25088,181336830
-261,-32,-2020,25088,181338062
-261,-27,-2021,25600,181339298
-262,-26,-2020,25088,181340534
-261,-26,-2018,25088,181341770
-262,-28,-2017,25600,181343006
-260,-29,-2012,25600,181344242
-265,-29,-2014,25600,181345478
-263,-25,-2012,25088,181346714
-267,-24,-2012,25600,181347950
-264,-28,-2016,25088,181349189
-261,-26,-2017,25600,181350428
-261,-26,-2020,25600,181351667
-257,-28,-2018,25088,181352906
-258,-25,-2017,25088,181354145
-262,-32,-2018,25600,181355384
-263,-27,-2014,25088,181356623
-265,-26,-2010,25088,181357862
-264,-25,-2011,25088,181359105
-268,-27,-2012,25600,181360348
-264,-25,-2013,25600,181361591
-263,-26,-2016,25088,181362832
-261,-28,-2015,25600,181364073
-260,-33,-2017,25600,181365314
-262,-28,-2023,25088,181366555
-261,-28,-2021,25088,181367796
-262,-27,-2018,25088,181369041
-262,-31,-2019,25088,181370286
-262,-27,-2019,25600,181371531
-264,-27,-2019,25088,181372776
-264,-32,-2012,25600,181374021
-264,-28,-2010,25088,181375266
-262,-28,-2010,25088,181376511
-260,-25,-2015,25600,181377756
-262,-22,-2019,25088,181379004
-264,-28,-2019,25088,181380252
-265,-25,-2019,25088,181381500
-263,-23,-2018,25088,181382748
-265,-30,-2014,25088,181383996
-262,-27,-2018,25088,181385244
-261,-25,-2021,25088,181386492
-267,-23,-2015,25088,181387740
-268,-24,-2014,25088,181388986
-262,-27,-2018,25088,181390232
-260,-27,-2015,25088,181391478
-258,-27,-2014,25088,181392724
-263,-25,-2018,25088,181393970
-264,-28,-2014,25088,181395216
-265,-28,-2015,25088,181396470
-267,-27,-2017,25088,181397724
-265,-25,-2016,25088,181398976
-265,-24,-2023,25088,181400228
-265,-25,-2018,25600,181401480
-268,-27,-2016,25600,181402737
-266,-27,-2019,25088,181403994
-264,-30,-2018,25088,181405251
-266,-26,-2016,25088,181406508
-267,-28,-2017,25088,181407765
-264,-28,-2021,25088,181409024
-262,-28,-2019,25088,181410283
-264,-28,-2015,25600,181411542
-262,-28,-2017,25088,181412801
-263,-29,-2014,25088,181414060
-261,-28,-2014,25088,181415319
-260,-24,-2018,25600,181416578
-264,-21,-2015,25600,181417837
-266,-24,-2015,25088,181419102
-267,-27,-2013,25088,181420367
-265,-28,-2018,25600,181421632
-261,-26,-2017,25600,181422897
-264,-27,-2015,25600,181424162
-261,-28,-2018,25088,181425427
-262,-29,-2019,25600,181426692
-260,-28,-2016,25088,181427957
-259,-25,-2015,25088,181429212
-263,-25,-2011,25088,181430467
-264,-28,-2013,25600,181431722
-268,-28,-2017,25088,181432977
-265,-29,-2017,25600,181434232
-264,-30,-2018,25600,181435487
-266,-31,-2016,25088,181436752
-264,-31,-2015,25600,181438017
-263,-32,-2011,25600,181439281
-265,-24,-2011,25600,181440545
-268,-24,-2014,25600,181441809
-265,-25,-2018,25088,181443073
-262,-25,-2017,25600,181444337
-261,-28,-2015,25088,181445601
-260,-27,-2015,25088,181446865
-262,-28,-2011,25088,181448129
-259,-30,-2016,25088,181449390
-261,-30,-2018,25600,181450651
-261,-25,-2012,25600,181451912
-259,-25,-2014,25600,181453173
-267,-32,-2016,25088,181454434
-268,-32,-2015,25088,181455695
-265,-27,-2013,25600,181456956
-262,-26,-2016,25088,181458217
-265,-28,-2017,25088,181459482
-267,-25,-2017,25600,181460747
-265,-30,-2019,25600,181462012
-264,-25,-2016,25088,181463273
-262,-27,-2013,25088,181464534
-261,-28,-2014,25088,181465795
-263,-28,-2016,25600,181467056
-260,-30,-2016,25600,181468317
-258,-29,-2013,25088,181469577
-263,-27,-2013,25088,181470837
-261,-27,-2014,25088,181472097
-260,-29,-2015,25600,181473357
-262,-25,-2012,25600,181474617
-261,-29,-2014,25600,181475877
-263,-27,-2018,25088,181477137
-262,-25,-2021,25088,181478397
-265,-27,-2015,25088,181479653
-262,-24,-2014,25088,181480909
-257,-23,-2015,25088,181482165
-258,-27,-2015,25088,181483421
-260,-25,-2013,25600,181484677
-264,-26,-2012,25088,181485933
-266,-22,-2015,25600,181487189
-264,-23,-2017,25600,181488445
-259,-27,-2015,25088,181489697
-259,-27,-2019,25088,181490949
-259,-28,-2019,25088,181492201
-263,-29,-2021,25088,181493453
-266,-28,-2019,25600,181494705
-262,-28,-2018,25600,181495957
-258,-28,-2014,25600,181497214
-263,-30,-2014,25088,181498471
-264,-27,-2014,25088,181499723
-264,-25,-2018,25088,181500975
-266,-27,-2015,25088,181502227
-264,-26,-2015,25600,181503480
-263,-26,-2018,25088,181504733
-266,-25,-2018,25088,181505986
-266,-23,-2018,25600,181507239
-264,-27,-2013,25600,181508492
-261,-27,-2020,25088,181509744
-261,-29,-2019,25600,181510996
-262,-30,-2015,25088,181512248
-261,-30,-2016,25088,181513500
-258,-28,-2015,25088,181514752
-258,-23,-2014,25600,181516004
-257,-26,-2018,25088,181517256
-263,-28,-2017,25088,181518508
-260,-28,-2017,25088,181519759
-259,-26,-2016,25088,181521010
-262,-27,-2011,25088,181522261
-261,-27,-2010,25600,181523512
-261,-26,-2008,25088,181524763
-264,-24,-2011,25088,181526014
-266,-28,-2015,25600,181527265
-263,-26,-2013,25600,181528516
-261,-22,-2013,25600,181529753
-264,-28,-2020,25600,181530988
-265,-34,-2016,25088,181532223
-259,-33,-2018,25088,181533458
-263,-29,-2015,25088,181534693
-258,-29,-2017,25088,181535928
-257,-27,-2016,25600,181537175
-258,-29,-2015,25088,181538422
-265,-31,-2015,25088,181539668
-262,-29,-2015,25088,181540914
-267,-29,-2020,25088,181542160
-263,-27,-2019,25088,181543406
-262,-32,-2020,25600,181544652
-263,-31,-2017,25088,181545898
-264,-29,-2015,25088,181547144
-266,-28,-2019,25600,181548390
-262,-23,-2015,25088,181549636
-260,-25,-2016,25600,181550882
-264,-24,-2013,25600,181552128
-262,-26,-2016,25600,181553374
-264,-29,-2016,25600,181554620
-261,-31,-2015,25600,181555866
-262,-32,-2014,25088,181557112
-262,-32,-2013,25088,181558358
-263,-31,-2019,25088,181559581
-267,-30,-2017,25088,181560804
-268,-26,-2013,25600,181562027
-269,-26,-2013,25088,181563250
-263,-27,-2015,25088,181564496
-260,-29,-2015,25600,181565742
-261,-28,-2016,25088,181566988
-260,-30,-2017,25600,181568234
-265,-29,-2016,25088,181569457
-269,-29,-2018,25088,181570702
-266,-32,-2013,25088,181571947
-261,-30,-2014,25088,181573192
-262,-28,-2014,25600,181574437
-258,-28,-2011,25088,181575682
-261,-28,-2013,25600,181576927
-267,-26,-2014,25088,181578172
-262,-26,-2017,25600,181579417
-261,-22,-2017,25088,181580662
-262,-23,-2010,25088,181581907
-267,-30,-2011,25088,181583152
-265,-29,-2015,25088,181584397
-261,-29,-2016,25600,181585642
-258,-30,-2017,25088,181586887
-260,-33,-2017,25088,181588132
-259,-28,-2019,25600,181589376
-258,-25,-2023,25088,181590620
-258,-28,-2019,25088,181591864
-259,-25,-2016,25600,181593108
-264,-25,-2019,25088,181594352
-258,-25,-2017,25088,181595596
-263,-27,-2015,25088,181596818
-259,-30,-2017,25088,181598040
-260,-30,-2015,25088,181599262
-260,-33,-2014,25088,181600484
-263,-25,-2015,25088,181601706
-260,-26,-2018,25088,181602928
-263,-29,-2016,25088,181604146
-262,-26,-2019,25088,181605364
-261,-22,-2023,25088,181606582
-260,-23,-2018,25088,181607800
-263,-26,-2014,25088,181609018
-264,-26,-2013,25088,181610241
-265,-26,-2014,25600,181611464
-260,-26,-2017,25088,181612687
-262,-27,-2019,25088,181613910
-256,-32,-2018,25088,181615133
-259,-29,-2017,25088,181616356
-260,-30,-2018,25600,181617579
-260,-32,-2017,25088,181618802
-263,-32,-2016,25088,181620028
-264,-28,-2017,25088,181621254
-264,-30,-2018,25600,181622480
-265,-29,-2015,25088,181623706
-263,-29,-2015,25600,181624932
-265,-25,-2015,25600,181626158
-262,-25,-2017,25600,181627384
-262,-24,-2015,25088,181628610
-261,-23,-2014,25600,181629851
-262,-21,-2013,25088,181631092
-263,-26,-2016,25088,181632333
-264,-30,-2017,25088,181633574
-259,-31,-2017,25088,181634815
-261,-30,-2017,25088,181636043
-268,-27,-2013,25600,181637271
-270,-28,-2015,25088,181638499
-264,-31,-2014,25600,181639727
-261,-27,-2009,25088,181640955
-263,-25,-2014,25600,181642183
-263,-29,-2019,25088,181643411
-262,-29,-2019,25600,181644639
-257,-25,-2019,25088,181645867
-253,-25,-2018,25088,181647095
-256,-26,-2020,25088,181648323
-261,-28,-2019,25600,181649552
-263,-28,-2019,25600,181650781
-264,-24,-2018,25088,181652010
-262,-22,-2017,25088,181653239
-261,-27,-2017,25600,181654468
-264,-28,-2014,25088,181655697
-265,-27,-2016,25600,181656926
-264,-26,-2018,25088,181658155
-263,-29,-2018,25088,181659387
-264,-28,-2018,25088,181660619
-265,-25,-2018,25088,181661851
-267,-24,-2017,25088,181663084
-264,-26,-2014,25088,181664317
-261,-32,-2018,25600,181665550
-260,-30,-2019,25600,181666783
-264,-26,-2019,25600,181668016
-263,-29,-2016,25088,181669253
-264,-31,-2018,25088,181670490
-267,-28,-2014,25088,181671727
-263,-26,-2018,25600,181672964
-260,-24,-2015,25088,181674201
-258,-25,-2017,25600,181675438
-263,-26,-2016,25088,181676675
-263,-22,-2013,25600,181677912
-263,-23,-2012,25600,181679152
-258,-26,-2017,25600,181680392
-262,-30,-2015,25088,181681632
-264,-28,-2014,25088,181682872
-261,-27,-2018,25088,181684112
-256,-28,-2022,25088,181685352
-263,-25,-2016,25600,181686592
-262,-23,-2015,25088,181687832
-265,-26,-2014,25600,181689070
-265,-27,-2015,25088,181690308
-265,-25,-2013,25600,181691546
-263,-24,-2013,25600,181692784
-266,-23,-2012,25600,181694022
-263,-26,-2016,25088,181695260
-265,-25,-2015,25088,181696505
-265,-29,-2016,25600,181697750
-260,-26,-2019,25088,181698993
-263,-27,-2019,25088,181700236
-264,-27,-2020,25088,181701479
-259,-25,-2018,25600,181702728
-263,-26,-2019,25600,181703977
-263,-25,-2018,25600,181705226
-259,-25,-2019,25088,181706475
-260,-23,-2016,25088,181707724
-264,-27,-2016,25600,181708977
-260,-26,-2019,25088,181710230
-266,-30,-2016,25088,181711483
-265,-27,-2020,25088,181712736
-266,-31,-2017,25088,181713989
-263,-27,-2016,25600,181715242
-262,-30,-2017,25600,181716495
-263,-27,-2013,25600,181717748
-260,-25,-2018,25088,181719002
-264,-27,-2018,25088,181720256
-263,-28,-2016,25088,181721510
-259,-27,-2015,25088,181722764
-262,-23,-2017,25600,181724018
-260,-23,-2017,25088,181725272
-259,-24,-2017,25088,181726526
-260,-24,-2020,25088,181727780
-261,-26,-2020,25088,181729025
-260,-30,-2019,25088,181730270
-258,-29,-2015,25088,181731515
-262,-31,-2018,25088,181732760
-263,-32,-2016,25088,181734005
-267,-29,-2018,25088,181735250
-262,-28,-2019,25088,181736508
-260,-27,-2014,25088,181737766
-258,-27,-2018,25088,181739026
-258,-27,-2023,25088,181740286
-256,-24,-2021,25088,181741546
-261,-26,-2016,25088,181742806
-263,-31,-2019,25600,181744066
-263,-28,-2021,25088,181745326
-262,-27,-2019,25088,181746586
-263,-26,-2017,25600,181747846
-262,-28,-2014,25088,181749106
-262,-23,-2017,25088,181750366
-263,-31,-2012,25088,181751626
-263,-33,-2015,25088,181752886
-261,-30,-2015,25088,181754146
-265,-30,-2014,25600,181755406
-263,-30,-2019,25088,181756666
-260,-31,-2017,25088,181757926
-262,-26,-2018,25088,181759187
-264,-24,-2015,25088,181760448
-263,-25,-2013,25600,181761709
-260,-26,-2016,25088,181762969
-263,-24,-2019,25600,181764229
-263,-25,-2019,25088,181765489
-263,-25,-2018,25088,181766749
-265,-26,-2020,25088,181768009
-262,-27,-2015,25088,181769269
-262,-29,-2010,25088,181770529
-258,-26,-2012,25088,181771789
-260,-25,-2017,25088,181773049
-262,-25,-2021,25088,181774309
-262,-26,-2018,25088,181775569
-262,-31,-2018,25088,181776829
-261,-31,-2017,25088,181778089
-259,-26,-2016,25088,181779348
-267,-27,-2014,25088,181780607
-270,-24,-2015,25088,181781866
-262,-24,-2019,25088,181783125
-262,-26,-2018,25600,181784384
-261,-26,-2017,25600,181785643
-265,-26,-2019,25088,181786902
-263,-28,-2024,25088,181788161
-259,-29,-2020,25088,181789414
-260,-26,-2015,25088,181790667
-265,-29,-2014,25088,181791920
-262,-28,-2013,25088,181793173
-263,-28,-2011,25088,181794426
-261,-27,-2011,25600,181795679
-263,-26,-2011,25088,181796940
-264,-22,-2012,25088,181798201
-264,-26,-2017,25088,181799458
-265,-27,-2016,25600,181800715
-264,-27,-2017,25600,181801972
-266,-24,-2019,25600,181803231
-268,-26,-2015,25088,181804490
-267,-24,-2016,25088,181805749
-263,-25,-2012,25088,181807008
-266,-29,-2013,25088,181808267
-267,-32,-2015,25088,181809525
-263,-27,-2017,25600,181810783
-261,-28,-2016,25088,181812041
-257,-30,-2017,25088,181813299
-260,-27,-2018,25600,181814557
-262,-27,-2016,25600,181815815
-262,-28,-2016,25088,181817073
-264,-26,-2021,25088,181818331
-262,-28,-2023,25600,181819588
-262,-27,-2021,25088,181820845
-260,-27,-2016,25088,181822102
-261,-28,-2018,25088,181823359
-260,-26,-2019,25088,181824616
-257,-27,-2017,25600,181825873
-261,-27,-2018,25088,181827130
-258,-29,-2016,25600,181828387
-260,-28,-2015,25088,181829631
-263,-27,-2015,25088,181830873
-262,-30,-2019,25600,181832115
-261,-28,-2018,25088,181833357
-261,-27,-2017,25600,181834599
-260,-25,-2019,25088,181835841
-263,-24,-2016,25600,181837095
-266,-27,-2014,25088,181838349
-261,-27,-2014,25088,181839602
-259,-26,-2015,25088,181840855
-260,-27,-2012,25600,181842108
-262,-28,-2014,25600,181843361
-261,-29,-2018,25088,181844614
-260,-29,-2020,25088,181845867
-263,-27,-2018,25088,181847120
-261,-25,-2018,25088,181848373
-258,-25,-2014,25088,181849624
-259,-24,-2013,25600,181850875
-260,-27,-2014,25088,181852126
-261,-26,-2016,25088,181853377
-260,-28,-2015,25088,181854628
-260,-30,-2017,25600,181855879
-264,-29,-2016,25088,181857130
-269,-31,-2016,25600,181858381
-272,-31,-2017,25088,181859633
-265,-31,-2017,25600,181860885
-264,-28,-2016,25088,181862137
-264,-28,-2022,25600,181863387
-262,-27,-2016,25088,181864637
-258,-25,-2014,25600,181865887
-259,-26,-2015,25088,181867137
-264,-30,-2017,25600,181868387
-264,-25,-2015,25088,181869616
-263,-28,-2011,25088,181870864
-262,-29,-2014,25088,181872112
-268,-28,-2019,25088,181873360
-267,-26,-2023,25600,181874608
-268,-28,-2021,25088,181875856
-267,-28,-2019,25088,181877104
-265,-25,-2015,25088,181878352
-262,-27,-2014,25088,181879600
-259,-27,-2015,25088,181880848
-263,-29,-2019,25088,181882096
-262,-29,-2018,25088,181883344
-262,-27,-2018,25088,181884592
-261,-27,-2020,25088,181885840
-264,-30,-2016,25088,181887088
-261,-30,-2016,25600,181888336
-262,-28,-2019,25088,181889578
-264,-27,-2020,25600,181890820
-261,-25,-2015,25600,181892062
-258,-28,-2013,25600,181893304
-263,-26,-2014,25088,181894546
-258,-24,-2017,25088,181895788
-263,-26,-2017,25088,181897012
-260,-25,-2015,25088,181898236
-262,-23,-2013,25088,181899460
-261,-24,-2015,25088,181900704
-260,-25,-2015,25088,181901948
-265,-25,-2018,25088,181903165
-268,-26,-2019,25088,181904382
-268,-24,-2017,25088,181905599
-264,-24,-2017,25600,181906816
-263,-26,-2014,25600,181908033
-261,-25,-2011,25600,181909250
-258,-27,-2013,25600,181910471
-262,-25,-2011,25600,181911692
-261,-28,-2015,25088,181912913
-261,-33,-2014,25600,181914134
-262,-29,-2019,25088,181915355
-264,-30,-2017,25088,181916576
-259,-26,-2015,25088,181917797
-262,-24,-2018,25088,181919018
-261,-30,-2023,25088,181920242
-262,-27,-2019,25088,181921466
-266,-27,-2020,25088,181922690
-266,-24,-2020,25088,181923914
-262,-24,-2024,25600,181925138
-264,-26,-2021,25600,181926362
-267,-25,-2019,25600,181927586
-263,-29,-2021,25088,181928810
-259,-24,-2015,25088,181930048
-264,-23,-2014,25600,181931286
-264,-22,-2015,25600,181932524
-262,-26,-2015,25088,181933762
-258,-31,-2016,25088,181935000
-260,-33,-2014,25088,181936224
-263,-26,-2013,25088,181937448
-260,-29,-2016,25088,181938672
-262,-25,-2016,25088,181939896
-262,-29,-2014,25088,181941120
-263,-28,-2016,25088,181942344
-263,-28,-2017,25088,181943568
-263,-29,-2015,25600,181944792
-265,-32,-2018,25088,181946016
-270,-27,-2019,25088,181947240
-265,-30,-2015,25088,181948464
-263,-28,-2010,25088,181949689
-262,-24,-2014,25088,181950914
-265,-27,-2011,25088,181952139
-266,-29,-2020,25088,181953364
-265,-32,-2020,25088,181954589
-265,-29,-2016,25600,181955814
-262,-27,-2014,25088,181957039
-261,-27,-2011,25088,181958264
-262,-29,-2012,25088,181959487
-263,-27,-2010,25088,181960710
-264,-26,-2013,25600,181961933
-260,-25,-2015,25088,181963161
-265,-28,-2017,25088,181964389
-264,-25,-2023,25088,181965617
-261,-25,-2019,25088,181966845
-260,-28,-2019,25088,181968073
-261,-29,-2021,25088,181969306
-262,-26,-2018,25088,181970539
-266,-28,-2014,25600,181971772
-266,-26,-2015,25088,181973005
-261,-27,-2015,25088,181974238
-257,-29,-2019,25600,181975471
-266,-29,-2018,25088,181976704
-264,-26,-2014,25088,181977937
-260,-25,-2014,25088,181979173
-260,-23,-2015,25088,181980409
-265,-25,-2018,25088,181981645
-265,-28,-2018,25088,181982881
-264,-29,-2022,25600,181984117
-267,-31,-2020,25088,181985353
-267,-29,-2018,25600,181986589
-260,-26,-2017,25600,181987825
-259,-26,-2016,25600,181989078
-258,-28,-2019,25088,181990331
-263,-27,-2013,25088,181991584
-261,-30,-2014,25600,181992837
-263,-25,-2014,25600,181994090
-264,-28,-2022,25088,181995332
-263,-26,-2016,25088,181996574
-260,-26,-2015,25088,181997816
-259,-27,-2019,25088,181999055
-264,-30,-2019,25088,182000294
-260,-31,-2017,25088,182001533
-258,-29,-2019,25088,182002779
-262,-25,-2017,25600,182004025
-261,-29,-2015,25600,182005271
-259,-33,-2017,25600,182006517
-262,-28,-2016,25600,182007763
-262,-27,-2015,25088,182009014
-257,-29,-2015,25088,182010265
-260,-27,-2016,25088,182011516
-262,-26,-2016,25088,182012767
-263,-26,-2017,25088,182014018
-265,-29,-2014,25600,182015269
-264,-28,-2012,25088,182016520
-267,-27,-2014,25600,182017771
-264,-28,-2014,25088,182019023
-263,-26,-2014,25088,182020275
-263,-27,-2017,25600,182021527
-264,-31,-2021,25088,182022779
-259,-28,-2021,25088,182024031
-255,-28,-2016,25088,182025283
-257,-26,-2015,25088,182026535
-261,-28,-2019,25088,182027787
-263,-29,-2015,25600,182029031
-264,-28,-2018,25600,182030275
-262,-27,-2018,25600,182031519
-264,-26,-2012,25600,182032763
-266,-27,-2013,25088,182034007
-263,-28,-2011,25600,182035251
-263,-24,-2016,25088,182036509
-262,-27,-2014,25088,182037767
-264,-23,-2017,25088,182039027
-266,-27,-2024,25088,182040287
-262,-25,-2021,25088,182041547
-260,-25,-2021,25088,182042807
-263,-27,-2017,25088,182044067
-262,-29,-2015,25088,182045327
-264,-28,-2016,25088,182046587
-263,-27,-2017,25088,182047847
-261,-26,-2017,25088,182049105
-260,-28,-2017,25088,182050363
-259,-31,-2015,25088,182051621
-256,-29,-2018,25088,182052879
-258,-28,-2019,25088,182054137
-262,-30,-2015,25088,182055395
-258,-31,-2014,25600,182056653
-260,-27,-2013,25088,182057911
-260,-28,-2013,25088,182059171
-265,-27,-2015,25088,182060431
-266,-25,-2010,25600,182061691
-260,-25,-2013,25600,182062950
-259,-29,-2011,25088,182064209
-263,-28,-2013,25088,182065468
-264,-26,-2017,25600,182066727
-261,-27,-2017,25088,182067986
-259,-30,-2018,25088,182069233
-265,-26,-2018,25088,182070494
-260,-25,-2015,25088,182071755
-260,-26,-2014,25088,182073016
-260,-29,-2011,25600,182074277
-261,-31,-2011,25088,182075538
-266,-29,-2009,25088,182076799
-264,-27,-2014,25088,182078060
-264,-30,-2014,25088,182079320
-263,-27,-2014,25088,182080580
-262,-23,-2015,25600,182081840
-263,-25,-2017,25600,182083100
-263,-23,-2021,25088,182084360
-262,-23,-2019,25088,182085620
-263,-26,-2018,25088,182086880
-264,-26,-2021,25088,182088140
-261,-24,-2018,25600,182089394
-264,-28,-2016,25088,182090648
-264,-28,-2012,25088,182091902
-264,-32,-2014,25088,182093156
-261,-28,-2015,25088,182094410
-264,-28,-2018,25088,182095664
-262,-28,-2020,25088,182096925
-260,-27,-2014,25600,182098186
-262,-27,-2015,25088,182099443
-260,-28,-2013,25600,182100700
-258,-31,-2014,25088,182101957
-259,-26,-2015,25088,182103217
-262,-23,-2012,25088,182104477
-266,-25,-2017,25088,182105737
-264,-29,-2016,25088,182106997
-260,-30,-2014,25088,182108257
-258,-27,-2019,25600,182109515
-262,-27,-2020,25088,182110773
-265,-26,-2017,25088,182112031
-263,-29,-2014,25600,182113289
-263,-27,-2014,25600,182114547
-260,-29,-2011,25088,182115805
-261,-32,-2011,25088,182117063
-261,-31,-2012,25088,182118321
-262,-29,-2017,25600,182119578
-260,-29,-2024,25088,182120835
-262,-29,-2018,25088,182122092
-269,-27,-2018,25088,182123349
-269,-23,-2019,25088,182124606
-269,-23,-2015,25088,182125863
-263,-27,-2018,25600,182127120
-259,-29,-2019,25088,182128377
-263,-28,-2021,25600,182129621
-264,-31,-2017,25088,182130864
-264,-29,-2016,25088,182132107
-261,-27,-2015,25088,182133350
-260,-30,-2015,25088,182134593
-257,-28,-2018,25600,182135836
-257,-33,-2016,25600,182137090
-259,-31,-2016,25088,182138344
-260,-31,-2013,25088,182139597
-263,-25,-2015,25088,182140850
-262,-29,-2017,25088,182142103
-263,-29,-2015,25088,182143356
-260,-29,-2012,25088,182144609
-261,-27,-2018,25088,182145862
-258,-27,-2015,25600,182147115
-264,-29,-2015,25600,182148368
-260,-27,-2017,25088,182149620
-261,-25,-2016,25088,182150872
-261,-26,-2017,25600,182152124
-259,-29,-2015,25088,182153376
-261,-27,-2018,25088,182154628
-258,-30,-2019,25600,182155880
-261,-34,-2016,25088,182157132
-259,-31,-2020,25088,182158384
-262,-24,-2020,25088,182159615
-259,-21,-2014,25600,182160846
-261,-26,-2017,25088,182162077
-261,-29,-2022,25088,182163308
-265,-29,-2018,25088,182164558
-264,-29,-2016,25088,182165808
-263,-26,-2016,25088,182167058
-262,-30,-2015,25088,182168308
-262,-31,-2016,25088,182169535
-262,-30,-2015,25088,182170783
-264,-25,-2015,25088,182172031
-262,-27,-2016,25088,182173279
-265,-30,-2019,25088,182174527
-265,-30,-2017,25088,182175775
-262,-27,-2018,25088,182177023
-265,-29,-2019,25600,182178271
-263,-29,-2018,25600,182179519
-265,-24,-2018,25088,182180767
-264,-21,-2020,25088,182182015
-266,-25,-2020,25088,182183263
-264,-25,-2016,25088,182184511
-263,-23,-2020,25088,182185759
-263,-27,-2018,25600,182187007
-264,-30,-2016,25088,182188255
-266,-28,-2014,25600,182189497
-259,-28,-2021,25088,182190739
-264,-29,-2013,25088,182191981
-263,-27,-2015,25088,182193223
-264,-29,-2017,25600,182194465
-261,-25,-2017,25088,182195707
-263,-23,-2020,25088,182196931
-260,-26,-2017,25600,182198155
-265,-29,-2015,25088,182199379
-268,-27,-2018,25088,182200624
-265,-27,-2018,25088,182201869
-266,-26,-2023,25088,182203086
-267,-29,-2021,25088,182204303
-266,-28,-2016,25088,182205520
-262,-25,-2016,25600,182206737
-262,-25,-2013,25088,182207954
-257,-24,-2017,25088,182209171
-256,-27,-2020,25088,182210393
-262,-26,-2016,25600,182211615
-265,-24,-2017,25600,182212837
-264,-24,-2013,25088,182214059
-262,-28,-2014,25088,182215281
-258,-24,-2016,25088,182216503
-257,-23,-2019,25088,182217725
-261,-27,-2015,25600,182218947
-266,-29,-2014,25088,182220172
-264,-27,-2012,25088,182221397
-260,-27,-2016,25600,182222622
-260,-28,-2014,25088,182223847
-261,-28,-2019,25088,182225072
-260,-27,-2018,25088,182226297
-262,-28,-2017,25088,182227522
-262,-24,-2013,25088,182228747
-264,-31,-2014,25600,182229986
-264,-29,-2015,25088,182231225
-264,-26,-2018,25600,182232464
-264,-28,-2016,25600,182233703
-264,-31,-2022,25600,182234942
-261,-27,-2016,25088,182236167
-258,-27,-2013,25088,182237392
-262,-31,-2010,25088,182238617
-267,-30,-2013,25088,182239842
-263,-29,-2017,25088,182241067
-262,-29,-2019,25088,182242292
-263,-28,-2019,25600,182243517
-264,-29,-2017,25088,182244742
-267,-25,-2018,25088,182245967
-262,-25,-2015,25088,182247192
-263,-26,-2012,25088,182248417
-260,-29,-2015,25600,182249644
-266,-26,-2012,25088,182250871
-266,-26,-2014,25088,182252098
-265,-26,-2018,25088,182253325
-261,-23,-2016,25600,182254552
-263,-26,-2018,25600,182255779
-262,-26,-2014,25088,182257006
-264,-23,-2018,25088,182258233
-261,-21,-2021,25088,182259463
-259,-27,-2021,25088,182260693
-262,-27,-2016,25600,182261923
-260,-23,-2017,25600,182263153
-261,-26,-2016,25088,182264383
-260,-22,-2019,25088,182265613
-264,-23,-2022,25088,182266843
-260,-23,-2019,25600,182268073
-261,-23,-2018,25600,182269307
-261,-26,-2013,25088,182270541
-259,-26,-2013,25088,182271775
-259,-28,-2015,25088,182273009
-260,-23,-2012,25600,182274243
-265,-27,-2014,25088,182275477
-266,-27,-2011,25088,182276711
-268,-25,-2007,25600,182277945
-266,-22,-2014,25088,182279183
-264,-24,-2017,25088,182280421
-264,-24,-2013,25088,182281659
-263,-27,-2013,25088,182282897
-266,-28,-2013,25600,182284135
-265,-24,-2015,25088,182285373
-267,-23,-2017,25088,182286611
-264,-26,-2016,25088,182287849
-265,-26,-2013,25088,182289084
-261,-24,-2012,25088,182290319
-263,-22,-2015,25600,182291554
-263,-23,-2017,25088,182292789
-262,-23,-2018,25088,182294024
-262,-26,-2016,25088,182295259
-266,-25,-2018,25088,182296501
-268,-29,-2012,25600,182297743
-266,-30,-2016,25088,182298984
-266,-29,-2017,25088,182300225
-264,-26,-2016,25088,182301466
-262,-28,-2016,25088,182302713
-264,-25,-2015,25088,182303960
-264,-24,-2015,25088,182305207
-263,-25,-2022,25088,182306454
-263,-23,-2018,25600,182307701
-265,-26,-2015,25088,182308952
-262,-26,-2013,25088,182310203
-263,-27,-2014,25088,182311454
-261,-22,-2013,25600,182312705
-259,-28,-2015,25088,182313956
-257,-27,-2015,25088,182315207
-263,-28,-2009,25088,182316458
-257,-28,-2016,25600,182317709
-260,-29,-2020,25088,182318962
-258,-31,-2015,25088,182320215
-262,-27,-2013,25088,182321468
-265,-22,-2016,25088,182322721
-266,-22,-2015,25088,182323974
-265,-26,-2012,25600,182325227
-266,-26,-2014,25600,182326480
-268,-26,-2021,25088,182327733
-264,-30,-2018,25088,182328977
-264,-33,-2017,25600,182330221
-262,-27,-2015,25088,182331465
-260,-23,-2016,25600,182332709
-263,-25,-2017,25088,182333953
-264,-24,-2020,25088,182335197
-261,-22,-2018,25600,182336455
-258,-26,-2017,25088,182337713
-264,-27,-2016,25088,182338972
-263,-24,-2018,25600,182340231
-265,-26,-2016,25600,182341490
-261,-28,-2016,25088,182342749
-262,-27,-2016,25088,182344008
-263,-26,-2017,25600,182345267
-262,-26,-2011,25088,182346526
-264,-26,-2013,25600,182347785
-263,-27,-2013,25600,182349045
-262,-30,-2019,25088,182350305
-264,-29,-2016,25088,182351565
-264,-27,-2013,25088,182352825
-261,-25,-2016,25088,182354085
-259,-26,-2019,25088,182355345
-261,-23,-2021,25088,182356605
-264,-26,-2018,25088,182357865
-263,-26,-2019,25088,182359126
-264,-24,-2017,25088,182360387
-264,-25,-2014,25600,182361648
-262,-30,-2014,25088,182362909
-265,-30,-2015,25088,182364170
-264,-27,-2015,25088,182365431
-264,-29,-2016,25088,182366692
-266,-28,-2015,25088,182367953
-264,-29,-2016,25088,182369214
-260,-27,-2017,25088,182370475
-266,-24,-2018,25088,182371736
-269,-29,-2017,25088,182372997
-264,-30,-2017,25088,182374258
-262,-28,-2017,25088,182375519
-262,-24,-2016,25088,182376780
-264,-22,-2019,25600,182378041
-264,-26,-2017,25088,182379301
-260,-28,-2018,25600,182380561
-261,-26,-2015,25088,182381821
-261,-21,-2017,25088,182383081
-268,-26,-2017,25088,182384341
-262,-29,-2020,25088,182385601
-261,-25,-2020,25600,182386861
-263,-26,-2016,25600,182388121
-260,-23,-2018,25088,182389372
-264,-24,-2016,25600,182390623
-265,-26,-2015,25088,182391874
-267,-25,-2016,25088,182393125
-267,-27,-2017,25088,182394376
-265,-30,-2013,25088,182395627
-263,-29,-2014,25088,182396889
-264,-26,-2012,25600,182398151
-262,-19,-2016,25088,182399409
-262,-21,-2017,25088,182400667
-264,-25,-2015,25088,182401925
-264,-25,-2017,25088,182403185
-263,-25,-2017,25088,182404445
-263,-23,-2019,25600,182405705
-260,-25,-2018,25088,182406965
-259,-30,-2017,25088,182408225
-262,-27,-2018,25600,182409484
-261,-27,-2021,25088,182410743
-263,-29,-2019,25088,182412002
-260,-31,-2015,25088,182413261
-263,-28,-2015,25600,182414520
-265,-28,-2015,25088,182415779
-265,-25,-2018,25088,182417038
-264,-24,-2014,25088,182418297
-265,-22,-2017,25600,182419555
-262,-22,-2012,25088,182420813
-261,-27,-2012,25088,182422071
-264,-29,-2009,25088,182423329
-261,-26,-2016,25600,182424587
-260,-25,-2017,25088,182425845
-262,-27,-2016,25088,182427103
-261,-25,-2019,25600,182428361
-264,-25,-2021,25088,182429606
-264,-23,-2017,25088,182430849
-266,-25,-2015,25088,182432092
-267,-24,-2015,25088,182433335
-265,-26,-2016,25088,182434578
-263,-23,-2017,25088,182435821
-258,-30,-2014,25600,182437076
-259,-31,-2013,25600,182438331
-260,-28,-2016,25600,182439585
-257,-27,-2016,25088,182440839
-259,-27,-2016,25088,182442093
-261,-28,-2016,25088,182443347
-259,-30,-2015,25600,182444601
-258,-31,-2017,25088,182445855
-262,-34,-2014,25600,182447109
-264,-31,-2012,25088,182448363
-259,-25,-2018,25088,182449615
-261,-28,-2018,25088,182450867
-267,-30,-2015,25088,182452119
-265,-28,-2019,25600,182453371
-263,-29,-2017,25088,182454623
-262,-29,-2016,25088,182455875
-263,-25,-2015,25600,182457127
-262,-30,-2014,25600,182458379
-261,-28,-2015,25600,182459627
-260,-25,-2017,25600,182460875
-262,-26,-2017,25088,182462123
-261,-26,-2015,25088,182463374
-259,-26,-2016,25088,182464625
-263,-27,-2016,25088,182465876
-267,-28,-2019,25088,182467127
-265,-27,-2017,25600,182468378
-262,-25,-2018,25088,182469608
-265,-25,-2017,25088,182470857
-267,-25,-2017,25088,182472106
-262,-26,-2020,25088,182473355
-262,-26,-2020,25600,182474604
-261,-24,-2012,25600,182475853
-260,-25,-2012,25088,182477102
-261,-29,-2015,25088,182478351
-264,-28,-2019,25088,182479599
-264,-31,-2020,25088,182480847
-264,-26,-2014,25088,182482095
-265,-26,-2015,25088,182483343
-266,-26,-2019,25088,182484591
-263,-26,-2019,25088,182485839
-262,-25,-2017,25088,182487087
-260,-27,-2017,25088,182488335
-261,-28,-2014,25088,182489572
-266,-29,-2016,25088,182490809
-264,-32,-2015,25088,182492046
-262,-30,-2018,25600,182493283
-261,-29,-2015,25088,182494520
-264,-27,-2019,25600,182495757
-261,-26,-2021,25600,182496981
-264,-25,-2020,25088,182498205
-264,-28,-2014,25088,182499429
-261,-29,-2018,25088,182500673
-260,-33,-2021,25088,182501917
-261,-29,-2019,25088,182503134
-260,-24,-2019,25088,182504351
-261,-27,-2017,25088,182505568
-263,-26,-2019,25088,182506785
-263,-25,-2016,25088,182508002
-264,-30,-2013,25088,182509219
-262,-29,-2016,25088,182510440
-262,-29,-2017,25088,182511661
-263,-28,-2014,25088,182512882
-263,-28,-2017,25088,182514103
-262,-25,-2013,25600,182515324
-260,-28,-2016,25600,182516545
-261,-26,-2016,25088,182517766
-263,-28,-2018,25088,182518987
-261,-31,-2017,25088,182520210
-262,-25,-2015,25088,182521433
-262,-24,-2011,25088,182522656
-263,-24,-2013,25088,182523879
-268,-21,-2017,25088,182525102
-263,-21,-2016,25088,182526325
-261,-22,-2012,25088,182527548
-264,-30,-2014,25600,182528771
-265,-29,-2015,25600,182530009
-265,-31,-2016,25600,182531247
-260,-29,-2017,25088,182532485
-262,-32,-2015,25088,182533723
-264,-29,-2015,25088,182534961
-265,-27,-2019,25088,182536185
-263,-31,-2016,25088,182537409
-265,-29,-2014,25600,182538633
-264,-29,-2020,25088,182539857
-263,-31,-2015,25600,182541081
-265,-31,-2018,25600,182542305
-268,-28,-2019,25600,182543529
-267,-30,-2013,25088,182544753
-259,-30,-2011,25600,182545977
-262,-28,-2014,25600,182547201
-266,-23,-2012,25088,182548425
-264,-23,-2016,25088,182549651
-264,-30,-2016,25088,182550877
-263,-27,-2015,25088,182552103
-264,-25,-2019,25600,182553329
-265,-28,-2022,25088,182554555
-259,-23,-2019,25600,182555781
-258,-30,-2016,25088,182557007
-260,-28,-2017,25088,182558233
-266,-27,-2011,25088,182559457
-265,-27,-2013,25088,182560681
-265,-30,-2013,25088,182561905
-263,-33,-2014,25088,182563134
-265,-29,-2018,25088,182564363
-262,-30,-2019,25088,182565592
-265,-28,-2017,25088,182566821
-266,-31,-2015,25600,182568050
-263,-31,-2015,25088,182569284
-265,-30,-2013,25600,182570518
-267,-31,-2015,25088,182571752
-266,-29,-2020,25088,182572986
-263,-29,-2020,25088,182574220
-258,-28,-2018,25600,182575454
-259,-29,-2016,25088,182576688
-262,-31,-2014,25088,182577922
-262,-28,-2015,25088,182579159
-264,-25,-2019,25088,182580396
-263,-26,-2018,25088,182581633
-261,-26,-2018,25600,182582870
-263,-27,-2018,25600,182584107
-261,-25,-2012,25088,182585344
-263,-27,-2009,25600,182586581
-266,-30,-2014,25088,182587818
-264,-30,-2014,25088,182589071
-262,-28,-2016,25088,182590324
-265,-26,-2013,25600,182591577
-261,-26,-2015,25088,182592830
-263,-26,-2019,25600,182594083
-263,-23,-2021,25088,182595325
-265,-26,-2018,25600,182596567
-263,-24,-2017,25088,182597809
-262,-28,-2017,25088,182599049
-259,-28,-2019,25600,182600289
-261,-31,-2017,25600,182601529
-265,-30,-2014,25600,182602776
-265,-30,-2016,25088,182604023
-265,-29,-2014,25088,182605270
-263,-28,-2016,25088,182606517
-264,-27,-2019,25088,182607764
-266,-31,-2018,25600,182609015
-264,-29,-2020,25088,182610266
-261,-25,-2018,25088,182611517
-265,-21,-2019,25600,182612768
-259,-23,-2023,25088,182614019
-261,-24,-2021,25600,182615270
-262,-24,-2018,25088,182616521
-262,-22,-2019,25088,182617772
-262,-27,-2018,25088,182619025
-262,-28,-2016,25088,182620278
-262,-27,-2013,25088,182621531
-261,-24,-2014,25088,182622784
-259,-23,-2019,25600,182624037
-261,-29,-2014,25600,182625290
-260,-30,-2014,25600,182626543
-262,-28,-2019,25600,182627796
-266,-28,-2017,25088,182629040
-265,-28,-2015,25600,182630284
-266,-27,-2018,25600,182631528
-264,-25,-2019,25088,182632772
-267,-27,-2016,25088,182634016
-263,-26,-2012,25088,182635260
-264,-31,-2012,25088,182636518
-266,-28,-2013,25600,182637776
-262,-22,-2015,25088,182639036
-262,-26,-2014,25088,182640296
-265,-26,-2016,25088,182641556
-265,-27,-2016,25600,182642816
-261,-24,-2017,25088,182644076
-260,-25,-2014,25600,182645336
-259,-24,-2015,25088,182646596
-262,-28,-2018,25088,182647856
-264,-28,-2012,25088,182649114
-265,-28,-2013,25088,182650372
-266,-27,-2012,25088,182651630
-264,-28,-2013,25088,182652888
-264,-27,-2015,25088,182654146
-266,-25,-2017,25600,182655404
-265,-24,-2019,25088,182656662
-262,-28,-2014,25088,182657920
-267,-31,-2016,25088,182659175
-264,-28,-2015,25600,182660430
-263,-26,-2015,25088,182661685
-261,-28,-2018,25088,182662945
-260,-25,-2017,25088,182664205
-261,-22,-2019,25088,182665465
-262,-24,-2018,25088,182666725
-261,-26,-2015,25088,182667985
-261,-31,-2014,25088,182669245
-260,-28,-2014,25088,182670505
-258,-28,-2015,25088,182671765
-261,-26,-2018,25088,182673025
-265,-27,-2016,25600,182674285
-265,-24,-2018,25600,182675545
-260,-24,-2018,25088,182676805
-261,-27,-2017,25088,182678065
-262,-27,-2017,25088,182679324
-261,-25,-2015,25088,182680583
-259,-25,-2014,25088,182681842
-257,-25,-2015,25088,182683101
-260,-25,-2012,25600,182684360
-266,-21,-2014,25600,182685619
-269,-25,-2016,25088,182686878
-268,-28,-2018,25088,182688137
-265,-24,-2019,25088,182689385
-261,-25,-2017,25088,182690633
-261,-30,-2015,25088,182691881
-260,-29,-2016,25088,182693129
-259,-30,-2020,25088,182694377
-263,-28,-2017,25600,182695625
-267,-23,-2017,25600,182696886
-265,-25,-2012,25600,182698147
-265,-26,-2020,25088,182699404
-269,-28,-2021,25600,182700661
-265,-27,-2016,25088,182701918
-259,-30,-2014,25088,182703177
-261,-28,-2017,25088,182704436
-264,-27,-2018,25600,182705695
-263,-28,-2014,25088,182706954
-261,-31,-2014,25600,182708213
-261,-30,-2015,25088,182709471
-262,-32,-2015,25600,182710729
-263,-30,-2014,25088,182711987
-263,-26,-2014,25088,182713245
-262,-25,-2015,25088,182714503
-263,-25,-2019,25600,182715761
-262,-26,-2022,25088,182717019
-264,-25,-2019,25088,182718277
-264,-26,-2016,25088,182719534
-263,-29,-2014,25600,182720791
-264,-30,-2015,25088,182722048
-261,-27,-2015,25088,182723305
-260,-27,-2017,25600,182724562
-259,-28,-2015,25088,182725819
-262,-30,-2018,25088,182727076
-259,-32,-2015,25088,182728333
-259,-32,-2016,25600,182729578
-264,-31,-2010,25088,182730821
-263,-33,-2010,25600,182732064
-262,-32,-2013,25600,182733307
-263,-32,-2013,25088,182734550
-266,-29,-2016,25088,182735793
-267,-30,-2013,25600,182737048
-264,-26,-2014,25088,182738303
-263,-27,-2015,25088,182739557
-263,-28,-2015,25088,182740811
-261,-26,-2016,25088,182742065
-261,-26,-2015,25088,182743319
-265,-26,-2014,25088,182744573
-268,-27,-2016,25088,182745827
-267,-30,-2017,25088,182747081
-263,-26,-2014,25088,182748335
-264,-27,-2012,25088,182749587
-263,-27,-2018,25088,182750839
-267,-26,-2016,25088,182752091
-264,-27,-2016,25600,182753343
-261,-30,-2017,25088,182754595
-261,-32,-2017,25600,182755847
-267,-31,-2014,25088,182757099
-265,-29,-2014,25088,182758351
-263,-28,-2015,25600,182759599
-266,-30,-2016,25600,182760847
-268,-28,-2016,25088,182762095
-266,-29,-2020,25088,182763347
-261,-28,-2018,25088,182764599
-259,-27,-2020,25088,182765851
-259,-31,-2019,25088,182767103
-264,-27,-2017,25088,182768355
-266,-27,-2014,25088,182769585
-261,-25,-2022,25600,182770834
-258,-28,-2018,25088,182772083
-257,-28,-2019,25088,182773332
-261,-29,-2018,25600,182774581
-261,-29,-2015,25600,182775830
-262,-24,-2014,25600,182777079
-263,-29,-2013,25088,182778328
-260,-28,-2014,25600,182779577
-262,-30,-2014,25088,182780826
-264,-33,-2009,25088,182782075
-258,-30,-2012,25088,182783324
-260,-31,-2012,25088,182784573
-261,-28,-2013,25088,182785822
-265,-26,-2015,25088,182787071
-265,-27,-2016,25088,182788320
-262,-27,-2017,25088,182789557
-261,-27,-2013,25088,182790794
-265,-24,-2013,25600,182792031
-264,-24,-2014,25088,182793268
-262,-26,-2017,25088,182794505
-262,-26,-2015,25088,182795742
-261,-26,-2019,25088,182796992
-261,-30,-2015,25088,182798242
-261,-25,-2010,25088,182799487
-258,-24,-2016,25088,182800732
-260,-27,-2014,25088,182801977
-265,-30,-2013,25600,182803195
-265,-30,-2015,25088,182804413
-266,-26,-2016,25600,182805631
-262,-27,-2018,25088,182806849
-261,-26,-2018,25088,182808067
-262,-23,-2015,25600,182809285
-261,-23,-2016,25088,182810507
-261,-26,-2016,25088,182811729
-261,-25,-2017,25088,182812951
-263,-23,-2017,25088,182814173
-262,-23,-2021,25088,182815395
-262,-28,-2015,25088,182816617
-265,-24,-2019,25088,182817839
-267,-27,-2016,25088,182819061
-269,-27,-2016,25088,182820285
-267,-26,-2013,25600,182821509
-264,-28,-2015,25088,182822733
-260,-25,-2018,25088,182823957
-260,-24,-2019,25088,182825181
-257,-33,-2022,25088,182826405
-262,-28,-2020,25088,182827629
-263,-26,-2013,25088,182828853
-263,-28,-2010,25088,182830093
-265,-29,-2014,25088,182831333
-265,-28,-2013,25600,182832573
-267,-28,-2015,25088,182833813
-262,-30,-2015,25088,182835053
-262,-28,-2018,25088,182836277
-262,-30,-2015,25088,182837501
-264,-24,-2011,25088,182838725
-264,-25,-2014,25088,182839949
-264,-25,-2015,25088,182841173
-262,-28,-2015,25088,182842397
-262,-27,-2017,25088,182843621
-263,-26,-2020,25088,182844845
-267,-29,-2017,25088,182846069
-261,-31,-2018,25600,182847293
-257,-30,-2013,25600,182848517
-262,-29,-2016,25088,182849743
-261,-25,-2016,25088,182850969
-260,-25,-2016,25088,182852195
-263,-30,-2014,25088,182853421
-260,-32,-2014,25600,182854647
-259,-30,-2013,25088,182855873
-262,-30,-2019,25088,182857099
-265,-25,-2018,25600,182858325
-268,-24,-2018,25088,182859548
-266,-31,-2017,25088,182860771
-262,-29,-2015,25088,182861994
-260,-25,-2018,25600,182863222
-262,-25,-2012,25088,182864450
-262,-24,-2015,25600,182865678
-266,-24,-2019,25600,182866906
-262,-25,-2018,25088,182868134
-259,-24,-2016,25088,182869366
-260,-27,-2019,25088,182870598
-259,-29,-2016,25088,182871830
-259,-26,-2015,25088,182873062
-260,-27,-2016,25088,182874294
-262,-29,-2018,25088,182875526
-265,-31,-2017,25088,182876758
-268,-28,-2018,25088,182877990
-267,-26,-2018,25088,182879225
-264,-29,-2017,25600,182880460
-263,-25,-2014,25600,182881695
-260,-24,-2016,25600,182882930
-264,-30,-2020,25088,182884165
-264,-33,-2019,25088,182885400
-266,-33,-2014,25088,182886635
-266,-31,-2016,25088,182887870
-267,-31,-2016,25600,182889122
-267,-28,-2016,25600,182890374
-264,-33,-2015,25088,182891626
-265,-32,-2015,25088,182892878
-265,-28,-2016,25088,182894130
-263,-27,-2017,25088,182895371
-259,-25,-2019,25600,182896612
-258,-23,-2016,25088,182897853
-263,-26,-2015,25088,182899091
-261,-25,-2012,25088,182900329
-260,-25,-2011,25088,182901567
-260,-25,-2011,25088,182902812
-260,-27,-2013,25088,182904057
-259,-25,-2014,25088,182905302
-260,-24,-2013,25088,182906547
-263,-24,-2012,25088,182907792
-265,-24,-2010,25088,182909041
-264,-26,-2012,25088,182910290
-265,-28,-2014,25600,182911539
-268,-33,-2014,25600,182912788
-262,-30,-2018,25088,182914037
-265,-26,-2018,25088,182915286
-265,-28,-2016,25088,182916535
-262,-24,-2013,25088,182917784
-268,-25,-2013,25600,182919035
-266,-29,-2012,25088,182920286
-267,-25,-2011,25088,182921537
-265,-24,-2016,25088,182922788
-262,-27,-2011,25088,182924039
-264,-23,-2015,25088,182925290
-263,-26,-2019,25600,182926541
-265,-28,-2020,25088,182927792
-261,-28,-2017,25088,182929057
-267,-26,-2014,25088,182930322
-263,-27,-2018,25600,182931587
-261,-27,-2019,25088,182932852
-262,-27,-2013,25088,182934117
-260,-29,-2012,25088,182935374
-262,-28,-2014,25088,182936631
-265,-26,-2014,25088,182937888
-262,-26,-2015,25088,182939147
-266,-26,-2015,25088,182940406
-267,-24,-2017,25088,182941665
-263,-22,-2013,25088,182942924
-258,-28,-2013,25088,182944183
-261,-27,-2014,25600,182945442
-264,-27,-2015,25600,182946701
-266,-27,-2018,25600,182947960
-263,-25,-2019,25088,182949218
-265,-26,-2020,25088,182950476
-265,-25,-2015,25088,182951734
-262,-29,-2019,25088,182952992
-264,-31,-2018,25088,182954250
-264,-27,-2016,25600,182955508
-263,-29,-2018,25088,182956766
-263,-28,-2018,25088,182958024
-259,-30,-2015,25088,182959278
-258,-27,-2018,25088,182960532
-261,-25,-2014,25088,182961786
-260,-28,-2014,25088,182963045
-258,-30,-2018,25600,182964304
-262,-26,-2017,25600,182965563
-264,-25,-2017,25088,182966822
-262,-29,-2018,25600,182968081
-263,-30,-2015,25088,182969340
-262,-26,-2014,25088,182970599
-258,-24,-2012,25600,182971858
-258,-28,-2016,25088,182973117
-257,-27,-2016,25088,182974376
-261,-30,-2015,25600,182975635
-260,-27,-2014,25600,182976894
-261,-27,-2014,25088,182978153
-263,-29,-2016,25088,182979411
-261,-28,-2016,25088,182980669
-260,-27,-2018,25088,182981927
-262,-23,-2017,25088,182983185
-261,-23,-2016,25088,182984443
-265,-26,-2018,25088,182985701
-266,-29,-2021,25088,182986959
-266,-26,-2018,25088,182988217
-265,-27,-2020,25088,182989466
-263,-27,-2013,25088,182990715
-263,-27,-2012,25600,182991964
-261,-28,-2012,25600,182993213
-264,-24,-2017,25088,182994462
-268,-26,-2016,25088,182995711
-266,-26,-2016,25088,182996970
-260,-27,-2016,25088,182998229
-263,-32,-2018,25600,182999483
-265,-29,-2017,25088,183000737
-264,-26,-2019,25088,183001991
-261,-24,-2017,25088,183003248
-258,-28,-2017,25088,183004505
-262,-27,-2015,25088,183005762
-264,-27,-2013,25088,183007019
-264,-23,-2016,25088,183008276
-263,-24,-2015,25600,183009532
-263,-23,-2016,25088,183010788
-263,-29,-2012,25088,183012044
-265,-29,-2018,25088,183013300
-266,-32,-2016,25088,183014556
-261,-29,-2015,25600,183015812
-265,-27,-2019,25088,183017068
-264,-24,-2016,25088,183018324
-266,-25,-2012,25088,183019579
-266,-24,-2018,25600,183020834
-263,-26,-2018,25088,183022089
-262,-24,-2019,25088,183023344
-260,-24,-2018,25600,183024599
-259,-25,-2017,25088,183025854
-260,-26,-2018,25088,183027109
-261,-26,-2014,25088,183028364
-261,-28,-2015,25088,183029606
-262,-29,-2015,25088,183030846
-266,-28,-2015,25088,183032086
-264,-29,-2018,25088,183033326
-262,-31,-2023,25088,183034566
-262,-33,-2024,25600,183035806
-263,-33,-2022,25088,183037059
-263,-25,-2017,25088,183038312
-262,-22,-2016,25088,183039565
-261,-26,-2012,25088,183040818
-261,-24,-2015,25088,183042071
-260,-25,-2014,25088,183043324
-264,-25,-2015,25088,183044577
-266,-26,-2016,25600,183045830
-266,-26,-2017,25600,183047083
-262,-24,-2016,25600,183048336
-261,-25,-2013,25088,183049587
-263,-24,-2013,25088,183050838
-261,-23,-2015,25088,183052089
-264,-25,-2016,25088,183053340
-265,-26,-2018,25088,183054591
-261,-29,-2019,25600,183055842
-263,-28,-2018,25088,183057093
-263,-27,-2014,25600,183058344
-263,-29,-2015,25088,183059591
-264,-26,-2019,25088,183060838
-264,-23,-2015,25088,183062085
-261,-26,-2016,25088,183063336
-259,-25,-2018,25088,183064587
-261,-26,-2016,25088,183065838
-263,-29,-2016,25088,183067089
-261,-30,-2016,25088,183068340
-261,-28,-2014,25088,183069570
-261,-26,-2014,25600,183070819
-265,-26,-2016,25088,183072068
-263,-28,-2014,25088,183073317
-261,-30,-2012,25088,183074566
-266,-31,-2012,25600,183075815
-262,-27,-2014,25088,183077064
-268,-26,-2016,25088,183078313
-267,-22,-2015,25088,183079561
-266,-27,-2015,25600,183080809
-266,-28,-2015,25088,183082057
-264,-28,-2019,25088,183083305
-263,-27,-2016,25088,183084553
-263,-26,-2015,25088,183085801
-264,-29,-2015,25088,183087049
-260,-27,-2016,25088,183088297
-261,-25,-2019,25088,183089534
-264,-28,-2016,25088,183090771
-264,-29,-2016,25600,183092008
-263,-28,-2013,25088,183093245
-260,-26,-2013,25088,183094482
-263,-24,-2015,25088,183095719
-259,-27,-2013,25600,183096969
-263,-26,-2015,25088,183098219
-263,-27,-2014,25088,183099464
-263,-26,-2011,25088,183100709
-262,-25,-2012,25088,183101954
-262,-26,-2016,25088,183103203
-267,-26,-2016,25088,183104452
-265,-29,-2017,25088,183105701
-259,-29,-2018,25600,183106950
-259,-25,-2018,25600,183108199
-258,-25,-2020,25600,183109421
-261,-24,-2020,25088,183110643
-261,-29,-2016,25600,183111865
-262,-30,-2019,25088,183113087
-262,-28,-2019,25600,183114309
-264,-25,-2018,25600,183115531
-261,-31,-2020,25600,183116753
-260,-31,-2018,25088,183117975
-262,-28,-2017,25600,183119197
-263,-30,-2015,25088,183120421
-258,-28,-2016,25088,183121645
-258,-28,-2014,25088,183122869
-261,-27,-2015,25088,183124093
-264,-25,-2017,25088,183125317
-262,-26,-2015,25088,183126541
-260,-29,-2013,25088,183127765
-264,-29,-2013,25088,183128989
-261,-24,-2015,25088,183130228
-261,-25,-2017,25088,183131467
-262,-24,-2015,25600,183132706
-260,-24,-2017,25088,183133945
-259,-27,-2018,25600,183135184
-261,-29,-2019,25600,183136409
-267,-27,-2015,25088,183137634
-263,-25,-2012,25088,183138859
-262,-24,-2013,25088,183140084
-262,-26,-2014,25088,183141309
-264,-28,-2017,25088,183142534
-258,-28,-2017,25088,183143759
-259,-31,-2019,25600,183144984
-262,-30,-2020,25088,183146209
-262,-31,-2021,25088,183147434
-262,-31,-2017,25088,183148659
-260,-31,-2015,25088,183149885
-260,-27,-2017,25088,183151111
-264,-25,-2019,25088,183152337
-268,-25,-2014,25600,183153563
-267,-25,-2016,25088,183154789
-266,-33,-2015,25600,183156015
-263,-34,-2016,25600,183157241
-261,-27,-2017,25088,183158467
-266,-25,-2016,25088,183159690
-264,-27,-2013,25088,183160913
-264,-27,-2012,25088,183162136
-267,-29,-2010,25088,183163364
-260,-26,-2012,25088,183164592
-262,-23,-2015,25088,183165820
-260,-25,-2017,25088,183167048
-261,-26,-2017,25088,183168276
-263,-29,-2019,25600,183169506
-263,-27,-2016,25088,183170736
-260,-26,-2019,25088,183171966
-264,-27,-2018,25600,183173196
-266,-28,-2022,25600,183174426
-262,-32,-2017,25600,183175656
-264,-27,-2019,25600,183176886
-266,-22,-2017,25600,183178116
-265,-26,-2014,25088,183179349
-264,-28,-2016,25088,183180582
-263,-28,-2017,25088,183181815
-264,-28,-2018,25088,183183048
-261,-29,-2016,25088,183184281
-260,-30,-2016,25088,183185514
-262,-27,-2016,25088,183186747
-264,-24,-2014,25088,183187980
-263,-28,-2018,25088,183189229
-263,-26,-2014,25088,183190478
-261,-29,-2013,25088,183191727
-261,-29,-2019,25088,183192976
-264,-27,-2020,25088,183194225
-262,-26,-2019,25088,183195463
-263,-24,-2015,25088,183196701
-268,-25,-2017,25088,183197939
-264,-25,-2020,25088,183199174
-261,-23,-2016,25600,183200409
-257,-27,-2013,25088,183201644
-259,-24,-2016,25088,183202886
-260,-23,-2016,25600,183204128
-266,-24,-2017,25088,183205370
-265,-26,-2019,25088,183206612
-265,-29,-2019,25088,183207854
-261,-28,-2016,25600,183209100
-262,-27,-2013,25088,183210346
-261,-30,-2010,25088,183211592
-260,-30,-2011,25600,183212838
-265,-27,-2016,25600,183214084
-262,-22,-2013,25088,183215330
-261,-23,-2017,25088,183216576
-263,-26,-2018,25088,183217822
-264,-30,-2017,25088,183219071
-264,-24,-2013,25088,183220320
-261,-26,-2012,25600,183221569
-263,-28,-2019,25088,183222818
-260,-25,-2019,25600,183224067
-260,-30,-2015,25088,183225316
-263,-29,-2017,25088,183226565
-262,-31,-2015,25088,183227814
-259,-27,-2019,25088,183229077
-263,-28,-2019,25088,183230340
-259,-30,-2015,25088,183231603
-260,-33,-2017,25600,183232866
-263,-30,-2014,25600,183234129
-261,-24,-2011,25088,183235383
-259,-27,-2013,25088,183236637
-264,-28,-2017,25088,183237891
-264,-29,-2018,25600,183239148
-264,-31,-2017,25088,183240405
-263,-25,-2023,25088,183241662
-266,-26,-2019,25088,183242919
-265,-26,-2020,25088,183244176
-263,-30,-2015,25088,183245433
-260,-28,-2014,25088,183246690
-261,-28,-2015,25088,183247947
-265,-28,-2019,25088,183249203
-264,-31,-2021,25088,183250459
-263,-31,-2018,25088,183251715
-261,-26,-2019,25088,183252971
-260,-27,-2021,25088,183254227
-263,-29,-2018,25088,183255483
-262,-29,-2018,25600,183256739
-261,-30,-2023,25088,183257995
-262,-28,-2018,25600,183259248
-265,-27,-2013,25600,183260501
-268,-28,-2013,25088,183261754
-267,-27,-2013,25088,183263011
-267,-25,-2013,25088,183264268
-266,-24,-2015,25088,183265525
-262,-24,-2015,25600,183266782
-266,-29,-2017,25088,183268039
-266,-27,-2017,25088,183269297
-269,-26,-2012,25600,183270555
-263,-26,-2014,25600,183271813
-265,-24,-2015,25088,183273071
-262,-24,-2017,25088,183274329
-268,-27,-2017,25088,183275587
-267,-28,-2015,25088,183276845
-264,-27,-2018,25088,183278103
-262,-27,-2016,25600,183279361
-266,-32,-2015,25088,183280619
-266,-29,-2017,25600,183281877
-264,-28,-2017,25600,183283135
-260,-29,-2016,25088,183284393
-262,-31,-2018,25088,183285651
-264,-31,-2018,25088,183286909
-266,-33,-2021,25088,183288167
-266,-33,-2023,25088,183289414
-266,-27,-2022,25600,183290661
-265,-25,-2018,25088,183291908
-264,-26,-2019,25088,183293155
-263,-27,-2017,25088,183294402
-264,-27,-2015,25088,183295649
-264,-27,-2015,25088,183296908
-264,-28,-2016,25088,183298167
-266,-25,-2019,25600,183299421
-269,-23,-2019,25600,183300675
-270,-27,-2019,25088,183301929
-264,-27,-2020,25088,183303186
-261,-24,-2015,25088,183304443
-262,-28,-2014,25600,183305700
-260,-27,-2012,25088,183306957
-263,-23,-2014,25088,183308214
-263,-24,-2014,25088,183309470
-261,-25,-2018,25088,183310726
-264,-31,-2017,25088,183311982
-264,-28,-2017,25088,183313238
-265,-24,-2018,25088,183314494
-259,-28,-2017,25088,183315750
-262,-28,-2014,25600,183317006
-266,-31,-2014,25088,183318262
-266,-27,-2018,25088,183319518
-266,-30,-2018,25600,183320774
-266,-30,-2022,25088,183322030
-265,-30,-2017,25088,183323286
-262,-28,-2015,25600,183324542
-261,-28,-2016,25088,183325798
-264,-27,-2015,25088,183327054
-259,-28,-2015,25600,183328310
-263,-26,-2018,25088,183329553
-262,-26,-2019,25600,183330795
-263,-28,-2020,25088,183332037
-259,-24,-2017,25088,183333279
-260,-27,-2014,25088,183334521
-261,-30,-2015,25088,183335763
-263,-30,-2015,25088,183337017
-262,-28,-2017,25088,183338271
-265,-28,-2017,25088,183339525
-265,-27,-2016,25088,183340779
-260,-27,-2016,25088,183342033
-261,-27,-2018,25088,183343287
-269,-27,-2015,25088,183344541
-264,-28,-2016,25088,183345795
-259,-25,-2020,25088,183347049
-260,-23,-2019,25088,183348303
-262,-26,-2017,25088,183349555
-257,-25,-2019,25088,183350807
-260,-26,-2018,25600,183352059
-263,-27,-2013,25600,183353311
-268,-25,-2015,25600,183354563
-268,-25,-2014,25600,183355815
-267,-26,-2016,25088,183357067
-262,-26,-2012,25600,183358319
-260,-30,-2016,25088,183359567
-261,-32,-2018,25088,183360815
-263,-32,-2015,25600,183362063
-262,-30,-2015,25088,183363315
-261,-32,-2013,25088,183364567
-260,-29,-2015,25088,183365819
-260,-30,-2019,25088,183367071
-262,-28,-2019,25088,183368323
-262,-29,-2018,25600,183369554
-263,-28,-2018,25088,183370804
-260,-26,-2016,25088,183372054
-260,-25,-2017,25600,183373304
-262,-26,-2016,25088,183374554
-262,-25,-2017,25088,183375804
-260,-26,-2015,25088,183377054
-262,-30,-2019,25088,183378304
-261,-30,-2019,25088,183379553
-264,-27,-2019,25088,183380802
-260,-27,-2017,25088,183382051
-263,-24,-2018,25088,183383300
-264,-27,-2020,25600,183384549
-264,-27,-2017,25088,183385798
-263,-27,-2019,25088,183387047
-260,-28,-2017,25088,183388296
-263,-32,-2020,25088,183389533
-265,-30,-2019,25600,183390770
-265,-23,-2017,25088,183392007
-267,-24,-2015,25600,183393244
-262,-31,-2017,25088,183394481
-264,-31,-2018,25088,183395718
-265,-28,-2017,25088,183396969
-267,-24,-2014,25088,183398220
-265,-30,-2017,25088,183399466
-264,-28,-2017,25088,183400712
-260,-25,-2012,25088,183401958
-261,-27,-2013,25600,183403207
-261,-30,-2014,25088,183404456
-262,-28,-2020,25088,183405705
-263,-28,-2016,25088,183406954
-263,-27,-2013,25088,183408203
-266,-28,-2016,25088,183409426
-264,-27,-2021,25088,183410649
-263,-26,-2019,25088,183411872
-265,-24,-2013,25088,183413095
-266,-28,-2015,25088,183414318
-262,-29,-2014,25600,183415541
-263,-25,-2016,25600,183416764
-261,-23,-2013,25088,183417987
-263,-24,-2016,25088,183419210
-263,-27,-2016,25088,183420434
-266,-22,-2014,25088,183421658
-258,-23,-2019,25088,183422882
-260,-22,-2017,25600,183424106
-269,-23,-2016,25088,183425330
-269,-26,-2021,25088,183426554
-264,-30,-2016,25088,183427778
-263,-32,-2016,25088,183429002
-260,-33,-2014,25088,183430241
-262,-28,-2012,25088,183431480
-267,-26,-2014,25088,183432719
-261,-30,-2015,25088,183433958
-261,-27,-2018,25088,183435197
-262,-28,-2017,25088,183436422
-262,-24,-2017,25088,183437647
-264,-25,-2014,25088,183438872
-260,-27,-2016,25088,183440097
-260,-29,-2014,25088,183441322
-260,-26,-2012,25088,183442547
-263,-24,-2015,25088,183443772
-265,-28,-2016,25088,183444997
-262,-27,-2016,25088,183446222
-261,-26,-2017,25088,183447447
-260,-30,-2015,25088,183448672
-258,-26,-2015,25088,183449898
-259,-25,-2016,25088,183451124
-261,-29,-2019,25600,183452350
-263,-28,-2020,25088,183453576
-263,-28,-2017,25088,183454802
-263,-25,-2015,25088,183456028
-264,-29,-2015,25088,183457254
-264,-29,-2015,25600,183458480
-261,-28,-2012,25088,183459727
-260,-28,-2014,25088,183460974
-260,-27,-2017,25088,183462202
-265,-28,-2016,25088,183463430
-261,-29,-2015,25088,183464658
-263,-26,-2014,25088,183465886
-260,-25,-2019,25088,183467114
-265,-28,-2018,25088,183468342
-262,-28,-2016,25600,183469572
-261,-28,-2013,25088,183470802
-267,-28,-2015,25088,183472032
-265,-27,-2019,25088,183473262
-264,-28,-2015,25088,183474492
-263,-30,-2016,25088,183475722
-262,-25,-2014,25600,183476952
-259,-26,-2015,25088,183478182
-257,-29,-2015,25088,183479415
-260,-29,-2020,25088,183480648
-262,-30,-2011,25088,183481881
-263,-26,-2011,25088,183483114
-263,-24,-2014,25088,183484347
-262,-23,-2014,25088,183485580
-264,-26,-2014,25088,183486813
-261,-25,-2016,25088,183488046
-261,-27,-2019,25088,183489298
-264,-29,-2014,25088,183490550
-264,-29,-2013,25600,183491802
-261,-24,-2015,25600,183493054
-261,-24,-2018,25088,183494306
-261,-28,-2019,25088,183495544
-261,-27,-2017,25088,183496782
-263,-30,-2017,25088,183498020
-261,-31,-2017,25088,183499255
-259,-23,-2016,25600,183500490
-259,-21,-2016,25088,183501725
-265,-26,-2019,25600,183502967
-267,-28,-2021,25600,183504209
-263,-32,-2021,25088,183505451
-262,-29,-2016,25088,183506693
-261,-28,-2013,25088,183507935
-258,-28,-2016,25600,183509181
-261,-27,-2019,25600,183510427
-261,-29,-2022,25088,183511673
-264,-30,-2019,25088,183512919
-263,-27,-2017,25088,183514165
-263,-30,-2018,25600,183515411
-263,-30,-2016,25600,183516657
-262,-28,-2018,25088,183517903
-264,-26,-2015,25088,183519150
-265,-24,-2018,25088,183520397
-260,-26,-2016,25088,183521644
-263,-28,-2017,25088,183522891
-262,-29,-2019,25088,183524138
-261,-27,-2017,25088,183525385
-257,-29,-2021,25088,183526632
-262,-30,-2017,25600,183527879
-261,-26,-2020,25600,183529140
-263,-26,-2016,25088,183530401
-262,-21,-2013,25088,183531662
-265,-27,-2015,25088,183532923
-261,-28,-2013,25088,183534184
-257,-26,-2017,25600,183535437
-260,-27,-2017,25088,183536690
-263,-30,-2017,25088,183537943
-265,-26,-2016,25088,183539198
-266,-23,-2014,25600,183540453
-263,-24,-2014,25088,183541708
-264,-29,-2018,25088,183542963
-265,-29,-2019,25088,183544218
-262,-24,-2021,25088,183545473
-262,-22,-2021,25088,183546728
-265,-26,-2016,25088,183547983
-263,-28,-2015,25088,183549237
-262,-28,-2018,25088,183550491
-264,-24,-2017,25088,183551745
-260,-22,-2016,25088,183552999
-262,-28,-2015,25088,183554253
-259,-30,-2015,25088,183555507
-263,-25,-2016,25088,183556761
-262,-25,-2019,25600,183558015
-261,-25,-2022,25600,183559270
-262,-25,-2021,25088,183560525
-261,-29,-2016,25088,183561780
-267,-30,-2016,25088,183563036
-266,-29,-2012,25600,183564292
-261,-26,-2016,25088,183565548
-261,-26,-2015,25088,183566804
-263,-28,-2014,25088,183568060
-266,-28,-2016,25088,183569317
-264,-29,-2015,25088,183570574
-264,-27,-2019,25088,183571831
-267,-27,-2022,25088,183573088
-265,-26,-2018,25088,183574345
-264,-29,-2016,25088,183575602
-264,-26,-2017,25088,183576859
-262,-25,-2015,25088,183578116
-265,-24,-2017,25088,183579372
-264,-28,-2015,25600,183580628
-259,-28,-2013,25088,183581884
-261,-26,-2015,25088,183583140
-262,-27,-2016,25088,183584396
-261,-32,-2021,25088,183585652
-259,-24,-2016,25088,183586908
-260,-23,-2017,25088,183588164
-263,-27,-2014,25088,183589414
-257,-28,-2018,25088,183590664
-260,-30,-2015,25088,183591914
-263,-31,-2020,25088,183593164
-264,-29,-2017,25600,183594414
-263,-23,-2018,25600,183595664
-261,-26,-2015,25600,183596925
-264,-27,-2010,25088,183598186
-263,-27,-2011,25088,183599447
-266,-27,-2014,25088,183600701
-263,-28,-2011,25600,183601955
-262,-25,-2011,25600,183603212
-261,-27,-2015,25088,183604469
-263,-26,-2019,25088,183605726
-263,-28,-2017,25088,183606983
-260,-27,-2014,25088,183608240
-261,-31,-2017,25088,183609496
-263,-30,-2018,25088,183610752
-262,-25,-2014,25088,183612008
-262,-26,-2018,25088,183613264
-263,-30,-2020,25088,183614520
-261,-26,-2018,25600,183615776
-267,-25,-2016,25088,183617032
-264,-29,-2013,25600,183618288
-266,-29,-2013,25088,183619543
-265,-29,-2009,25088,183620798
-262,-29,-2011,25088,183622053
-258,-31,-2019,25088,183623308
-262,-29,-2018,25600,183624563
-262,-23,-2018,25088,183625818
-262,-25,-2012,25600,183627073
-263,-28,-2014,25088,183628328
-263,-24,-2013,25600,183629571
-262,-26,-2019,25088,183630813
-262,-27,-2019,25088,183632055
-259,-28,-2013,25088,183633297
-258,-28,-2019,25088,183634539
-261,-28,-2018,25088,183635781
-266,-29,-2018,25088,183637035
-266,-28,-2016,25088,183638289
-262,-30,-2015,25088,183639542
-262,-29,-2017,25088,183640795
-262,-27,-2016,25088,183642048
-264,-27,-2015,25088,183643301
-265,-29,-2014,25088,183644554
-262,-30,-2016,25088,183645807
-262,-29,-2016,25600,183647060
-261,-33,-2011,25600,183648313
-261,-31,-2014,25088,183649564
-263,-28,-2018,25088,183650815
-259,-27,-2016,25088,183652066
-267,-28,-2015,25088,183653317
-268,-27,-2014,25088,183654568
-266,-26,-2013,25088,183655819
-266,-24,-2015,25600,183657070
-264,-26,-2017,25088,183658321
-263,-28,-2017,25088,183659573
-260,-28,-2014,25088,183660825
-260,-32,-2013,25088,183662077
-262,-30,-2013,25088,183663329
-263,-32,-2017,25088,183664581
-266,-31,-2016,25600,183665833
-266,-29,-2017,25088,183667085
-261,-30,-2021,25600,183668337
-260,-26,-2021,25088,183669576
-261,-29,-2018,25600,183670826
-262,-30,-2014,25088,183672076
-260,-26,-2019,25088,183673326
-265,-25,-2015,25088,183674576
-264,-29,-2017,25088,183675826
-262,-31,-2016,25600,183677076
-263,-31,-2017,25088,183678326
-261,-27,-2014,25088,183679575
-263,-27,-2014,25600,183680824
-261,-25,-2012,25088,183682073
-261,-26,-2012,25088,183683322
-260,-26,-2011,25088,183684571
-259,-25,-2013,25088,183685820
-264,-26,-2014,25600,183687069
-265,-26,-2016,25088,183688318
-261,-26,-2022,25088,183689569
-261,-27,-2022,25088,183690820
-264,-24,-2018,25600,183692071
-260,-28,-2017,25600,183693322
-260,-28,-2020,25600,183694573
-259,-31,-2019,25088,183695824
-261,-28,-2020,25088,183697075
-261,-28,-2018,25088,183698326
-262,-28,-2015,25088,183699573
-262,-27,-2017,25600,183700820
-261,-27,-2013,25088,183702067
-260,-27,-2013,25088,183703317
-260,-29,-2013,25088,183704567
-260,-25,-2012,25088,183705817
-262,-29,-2013,25088,183707067
-261,-27,-2015,25600,183708317
-261,-29,-2015,25088,183709545
-264,-28,-2014,25600,183710773
-267,-29,-2013,25600,183712001
-265,-23,-2014,25088,183713229
-262,-26,-2015,25088,183714457
-265,-32,-2012,25088,183715685
-261,-28,-2012,25088,183716913
-260,-25,-2019,25600,183718141
-263,-28,-2020,25088,183719369
-263,-24,-2021,25088,183720598
-264,-28,-2019,25088,183721827
-265,-27,-2018,25600,183723056
-264,-26,-2021,25600,183724285
-267,-26,-2021,25088,183725514
-264,-30,-2018,25088,183726743
-265,-27,-2021,25600,183727972
-267,-28,-2022,25088,183729201
-264,-25,-2020,25088,183730439
-262,-28,-2014,25088,183731677
-264,-23,-2012,25088,183732915
-266,-27,-2016,25088,183734153
-261,-23,-2018,25088,183735391
-262,-25,-2017,25088,183736618
-259,-26,-2018,25088,183737845
-261,-27,-2016,25088,183739072
-265,-27,-2014,25088,183740300
-260,-27,-2012,25088,183741528
-262,-27,-2016,25088,183742756
-262,-28,-2016,25088,183743984
-267,-28,-2018,25600,183745212
-266,-29,-2017,25088,183746440
-265,-31,-2019,25600,183747668
-268,-29,-2018,25600,183748896
-265,-26,-2016,25600,183750123
-262,-25,-2016,25088,183751350
-264,-26,-2017,25088,183752577
-264,-24,-2020,25088,183753804
-264,-29,-2019,25088,183755031
-265,-29,-2018,25088,183756258
-264,-30,-2018,25088,183757485
-264,-31,-2018,25600,183758712
-267,-28,-2016,25600,183759939
-262,-28,-2016,25088,183761166
-262,-30,-2016,25088,183762393
-262,-32,-2015,25088,183763620
-259,-30,-2018,25088,183764847
-260,-26,-2018,25088,183766074
-259,-26,-2015,25600,183767301
-259,-28,-2015,25088,183768528
-265,-25,-2018,25088,183769757
-265,-21,-2015,25600,183770986
-262,-26,-2016,25088,183772215
-265,-21,-2017,25600,183773444
-260,-21,-2018,25088,183774673
-260,-24,-2019,25088,183775902
-261,-24,-2014,25088,183777131
-260,-25,-2014,25600,183778360
-261,-26,-2019,25088,183779590
-265,-31,-2017,25600,183780820
-263,-32,-2013,25088,183782050
-260,-30,-2018,25600,183783280
-260,-28,-2018,25088,183784510
-263,-26,-2019,25600,183785740
-265,-29,-2018,25088,183786970
-260,-27,-2017,25088,183788200
-259,-28,-2017,25600,183789434
-265,-27,-2015,25088,183790668
-265,-24,-2020,25600,183791902
-263,-22,-2018,25088,183793136
-267,-24,-2017,25600,183794370
-266,-26,-2017,25088,183795604
-262,-25,-2016,25088,183796838
-260,-23,-2015,25600,183798072
-262,-26,-2020,25088,183799304
-264,-32,-2019,25088,183800536
-264,-30,-2017,25088,183801768
-262,-27,-2018,25088,183803003
-262,-29,-2013,25088,183804238
-259,-31,-2013,25088,183805473
-261,-30,-2018,25088,183806708
-261,-30,-2018,25088,183807943
-264,-29,-2014,25088,183809181
-265,-28,-2012,25088,183810419
-267,-28,-2016,25088,183811657
-270,-27,-2016,25088,183812895
-266,-28,-2016,25088,183814133
-266,-28,-2019,25088,183815371
-263,-26,-2017,25600,183816609
-265,-26,-2017,25600,183817847
-262,-25,-2020,25088,183819088
-261,-27,-2016,25088,183820329
-261,-28,-2013,25600,183821570
-262,-30,-2015,25088,183822811
-266,-28,-2014,25088,183824052
-265,-27,-2015,25088,183825293
-262,-26,-2014,25600,183826534
-265,-25,-2013,25088,183827775
-268,-26,-2016,25088,183829029
-265,-31,-2019,25088,183830283
-261,-28,-2015,25088,183831537
-260,-29,-2017,25088,183832791
-260,-28,-2019,25600,183834045
-260,-28,-2020,25600,183835291
-258,-30,-2018,25600,183836537
-257,-28,-2022,25600,183837783
-257,-26,-2018,25600,183839032
-262,-30,-2018,25088,183840281
-261,-29,-2016,25600,183841530
-264,-29,-2015,25600,183842779
-262,-30,-2019,25088,183844028
-266,-25,-2022,25088,183845277
-266,-24,-2019,25600,183846526
-262,-26,-2019,25600,183847775
-259,-27,-2022,25600,183849026
-255,-26,-2022,25088,183850277
-258,-26,-2018,25600,183851528
-266,-23,-2017,25088,183852779
-261,-24,-2019,25088,183854030
-259,-25,-2019,25088,183855281
-259,-27,-2018,25088,183856532
-262,-28,-2018,25088,183857783
-264,-28,-2017,25600,183859036
-263,-29,-2016,25088,183860289
-259,-33,-2017,25088,183861542
-263,-31,-2019,25088,183862795
-262,-28,-2020,25088,183864048
-257,-30,-2014,25088,183865301
-261,-28,-2013,25600,183866554
-261,-26,-2018,25088,183867807
-263,-31,-2018,25088,183869051
-261,-30,-2017,25088,183870307
-263,-31,-2011,25088,183871563
-259,-27,-2013,25088,183872819
-260,-25,-2016,25600,183874075
-258,-22,-2018,25088,183875331
-257,-23,-2014,25088,183876587
-262,-29,-2014,25088,183877843
-261,-25,-2012,25600,183879101
-255,-24,-2015,25088,183880359
-255,-27,-2014,25088,183881617
-260,-32,-2013,25088,183882875
-265,-25,-2014,25088,183884133
-265,-25,-2019,25088,183885391
-266,-25,-2013,25088,183886649
-263,-28,-2013,25088,183887907
-263,-26,-2015,25088,183889166
-261,-28,-2012,25088,183890425
-259,-32,-2014,25088,183891684
-259,-27,-2017,25088,183892943
-263,-26,-2016,25088,183894202
-264,-27,-2014,25088,183895461
-261,-24,-2016,25088,183896720
-261,-25,-2017,25088,183897979
-257,-27,-2017,25600,183899242
-256,-23,-2020,25088,183900505
-261,-25,-2019,25088,183901768
-264,-28,-2018,25088,183903027
-258,-27,-2021,25088,183904286
-255,-28,-2018,25600,183905545
-260,-27,-2012,25088,183906804
-264,-28,-2016,25088,183908063
-263,-28,-2013,25088,183909322
-257,-26,-2017,25088,183910581
