-31,-10,-21,25088,173945104
-38,-12,-22,25088,173946335
-34,-7,-14,25088,173947566
-33,-9,-21,25088,173948797
-34,-14,-23,25600,173950026
-30,-11,-23,25088,173951255
-36,-5,-22,25600,173952484
-30,-10,-30,25088,173953714
-33,-9,-27,25088,173954944
-34,-8,-23,25600,173956174
-34,-7,-18,25088,173957404
-32,-6,-18,25600,173958634
-35,-9,-23,25600,173959866
-39,-8,-20,25600,173961098
-34,-8,-21,25600,173962330
-32,-6,-19,25088,173963562
-39,-9,-24,25088,173964794
-36,-11,-23,25600,173966026
-36,-13,-24,25600,173967258
-37,-10,-15,25600,173968490
-38,-13,-15,25088,173969727
-34,-13,-20,25600,173970964
-35,-13,-22,25600,173972201
-30,-12,-24,25088,173973438
-34,-13,-27,25088,173974675
-37,-12,-28,25088,173975912
-39,-10,-24,25600,173977149
-39,-8,-24,25600,173978386
-37,-10,-27,25088,173979623
-36,-12,-22,25600,173980866
-37,-13,-24,25600,173982109
-45,-8,-14,25088,173983352
-37,-12,-29,25600,173984595
-40,-13,-16,25600,173985827
-36,-10,-15,25088,173987059
-37,-7,-28,25600,173988291
-34,-14,-18,25088,173989525
-33,-13,-18,25600,173990759
-35,-10,-24,25600,173991993
-31,-10,-25,25600,173993227
-34,-8,-21,25600,173994461
-34,-11,-23,25088,173995695
-34,-7,-21,25088,173996929
-39,-9,-21,25600,173998163
-39,-9,-17,25088,173999400
-36,-12,-22,25600,174000637
-47,-12,-19,25088,174001874
-37,-10,-26,25600,174003111
-35,-10,-23,25600,174004348
-35,-10,-25,25600,174005585
-33,-11,-21,25600,174006822
-30,-5,-22,25088,174008059
-30,-9,-31,25600,174009299
-26,-7,-31,25088,174010539
-42,-5,-17,25600,174011779
-32,-13,-28,25600,174013019
-33,-8,-27,25600,174014259
-39,-9,-23,25600,174015499
-37,-10,-16,25088,174016739
-33,-9,-24,25600,174017979
-34,-9,-27,25088,174019221
-30,-10,-26,25088,174020463
-44,-1,-16,25600,174021705
-39,-6,-29,25600,174022947
-38,-10,-27,25600,174024189
-40,-8,-21,25600,174025431
-35,-8,-26,25088,174026673
-34,-12,-24,25088,174027915
-35,-13,-26,25088,174029159
-28,-11,-25,25600,174030403
-38,-5,-14,25088,174031647
-31,-8,-34,25600,174032891
-34,-12,-26,25088,174034135
-34,-8,-19,25600,174035379
-37,-9,-17,25600,174036623
-37,-6,-27,25088,174037867
-42,-12,-24,25088,174039106
-34,-5,-25,25600,174040345
-42,-6,-13,25600,174041584
-30,-7,-40,25600,174042823
-36,-7,-27,25600,174044062
-33,-11,-21,25088,174045301
-30,-10,-26,25600,174046549
-30,-9,-19,25088,174047797
-33,-10,-23,25088,174049044
-34,-9,-23,25600,174050291
-34,-8,-21,25600,174051538
-36,-7,-17,25600,174052788
-30,-8,-22,25600,174054038
-41,-7,-19,25600,174055288
-37,-10,-22,25088,174056538
-37,-9,-30,25600,174057788
-38,-11,-23,25600,174059039
-33,-8,-20,25088,174060290
-41,-4,-14,25088,174061541
-34,-7,-33,25088,174062792
-31,-9,-33,25600,174064043
-29,-10,-18,25088,174065294
-33,-6,-24,25600,174066545
-35,-9,-26,25088,174067796
-34,-12,-26,25088,174069041
-34,-11,-27,25088,174070286
-41,-5,-14,25600,174071531
-30,-6,-32,25088,174072776
-36,-8,-15,25600,174074021
-35,-11,-18,25600,174075266
-35,-12,-18,25088,174076511
-37,-10,-21,25600,174077756
-35,-8,-30,25088,174079001
-36,-8,-26,25088,174080248
-29,-8,-20,25088,174081495
-37,-6,-17,25600,174082742
-31,-7,-29,25600,174083989
-36,-6,-30,25088,174085236
-40,-5,-23,25600,174086494
-32,-7,-14,25600,174087752
-34,-7,-22,25088,174089010
-33,-8,-19,25088,174090268
-40,-10,-19,25600,174091526
-36,-8,-30,25600,174092784
-38,-5,-22,25600,174094042
-35,-3,-20,25600,174095300
-34,-9,-22,25600,174096558
-38,-6,-33,25088,174097816
-35,-6,-27,25600,174099074
-34,-8,-22,25600,174100332
-35,-8,-23,25088,174101590
-32,-10,-31,25088,174102848
-39,-6,-24,25600,174104106
-32,-7,-26,25088,174105364
-39,-7,-24,25600,174106622
-32,-6,-22,25600,174107880
-33,-7,-25,25088,174109142
-37,-13,-24,25088,174110404
-41,-7,-19,25600,174111666
-34,-11,-23,25088,174112925
-31,-10,-15,25600,174114184
-32,-8,-24,25088,174115443
-36,-10,-28,25600,174116702
-32,-12,-24,25088,174117961
-34,-10,-25,25088,174119204
-33,-6,-24,25088,174120464
-33,-9,-24,25088,174121724
-30,-9,-20,25088,174122984
-31,-8,-17,25088,174124244
-33,-8,-23,25088,174125504
-33,-8,-25,25088,174126764
-36,-9,-22,25088,174128024
-34,-7,-25,25088,174129284
-36,-5,-20,25088,174130544
-40,-5,-27,25088,174131804
-34,-7,-28,25088,174133064
-33,-8,-15,25600,174134324
-36,-7,-18,25088,174135584
-36,-8,-24,25088,174136844
-38,-10,-22,25088,174138104
-38,-9,-14,25088,174139359
-39,-10,-15,25600,174140614
-36,-6,-23,25088,174141869
-34,-8,-19,25600,174143124
-37,-11,-20,25088,174144379
-38,-12,-24,25088,174145634
-34,-9,-27,25088,174146895
-32,-11,-28,25088,174148156
-37,-5,-19,25088,174149415
-28,-9,-35,25088,174150674
-32,-8,-22,25600,174151933
-34,-7,-23,25600,174153193
-34,-9,-24,25600,174154453
-33,-10,-20,25600,174155713
-37,-7,-29,25600,174156973
-39,-11,-18,25600,174158233
-37,-10,-20,25088,174159491
-36,-12,-20,25600,174160749
-35,-8,-26,25088,174162007
-36,-11,-17,25088,174163265
-35,-10,-17,25600,174164523
-35,-6,-22,25600,174165781
-34,-6,-28,25088,174167039
-35,-8,-23,25088,174168297
-34,-15,-26,25600,174169538
-33,-12,-25,25088,174170779
-39,-6,-28,25088,174172020
-33,-13,-19,25088,174173261
-31,-12,-21,25088,174174502
-36,-7,-27,25088,174175743
-37,-6,-26,25600,174176984
-35,-7,-22,25600,174178225
-34,-7,-24,25600,174179466
-38,-7,-22,25088,174180714
-28,-10,-22,25088,174181962
-42,-6,-11,25088,174183210
-31,-6,-34,25088,174184458
-35,-7,-30,25088,174185706
-36,-9,-19,25088,174186962
-34,-12,-19,25088,174188218
-38,-11,-18,25088,174189471
-31,-13,-36,25088,174190724
-32,-15,-29,25088,174191977
-36,-12,-13,25088,174193230
-37,-12,-22,25600,174194483
-37,-8,-22,25600,174195736
-37,-9,-20,25088,174196989
-42,-6,-23,25600,174198242
-42,-8,-29,25088,174199494
-39,-9,-25,25088,174200746
-38,-10,-25,25088,174201998
-32,-10,-21,25088,174203250
-33,-6,-26,25088,174204502
-37,-7,-30,25088,174205754
-35,-6,-27,25600,174207006
-38,-6,-21,25600,174208258
-40,-9,-22,25600,174209493
-38,-12,-24,25088,174210728
-39,-4,-19,25088,174211963
-38,-5,-17,25088,174213198
-36,-8,-22,25088,174214427
-33,-12,-23,25088,174215656
-35,-15,-30,25600,174216885
-34,-10,-26,25088,174218114
-38,-11,-25,25088,174219343
-38,-9,-25,25088,174220571
-35,-9,-20,25088,174221799
-33,-9,-15,25088,174223027
-32,-5,-24,25600,174224255
-32,-4,-22,25088,174225483
-35,-9,-20,25088,174226711
-37,-9,-29,25088,174227939
-42,-7,-24,25600,174229167
-41,-11,-28,25600,174230394
-36,-9,-17,25088,174231621
-36,-12,-24,25088,174232848
-34,-8,-27,25600,174234075
-35,-5,-24,25088,174235302
-34,-4,-27,25088,174236529
-34,-7,-30,25088,174237756
-35,-6,-25,25088,174238983
-32,-9,-27,25088,174240224
-30,-8,-25,25088,174241465
-35,-8,-20,25600,174242706
-33,-8,-23,25600,174243947
-33,-7,-24,25600,174245188
-34,-8,-23,25600,174246415
-33,-9,-16,25600,174247642
-39,-10,-19,25088,174248869
-39,-8,-24,25088,174250094
-42,-6,-14,25088,174251319
-38,-8,-20,25088,174252544
-38,-5,-24,25088,174253769
-37,-6,-21,25088,174254994
-34,-10,-20,25088,174256219
-35,-6,-32,25600,174257444
-38,-6,-25,25088,174258669
-35,-7,-23,25088,174259893
-30,-3,-22,25088,174261117
-32,-5,-28,25600,174262341
-34,-6,-23,25088,174263565
-35,-6,-22,25088,174264789
-34,-10,-27,25088,174266013
-38,-6,-22,25600,174267237
-35,-6,-22,25088,174268461
-37,-6,-19,25088,174269697
-32,-4,-19,25600,174270933
-39,-6,-18,25600,174272169
-30,-8,-25,25088,174273405
-34,-8,-30,25600,174274641
-32,-8,-22,25088,174275877
-31,-10,-22,25088,174277113
-31,-9,-19,25088,174278349
-31,-4,-23,25088,174279574
-33,-9,-28,25088,174280821
-40,-6,-19,25600,174282068
-34,-12,-23,25088,174283315
-37,-11,-19,25088,174284562
-37,-9,-21,25088,174285795
-37,-7,-27,25088,174287028
-38,-5,-27,25600,174288261
-34,-11,-21,25088,174289495
-32,-12,-16,25088,174290729
-39,-10,-26,25088,174291963
-35,-10,-25,25088,174293197
-36,-7,-23,25600,174294431
-31,-8,-33,25600,174295665
-32,-11,-27,25600,174296899
-30,-9,-23,25600,174298133
-33,-10,-24,25088,174299370
-31,-7,-20,25600,174300607
-42,-6,-8,25600,174301844
-38,-13,-22,25600,174303081
-36,-11,-26,25088,174304318
-39,-13,-20,25600,174305555
-36,-13,-21,25088,174306792
-37,-14,-27,25088,174308029
-36,-13,-26,25600,174309267
-31,-10,-24,25600,174310505
-37,-6,-13,25600,174311743
-29,-11,-29,25600,174312985
-31,-14,-21,25600,174314227
-30,-12,-20,25088,174315469
-33,-8,-22,25088,174316711
-33,-8,-24,25088,174317953
-33,-8,-26,25088,174319199
-29,-9,-24,25088,174320445
-35,-4,-16,25088,174321691
-33,-9,-24,25600,174322937
-33,-9,-29,25088,174324183
-36,-6,-17,25600,174325429
-36,-10,-15,25088,174326675
-35,-8,-18,25088,174327921
-38,-8,-21,25600,174329169
-28,-8,-23,25088,174330417
-42,-9,-12,25088,174331665
-37,-11,-35,25088,174332913
-35,-12,-25,25088,174334161
-33,-7,-21,25600,174335409
-34,-7,-22,25600,174336657
-34,-12,-22,25600,174337905
-33,-9,-24,25600,174339145
-29,-12,-30,25088,174340385
-40,-5,-15,25600,174341625
-37,-7,-30,25088,174342865
-38,-11,-26,25600,174344105
-34,-8,-16,25600,174345345
-32,-7,-17,25088,174346595
-37,-6,-18,25600,174347845
-34,-11,-23,25088,174349094
-29,-12,-26,25088,174350343
-30,-12,-19,25088,174351592
-32,-12,-24,25088,174352845
-28,-9,-29,25600,174354098
-36,-7,-20,25600,174355351
-32,-8,-22,25088,174356604
-37,-9,-23,25088,174357857
-37,-12,-24,25088,174359111
-31,-14,-19,25088,174360365
-39,-8,-11,25088,174361619
-34,-5,-30,25088,174362873
-33,-11,-27,25600,174364127
-33,-10,-12,25600,174365381
-34,-8,-16,25600,174366635
-34,-8,-23,25088,174367889
-36,-8,-25,25600,174369153
-34,-5,-27,25600,174370417
-44,-5,-14,25600,174371681
-34,-11,-31,25600,174372945
-31,-12,-20,25600,174374209
-35,-7,-26,25088,174375473
-37,-5,-22,25088,174376737
-39,-4,-31,25600,174378001
-37,-6,-31,25600,174379254
-34,-8,-25,25600,174380502
-39,-7,-23,25088,174381750
-32,-8,-17,25088,174382998
-33,-7,-17,25600,174384246
-31,-7,-28,25088,174385494
-32,-5,-27,25088,174386754
-27,-3,-15,25600,174388014
-33,-5,-19,25088,174389274
-31,-7,-19,25088,174390534
-39,-7,-21,25600,174391794
-35,-8,-33,25088,174393054
-39,-9,-29,25088,174394314
-39,-8,-16,25600,174395574
-36,-13,-23,25088,174396834
-36,-12,-22,25088,174398094
-33,-10,-28,25088,174399352
-38,-6,-26,25600,174400610
-39,-7,-23,25088,174401868
-37,-13,-33,25600,174403126
-37,-7,-21,25088,174404384
-31,-9,-22,25088,174405642
-37,-6,-25,25600,174406900
-39,-6,-24,25600,174408158
-35,-6,-30,25600,174409416
-33,-10,-32,25088,174410674
-42,-7,-19,25600,174411932
-37,-10,-29,25600,174413191
-35,-7,-22,25088,174414450
-38,-6,-17,25600,174415709
-35,-9,-29,25600,174416968
-35,-10,-26,25600,174418227
-37,-8,-14,25088,174419467
-35,-13,-24,25088,174420723
-38,-13,-29,25088,174421979
-32,-11,-24,25088,174423235
-35,-12,-17,25600,174424491
-36,-8,-26,25600,174425747
-34,-8,-26,25600,174427003
-35,-6,-22,25600,174428259
-31,-1,-24,25088,174429514
-32,-7,-27,25088,174430769
-34,-5,-22,25600,174432024
-31,-10,-30,25088,174433279
-35,-9,-18,25088,174434534
-36,-9,-24,25600,174435789
-37,-10,-24,25600,174437044
-35,-10,-24,25600,174438299
-34,-8,-24,25088,174439545
-34,-9,-23,25088,174440791
-38,-9,-27,25600,174442037
-33,-10,-22,25600,174443283
-35,-6,-18,25600,174444529
-34,-11,-23,25600,174445775
-34,-11,-28,25600,174447031
-32,-10,-23,25088,174448287
-43,-7,-12,25088,174449539
-37,-9,-27,25088,174450791
-39,-9,-30,25600,174452043
-37,-14,-29,25600,174453296
-37,-10,-16,25088,174454549
-37,-6,-22,25600,174455802
-38,-7,-36,25600,174457055
-42,-6,-24,25600,174458308
-33,-7,-24,25088,174459559
-31,-8,-30,25600,174460810
-35,-5,-32,25600,174462061
-37,-12,-24,25088,174463312
-37,-11,-21,25088,174464563
-36,-11,-26,25088,174465814
-37,-9,-24,25600,174467065
-32,-8,-24,25088,174468316
-33,-7,-24,25088,174469550
-36,-11,-27,25600,174470784
-41,-10,-27,25088,174472018
-35,-9,-18,25088,174473252
-37,-8,-23,25088,174474486
-36,-8,-27,25088,174475720
-35,-9,-24,25088,174476954
-31,-9,-21,25088,174478188
-33,-7,-21,25088,174479422
-34,-5,-21,25088,174480664
-34,-5,-14,25088,174481906
-45,-2,-12,25600,174483148
-36,-9,-30,25088,174484390
-39,-13,-27,25088,174485632
-36,-10,-18,25088,174486883
-31,-9,-19,25088,174488134
-37,-11,-13,25600,174489383
-36,-12,-27,25600,174490632
-39,-6,-25,25600,174491881
-36,-9,-19,25600,174493130
-37,-9,-18,25088,174494379
-33,-9,-27,25088,174495628
-34,-13,-30,25600,174496877
-31,-6,-26,25088,174498126
-36,-7,-22,25600,174499375
-34,-8,-27,25600,174500624
-41,-4,-21,25600,174501873
-33,-10,-16,25088,174503122
-34,-11,-20,25088,174504371
-33,-11,-25,25088,174505620
-36,-9,-22,25088,174506869
-38,-11,-22,25088,174508118
-38,-10,-23,25088,174509367
-42,-10,-23,25088,174510616
-40,-8,-24,25088,174511865
-35,-12,-22,25088,174513092
-37,-7,-22,25600,174514319
-39,-4,-26,25600,174515546
-38,-9,-22,25600,174516773
-38,-12,-27,25600,174518000
-36,-11,-28,25600,174519227
-35,-8,-22,25600,174520454
-37,-8,-25,25600,174521681
-34,-12,-25,25600,174522908
-35,-7,-24,25088,174524135
-39,-7,-23,25088,174525362
-35,-8,-23,25088,174526589
-36,-6,-27,25600,174527816
-38,-11,-25,25088,174529043
-33,-9,-27,25088,174530270
-37,-3,-25,25600,174531497
-34,-10,-20,25088,174532724
-34,-8,-24,25088,174533951
-36,-8,-24,25600,174535178
-31,-9,-24,25088,174536405
-34,-6,-21,25088,174537632
-36,-9,-20,25088,174538859
-36,-11,-20,25088,174540103
-41,-7,-23,25088,174541347
-44,-7,-23,25600,174542591
-34,-7,-24,25088,174543835
-35,-8,-31,25088,174545079
-38,-9,-25,25088,174546308
-34,-9,-25,25600,174547537
-35,-8,-24,25600,174548766
-34,-12,-25,25088,174549994
-42,-9,-16,25088,174551222
-37,-9,-25,25600,174552450
-34,-10,-27,25600,174553677
-35,-6,-22,25600,174554904
-36,-8,-16,25088,174556131
-37,-9,-23,25088,174557358
-38,-10,-21,25088,174558585
-39,-9,-22,25088,174559812
-36,-8,-19,25088,174561039
-39,-13,-25,25600,174562266
-35,-11,-21,25088,174563493
-38,-5,-23,25088,174564720
-40,-9,-28,25600,174565947
-34,-9,-22,25600,174567174
-29,-8,-25,25600,174568401
-32,-7,-25,25600,174569639
-33,-9,-23,25088,174570877
-41,-6,-21,25088,174572115
-33,-12,-20,25088,174573353
-37,-7,-26,25088,174574591
-42,-5,-22,25088,174575829
-37,-8,-20,25088,174577067
-38,-8,-22,25088,174578305
-36,-8,-24,25088,174579532
-32,-7,-26,25088,174580782
-41,-6,-19,25088,174582032
-32,-9,-27,25088,174583282
-33,-11,-19,25088,174584532
-33,-11,-19,25600,174585768
-35,-9,-24,25600,174587004
-32,-10,-32,25088,174588240
-31,-9,-21,25600,174589477
-33,-8,-13,25600,174590714
-37,-6,-29,25088,174591951
-31,-8,-24,25600,174593188
-33,-10,-22,25088,174594425
-34,-11,-27,25088,174595662
-35,-7,-23,25088,174596899
-32,-7,-18,25088,174598136
-34,-10,-21,25600,174599375
-30,-7,-25,25088,174600614
-38,-6,-15,25600,174601853
-36,-12,-25,25600,174603092
-35,-9,-29,25088,174604331
-31,-8,-21,25088,174605570
-33,-7,-14,25088,174606809
-35,-7,-16,25088,174608048
-36,-10,-20,25600,174609288
-32,-8,-21,25600,174610528
-45,-6,-12,25088,174611768
-34,-6,-24,25088,174613012
-36,-6,-24,25600,174614256
-40,-9,-29,25088,174615500
-35,-8,-18,25088,174616744
-31,-6,-24,25088,174617988
-34,-7,-28,25600,174619235
-28,-10,-25,25088,174620482
-36,-5,-17,25088,174621729
-35,-12,-27,25600,174622976
-32,-11,-22,25088,174624223
-36,-5,-18,25600,174625470
-36,-2,-16,25088,174626717
-36,-4,-21,25600,174627964
-36,-6,-21,25600,174629213
-26,-6,-22,25088,174630462
-46,-4,-7,25088,174631711
-36,-10,-28,25088,174632960
-33,-11,-26,25088,174634209
-32,-10,-27,25088,174635458
-36,-10,-26,25088,174636707
-31,-6,-23,25088,174637956
-34,-8,-20,25088,174639197
-32,-8,-25,25600,174640438
-42,-8,-14,25088,174641679
-33,-7,-31,25600,174642920
-34,-12,-24,25088,174644161
-36,-10,-19,25088,174645402
-38,-8,-20,25600,174646652
-37,-5,-24,25600,174647902
-35,-8,-26,25088,174649151
-35,-9,-32,25600,174650400
-37,-7,-17,25088,174651649
-35,-6,-24,25088,174652902
-31,-7,-23,25600,174654155
-37,-10,-18,25088,174655408
-33,-12,-15,25088,174656661
-37,-10,-26,25088,174657914
-38,-9,-27,25600,174659168
-33,-7,-23,25088,174660422
-40,-5,-12,25088,174661676
-31,-11,-28,25600,174662930
-36,-8,-27,25600,174664184
-37,-8,-20,25088,174665438
-37,-5,-18,25600,174666692
-33,-12,-24,25088,174667946
-36,-13,-23,25088,174669201
-33,-10,-23,25088,174670456
-43,-8,-12,25088,174671711
-32,-12,-37,25088,174672966
-35,-10,-30,25088,174674221
-37,-11,-19,25600,174675476
-39,-9,-17,25600,174676731
-36,-10,-18,25088,174677986
-38,-9,-21,25088,174679230
-41,-8,-24,25088,174680476
-48,-6,-13,25600,174681722
-36,-9,-21,25600,174682968
-37,-9,-16,25600,174684214
-35,-13,-21,25600,174685460
-39,-10,-28,25088,174686718
-36,-8,-22,25088,174687976
-34,-11,-34,25088,174689235
-34,-12,-26,25088,174690494
-36,-13,-19,25088,174691753
-33,-14,-35,25088,174693012
-33,-12,-30,25600,174694271
-34,-9,-17,25600,174695530
-32,-6,-17,25088,174696789
-34,-3,-25,25600,174698048
-34,-7,-30,25600,174699305
-36,-7,-24,25600,174700562
-42,-7,-18,25088,174701819
-32,-10,-28,25088,174703076
-35,-10,-11,25600,174704333
-33,-11,-12,25600,174705590
-36,-9,-22,25088,174706847
-41,-7,-26,25600,174708104
-41,-8,-25,25600,174709360
-33,-9,-28,25088,174710616
-37,-7,-20,25088,174711872
-32,-13,-26,25088,174713130
-33,-12,-19,25088,174714388
-35,-9,-15,25088,174715646
-32,-11,-32,25600,174716904
-35,-10,-32,25600,174718162
-36,-12,-30,25600,174719401
-38,-10,-25,25088,174720658
-44,-11,-27,25088,174721915
-36,-9,-28,25088,174723172
-36,-6,-13,25600,174724429
-33,-8,-23,25088,174725686
-32,-6,-28,25600,174726943
-31,-9,-22,25088,174728200
-34,-10,-15,25600,174729455
-34,-11,-19,25600,174730710
-38,-8,-20,25088,174731965
-33,-13,-24,25088,174733220
-32,-10,-10,25088,174734475
-31,-9,-20,25600,174735730
-37,-10,-24,25600,174736985
-39,-8,-22,25600,174738240
-38,-10,-22,25600,174739487
-33,-14,-28,25088,174740734
-38,-9,-25,25088,174741981
-34,-11,-27,25088,174743228
-31,-12,-18,25600,174744475
-36,-11,-24,25600,174745722
-37,-11,-31,25088,174746979
-33,-6,-29,25088,174748236
-41,-7,-17,25088,174749490
-34,-11,-26,25088,174750744
-35,-10,-29,25088,174751998
-31,-12,-26,25088,174753252
-33,-9,-9,25600,174754506
-36,-14,-13,25088,174755760
-36,-14,-31,25600,174757014
-37,-15,-20,25600,174758268
-38,-9,-23,25600,174759521
-35,-12,-31,25600,174760774
-39,-12,-30,25088,174762027
-36,-11,-19,25088,174763280
-35,-6,-18,25088,174764533
-39,-9,-30,25600,174765786
-34,-9,-30,25088,174767039
-36,-8,-29,25600,174768292
-38,-11,-26,25600,174769545
-36,-10,-25,25600,174770798
-41,-8,-27,25600,174772051
-35,-12,-19,25088,174773304
-36,-8,-19,25088,174774557
-39,-8,-24,25600,174775810
-39,-11,-22,25600,174777063
-33,-10,-26,25600,174778316
-35,-6,-26,25088,174779556
-38,-9,-22,25600,174780797
-34,-9,-20,25088,174782038
-31,-13,-20,25088,174783279
-31,-14,-17,25600,174784520
-27,-12,-24,25088,174785761
-34,-10,-19,25600,174787012
-34,-10,-23,25088,174788263
-45,-7,-11,25600,174789514
-32,-11,-30,25600,174790765
-35,-7,-30,25088,174792016
-37,-6,-16,25088,174793267
-34,-9,-14,25088,174794518
-34,-9,-28,25088,174795769
-36,-7,-25,25088,174797020
-31,-9,-20,25600,174798271
-29,-12,-22,25600,174799521
-27,-10,-22,25088,174800771
-33,-8,-23,25088,174802021
-35,-11,-21,25600,174803271
-35,-8,-19,25600,174804521
-36,-11,-21,25600,174805771
-36,-12,-26,25600,174807021
-37,-11,-23,25088,174808271
-38,-13,-16,25600,174809520
-36,-11,-18,25088,174810769
-39,-6,-21,25088,174812018
-36,-10,-18,25088,174813269
-34,-12,-20,25600,174814520
-36,-11,-32,25600,174815771
-31,-12,-18,25088,174817022
-37,-10,-17,25088,174818273
-34,-12,-30,25088,174819503
-37,-10,-22,25088,174820752
-37,-6,-19,25088,174822001
-35,-13,-11,25088,174823250
-34,-14,-20,25600,174824499
-36,-13,-22,25088,174825748
-38,-8,-23,25088,174826997
-38,-9,-25,25600,174828246
-38,-8,-18,25088,174829468
-35,-9,-17,25600,174830690
-38,-6,-21,25600,174831912
-36,-12,-25,25088,174833134
-33,-11,-30,25600,174834356
-32,-9,-24,25600,174835578
-30,-9,-27,25600,174836800
-29,-9,-26,25600,174838022
-34,-13,-20,25600,174839244
-38,-11,-24,25600,174840484
-36,-12,-20,25600,174841724
-39,-13,-19,25600,174842964
-32,-12,-18,25088,174844204
-37,-9,-20,25600,174845444
-39,-12,-23,25088,174846669
-37,-11,-21,25600,174847894
-43,-11,-12,25600,174849119
-39,-10,-28,25088,174850339
-40,-8,-17,25088,174851559
-34,-10,-24,25088,174852779
-32,-3,-32,25088,174853998
-37,-9,-31,25088,174855217
-32,-10,-21,25088,174856436
-32,-8,-29,25088,174857655
-35,-6,-25,25088,174858874
-33,-7,-18,25088,174860096
-31,-6,-19,25088,174861318
-35,-8,-25,25600,174862540
-38,-6,-23,25088,174863762
-39,-9,-18,25600,174864984
-37,-10,-26,25600,174866206
-39,-12,-21,25600,174867428
-37,-10,-24,25088,174868650
-33,-13,-23,25088,174869875
-31,-11,-21,25088,174871100
-36,-7,-28,25600,174872325
-32,-9,-27,25088,174873550
-34,-8,-26,25088,174874775
-36,-10,-29,25088,174876000
-34,-7,-21,25600,174877225
-31,-9,-21,25088,174878450
-30,-10,-21,25600,174879691
-31,-10,-18,25600,174880932
-41,-6,-20,25600,174882173
-32,-8,-27,25088,174883414
-38,-11,-27,25088,174884655
-36,-12,-26,25088,174885880
-35,-8,-20,25088,174887105
-37,-6,-26,25600,174888330
-31,-9,-28,25088,174889559
-28,-11,-18,25088,174890788
-31,-11,-26,25088,174892017
-31,-8,-26,25088,174893246
-36,-9,-23,25600,174894475
-38,-8,-22,25088,174895704
-38,-7,-19,25088,174896933
-37,-8,-17,25088,174898162
-38,-5,-18,25088,174899393
-32,-6,-21,25088,174900624
-40,-5,-21,25088,174901855
-36,-6,-22,25600,174903086
-37,-9,-22,25088,174904317
-36,-8,-24,25600,174905548
-34,-10,-17,25600,174906779
-36,-11,-18,25088,174908010
-36,-8,-35,25088,174909242
-32,-8,-28,25088,174910474
-42,-11,-16,25600,174911706
-29,-13,-25,25088,174912942
-31,-9,-20,25088,174914178
-34,-8,-26,25600,174915414
-37,-6,-19,25600,174916650
-36,-8,-17,25600,174917886
-35,-8,-22,25088,174919125
-31,-7,-24,25088,174920364
-41,-5,-18,25600,174921603
-33,-5,-25,25600,174922842
-35,-7,-29,25088,174924081
-35,-10,-29,25088,174925320
-31,-8,-22,25088,174926559
-30,-9,-21,25088,174927798
-34,-10,-22,25088,174929041
-31,-9,-27,25600,174930284
-40,-9,-22,25088,174931527
-35,-13,-25,25088,174932770
-33,-11,-22,25088,174934013
-33,-10,-24,25600,174935256
-30,-9,-22,25600,174936499
-31,-7,-19,25088,174937742
-30,-8,-22,25088,174938980
-25,-13,-26,25600,174940218
-44,-7,-12,25600,174941456
-35,-5,-23,25088,174942694
-37,-8,-28,25600,174943932
-35,-7,-20,25600,174945170
-36,-4,-16,25600,174946418
-39,-6,-18,25088,174947666
-39,-14,-20,25088,174948913
-36,-9,-27,25088,174950160
-38,-6,-23,25600,174951407
-37,-6,-23,25088,174952659
-31,-5,-28,25600,174953911
-37,-10,-21,25088,174955163
-29,-12,-19,25600,174956415
-29,-8,-25,25600,174957667
-31,-7,-27,25600,174958922
-30,-5,-27,25600,174960177
-37,-3,-18,25600,174961432
-30,-5,-29,25600,174962687
-36,-8,-24,25088,174963942
-38,-9,-18,25088,174965197
-38,-10,-17,25600,174966452
-35,-8,-23,25088,174967707
-37,-8,-30,25088,174968963
-36,-11,-29,25088,174970219
-42,-9,-13,25600,174971475
-34,-10,-38,25600,174972731
-34,-9,-29,25600,174973987
-33,-8,-21,25600,174975243
-31,-8,-24,25600,174976499
-33,-9,-25,25600,174977755
-29,-9,-26,25088,174979001
-30,-8,-26,25600,174980251
-39,-6,-17,25088,174981501
-34,-11,-25,25088,174982751
-38,-10,-13,25088,174984001
-38,-8,-16,25088,174985251
-38,-10,-18,25600,174986515
-38,-7,-18,25088,174987779
-38,-9,-25,25600,174989043
-35,-10,-19,25088,174990307
-36,-10,-12,25088,174991571
-37,-10,-30,25088,174992835
-36,-9,-28,25600,174994099
-40,-6,-20,25600,174995363
-37,-4,-21,25600,174996627
-31,-8,-21,25088,174997891
-31,-9,-21,25088,174999153
-34,-7,-23,25088,175000415
-37,-9,-18,25088,175001677
-32,-5,-32,25600,175002939
-36,-8,-19,25088,175004201
-40,-9,-23,25600,175005463
-36,-13,-28,25088,175006725
-41,-8,-24,25088,175007987
-37,-8,-23,25088,175009249
-36,-9,-29,25088,175010511
-40,-8,-25,25600,175011773
-35,-10,-35,25088,175013036
-36,-8,-21,25088,175014299
-40,-6,-12,25088,175015562
-35,-9,-34,25088,175016825
-31,-10,-31,25600,175018088
-33,-11,-13,25600,175019335
-29,-11,-23,25088,175020598
-41,-7,-18,25088,175021861
-36,-10,-24,25088,175023124
-39,-7,-10,25600,175024387
-39,-10,-11,25600,175025650
-38,-7,-15,25600,175026913
-39,-11,-19,25600,175028176
-36,-11,-22,25088,175029436
-37,-7,-23,25088,175030696
-42,-10,-19,25088,175031956
-36,-10,-26,25088,175033216
-35,-9,-19,25600,175034476
-32,-10,-26,25088,175035736
-33,-6,-24,25600,175036996
-30,-6,-21,25600,175038256
-32,-11,-23,25600,175039507
-36,-8,-23,25088,175040758
-39,-7,-20,25088,175042009
-32,-8,-27,25088,175043260
-34,-9,-19,25088,175044511
-36,-9,-22,25600,175045762
-36,-9,-26,25600,175047023
-30,-11,-31,25600,175048284
-38,-11,-18,25600,175049541
-34,-12,-29,25600,175050798
-37,-15,-33,25088,175052055
-36,-8,-27,25088,175053312
-35,-9,-18,25088,175054569
-38,-11,-20,25088,175055826
-34,-10,-29,25088,175057083
-38,-12,-15,25600,175058340
-37,-10,-19,25088,175059595
-35,-8,-24,25088,175060850
-37,-8,-28,25088,175062105
-36,-6,-21,25088,175063360
-39,-8,-19,25088,175064615
-38,-10,-26,25600,175065870
-40,-10,-31,25088,175067125
-39,-11,-27,25088,175068380
-35,-9,-26,25088,175069634
-36,-7,-24,25088,175070888
-37,-7,-24,25088,175072142
-32,-11,-20,25600,175073396
-36,-10,-19,25088,175074650
-37,-9,-19,25600,175075904
-36,-7,-23,25600,175077158
-36,-7,-25,25088,175078412
-35,-5,-26,25088,175079654
-33,-6,-15,25600,175080896
-36,-6,-17,25088,175082138
-34,-13,-20,25088,175083380
-33,-10,-22,25600,175084622
-30,-9,-27,25088,175085864
-32,-8,-26,25088,175087115
-34,-5,-31,25600,175088366
-42,-8,-19,25088,175089616
-37,-10,-30,25600,175090866
-36,-6,-31,25088,175092116
-35,-4,-25,25088,175093366
-33,-7,-22,25088,175094616
-34,-9,-25,25600,175095866
-35,-6,-22,25600,175097116
-32,-9,-23,25600,175098366
-33,-5,-28,25088,175099615
-33,-6,-29,25088,175100864
-34,-6,-32,25088,175102113
-35,-8,-19,25088,175103362
-36,-8,-26,25088,175104611
-39,-6,-24,25600,175105860
-37,-8,-22,25088,175107109
-35,-10,-22,25088,175108358
-36,-7,-20,25600,175109606
-35,-8,-24,25088,175110854
-39,-4,-24,25088,175112102
-34,-10,-19,25088,175113351
-34,-10,-24,25088,175114600
-37,-5,-28,25088,175115849
-37,-10,-17,25088,175117098
-38,-10,-20,25088,175118347
-34,-7,-29,25600,175119575
-32,-6,-28,25088,175120821
-33,-2,-26,25088,175122067
-31,-6,-23,25088,175123313
-32,-9,-24,25600,175124559
-37,-7,-26,25088,175125805
-33,-5,-27,25600,175127051
-37,-8,-23,25600,175128297
-33,-8,-15,25088,175129544
-37,-2,-12,25088,175130791
-39,-5,-15,25088,175132038
-37,-12,-12,25600,175133285
-37,-7,-21,25088,175134532
-37,-9,-21,25600,175135779
-35,-7,-27,25088,175137026
-32,-9,-27,25088,175138273
-29,-12,-21,25088,175139511
-34,-11,-19,25088,175140749
-36,-5,-18,25600,175141987
-37,-8,-22,25088,175143225
-34,-7,-26,25600,175144463
-34,-9,-22,25088,175145701
-35,-10,-21,25088,175146925
-36,-7,-24,25088,175148149
-38,-6,-18,25088,175149373
-35,-5,-22,25600,175150591
-37,-8,-12,25600,175151809
-36,-11,-16,25088,175153027
-36,-7,-26,25600,175154245
-35,-4,-25,25088,175155463
-31,-7,-22,25600,175156681
-34,-7,-26,25600,175157899
-33,-5,-22,25088,175159117
-37,-2,-19,25088,175160338
-35,-3,-23,25600,175161559
-36,-6,-21,25088,175162780
-34,-7,-18,25088,175164001
-37,-7,-13,25088,175165222
-33,-10,-23,25088,175166443
-37,-6,-19,25088,175167664
-38,-2,-21,25600,175168885
-38,-5,-22,25088,175170109
-37,-9,-22,25600,175171333
-37,-12,-23,25088,175172557
-33,-11,-27,25088,175173781
-33,-10,-33,25088,175175005
-34,-10,-29,25600,175176229
-32,-8,-23,25088,175177453
-30,-9,-25,25088,175178677
-32,-8,-24,25088,175179917
-27,-6,-23,25600,175181157
-40,-5,-19,25088,175182397
-34,-7,-26,25088,175183637
-34,-7,-17,25088,175184877
-37,-10,-24,25600,175186102
-39,-11,-18,25088,175187327
-39,-10,-21,25600,175188552
-38,-10,-18,25600,175189776
-36,-12,-13,25600,175191000
-34,-11,-27,25088,175192224
-35,-12,-25,25600,175193448
-34,-8,-19,25600,175194672
-34,-10,-25,25600,175195896
-31,-8,-25,25088,175197120
-31,-9,-26,25088,175198344
-33,-7,-29,25088,175199570
-29,-8,-22,25088,175200796
-39,-6,-20,25088,175202022
-36,-8,-23,25600,175203248
-38,-9,-24,25600,175204474
-37,-7,-30,25088,175205700
-38,-8,-25,25600,175206926
-40,-8,-25,25600,175208152
-34,-8,-27,25088,175209379
-30,-9,-23,25088,175210606
-32,-6,-19,25600,175211833
-29,-9,-31,25600,175213065
-33,-8,-28,25088,175214297
-36,-7,-18,25088,175215529
-37,-6,-19,25600,175216761
-38,-6,-24,25600,175217993
-34,-8,-23,25600,175219228
-31,-7,-20,25088,175220463
-36,-2,-17,25088,175221698
-32,-7,-18,25088,175222933
-33,-7,-28,25600,175224168
-32,-11,-29,25088,175225403
-30,-7,-25,25088,175226638
-34,-8,-22,25088,175227873
-38,-11,-21,25088,175229111
-29,-12,-29,25088,175230349
-45,-6,-18,25088,175231587
-35,-8,-31,25088,175232825
-40,-9,-29,25088,175234063
-38,-7,-21,25600,175235301
-34,-10,-22,25600,175236539
-37,-11,-22,25600,175237777
-39,-6,-18,25088,175239034
-40,-8,-21,25088,175240291
-50,-7,-12,25088,175241548
-39,-10,-27,25088,175242805
-36,-11,-28,25088,175244062
-33,-10,-16,25600,175245306
-37,-10,-16,25600,175246550
-39,-5,-17,25600,175247794
-30,-10,-14,25088,175249037
-27,-9,-25,25088,175250280
-41,-5,-22,25600,175251523
-40,-10,-24,25088,175252771
-38,-9,-27,25600,175254019
-42,-6,-24,25600,175255267
-38,-7,-22,25600,175256515
-37,-8,-30,25088,175257763
-42,-8,-26,25088,175259015
-37,-10,-27,25600,175260267
-43,-7,-15,25600,175261519
-34,-9,-30,25088,175262771
-32,-9,-27,25600,175264023
-32,-9,-24,25600,175265275
-35,-7,-22,25088,175266527
-34,-10,-22,25600,175267779
-33,-8,-25,25088,175269033
-32,-10,-26,25600,175270287
-42,-9,-8,25600,175271541
-35,-11,-28,25600,175272795
-37,-9,-22,25088,175274049
-38,-7,-20,25088,175275303
-38,-3,-23,25088,175276557
-39,-8,-25,25600,175277811
-38,-7,-21,25088,175279055
-32,-7,-30,25088,175280304
-42,-6,-20,25600,175281553
-31,-11,-33,25600,175282802
-32,-4,-26,25088,175284051
-31,-5,-25,25600,175285300
-31,-6,-26,25088,175286563
-35,-6,-22,25600,175287826
-34,-5,-28,25600,175289086
-32,-6,-25,25088,175290346
-34,-5,-18,25600,175291606
-33,-6,-30,25600,175292866
-35,-8,-26,25088,175294126
-33,-8,-21,25088,175295386
-33,-9,-23,25088,175296646
-36,-8,-24,25088,175297906
-37,-13,-25,25088,175299165
-34,-10,-27,25088,175300424
-41,-8,-17,25600,175301683
-36,-9,-30,25600,175302942
-35,-8,-12,25600,175304201
-31,-7,-15,25088,175305460
-32,-7,-25,25088,175306719
-34,-6,-30,25600,175307978
-38,-8,-21,25600,175309237
-36,-7,-29,25088,175310496
-46,-7,-17,25088,175311755
-37,-10,-33,25088,175313015
-32,-9,-14,25088,175314275
-35,-10,-13,25088,175315535
-35,-10,-29,25088,175316795
-36,-6,-30,25088,175318055
-33,-10,-21,25088,175319315
-35,-10,-24,25600,175320575
-39,-7,-17,25088,175321835
-33,-5,-31,25600,175323095
-33,-8,-16,25088,175324355
-33,-7,-19,25600,175325615
-30,-4,-25,25600,175326875
-38,-8,-26,25600,175328135
-37,-9,-23,25600,175329394
-38,-6,-22,25088,175330653
-40,-6,-24,25088,175331912
-37,-8,-23,25088,175333171
-37,-10,-18,25088,175334430
-37,-9,-19,25600,175335689
-39,-8,-24,25088,175336948
-38,-8,-24,25600,175338207
-33,-9,-26,25088,175339457
-35,-10,-21,25600,175340707
-39,-5,-21,25088,175341957
-37,-6,-25,25088,175343207
-35,-9,-22,25088,175344457
-39,-12,-27,25600,175345707
-35,-10,-30,25088,175346967
-32,-6,-24,25088,175348227
-43,-3,-18,25088,175349491
-37,-6,-30,25600,175350755
-35,-12,-30,25088,175352019
-33,-13,-26,25088,175353276
-35,-14,-19,25088,175354533
-36,-9,-25,25088,175355790
-35,-10,-22,25600,175357047
-34,-8,-22,25600,175358304
-37,-10,-21,25600,175359560
-37,-6,-24,25600,175360816
-39,-7,-27,25600,175362072
-35,-10,-25,25600,175363328
-32,-5,-8,25600,175364584
-32,-7,-17,25088,175365840
-34,-9,-23,25088,175367096
-35,-8,-28,25600,175368352
-34,-3,-29,25600,175369607
-32,-5,-29,25088,175370862
-37,-6,-29,25600,175372117
-32,-6,-24,25088,175373372
-32,-10,-21,25600,175374627
-36,-11,-24,25088,175375882
-36,-9,-23,25600,175377137
-35,-8,-22,25088,175378392
-35,-9,-22,25088,175379634
-36,-9,-28,25088,175380878
-36,-8,-28,25088,175382122
-38,-18,-22,25600,175383366
-39,-14,-22,25600,175384610
-36,-10,-23,25600,175385854
-39,-11,-24,25600,175387106
-32,-6,-25,25600,175388358
-38,-8,-6,25088,175389609
-32,-7,-28,25088,175390860
-30,-9,-27,25088,175392111
-29,-10,-20,25088,175393362
-33,-12,-18,25600,175394613
-33,-14,-26,25088,175395864
-32,-10,-22,25088,175397115
-34,-14,-20,25088,175398366
-37,-12,-22,25088,175399616
-37,-10,-21,25600,175400866
-38,-4,-19,25600,175402116
-37,-5,-17,25600,175403366
-38,-5,-18,25600,175404616
-36,-3,-27,25088,175405866
-37,-8,-28,25088,175407116
-30,-11,-30,25088,175408366
-32,-10,-27,25600,175409596
-35,-12,-25,25088,175410826
-34,-8,-25,25088,175412056
-31,-9,-15,25600,175413286
-38,-8,-12,25088,175414536
-34,-7,-16,25600,175415786
-29,-12,-21,25088,175417036
-36,-10,-25,25600,175418286
-39,-7,-18,25600,175419516
-34,-9,-22,25600,175420763
-39,-9,-25,25600,175422010
-38,-12,-11,25088,175423257
-33,-11,-22,25088,175424504
-34,-9,-27,25088,175425751
-32,-8,-26,25088,175426998
-32,-8,-24,25088,175428245
-32,-10,-25,25088,175429492
-34,-11,-28,25088,175430739
-36,-7,-26,25088,175431986
-34,-11,-15,25600,175433233
-32,-8,-25,25088,175434480
-37,-5,-23,25600,175435727
-37,-7,-20,25088,175436974
-36,-5,-20,25600,175438221
-35,-6,-19,25088,175439460
-34,-5,-20,25088,175440699
-36,-6,-22,25088,175441938
-39,-9,-25,25600,175443177
-33,-12,-22,25088,175444416
-32,-9,-24,25600,175445655
-30,-6,-24,25088,175446878
-32,-10,-23,25600,175448101
-35,-8,-18,25088,175449324
-32,-11,-23,25088,175450548
-36,-9,-13,25088,175451772
-36,-12,-18,25088,175452996
-34,-10,-25,25088,175454213
-34,-6,-20,25600,175455430
-37,-9,-27,25600,175456647
-35,-10,-26,25600,175457864
-36,-9,-21,25600,175459081
-42,-9,-23,25088,175460302
-43,-5,-25,25600,175461523
-33,-12,-27,25600,175462744
-36,-8,-26,25600,175463965
-37,-7,-28,25600,175465186
-33,-8,-29,25088,175466407
-36,-6,-28,25600,175467628
-35,-7,-23,25088,175468849
-34,-7,-21,25088,175470074
-37,-3,-12,25600,175471299
-35,-6,-17,25088,175472524
-33,-7,-19,25088,175473749
-38,-10,-22,25600,175474974
-37,-9,-22,25088,175476199
-39,-10,-21,25088,175477424
-37,-7,-21,25600,175478649
-37,-8,-21,25088,175479890
-34,-8,-19,25088,175481131
-42,-9,-22,25600,175482372
-30,-9,-28,25600,175483613
-34,-8,-29,25088,175484854
-34,-8,-25,25088,175486080
-31,-9,-26,25088,175487306
-36,-10,-28,25088,175488532
-36,-13,-22,25600,175489757
-37,-13,-14,25600,175490982
-38,-10,-24,25088,175492207
-35,-13,-23,25088,175493432
-37,-8,-27,25600,175494657
-39,-5,-25,25600,175495882
-36,-10,-28,25088,175497107
-37,-11,-21,25088,175498332
-33,-8,-18,25088,175499559
-37,-8,-19,25088,175500786
-42,-7,-19,25600,175502013
-33,-10,-19,25600,175503240
-31,-9,-27,25088,175504467
-38,-7,-25,25600,175505694
-38,-8,-16,25088,175506921
-34,-7,-22,25600,175508148
-33,-7,-23,25088,175509383
-30,-4,-24,25088,175510618
-36,-3,-18,25088,175511853
-32,-8,-23,25088,175513084
-35,-11,-31,25088,175514315
-42,-8,-22,25088,175515546
-38,-10,-28,25600,175516777
-36,-11,-26,25088,175518008
-33,-10,-20,25088,175519243
-35,-11,-14,25088,175520478
-40,-11,-20,25600,175521713
-37,-11,-24,25600,175522948
-41,-9,-23,25088,175524183
-38,-11,-23,25600,175525418
-37,-10,-21,25088,175526653
-32,-8,-17,25088,175527888
-31,-6,-21,25088,175529127
-28,-11,-29,25088,175530366
-41,-7,-11,25600,175531605
-30,-6,-33,25088,175532844
-30,-10,-30,25088,175534083
-35,-7,-23,25088,175535322
-35,-8,-20,25088,175536561
-34,-8,-27,25600,175537800
-32,-8,-26,25600,175539057
-28,-12,-20,25088,175540314
-43,-5,-10,25088,175541571
-36,-10,-26,25088,175542828
-33,-9,-28,25088,175544085
-33,-9,-21,25088,175545329
-35,-11,-16,25600,175546573
-36,-12,-19,25600,175547817
-35,-11,-15,25600,175549060
-29,-7,-26,25600,175550303
-38,-6,-20,25088,175551546
-32,-7,-25,25088,175552794
-32,-9,-25,25088,175554042
-34,-8,-23,25088,175555290
-37,-6,-19,25600,175556538
-37,-9,-22,25600,175557786
-42,-10,-26,25600,175559038
-34,-9,-22,25088,175560290
-44,-8,-10,25088,175561542
-38,-9,-21,25600,175562794
-39,-7,-32,25600,175564046
-42,-9,-24,25600,175565298
-41,-9,-11,25088,175566550
-35,-8,-24,25088,175567802
-31,-11,-29,25088,175569056
-30,-12,-25,25600,175570310
-42,-12,-12,25088,175571564
-35,-12,-32,25088,175572818
-33,-12,-24,25088,175574072
-32,-11,-17,25600,175575326
-37,-13,-22,25600,175576580
-39,-8,-20,25088,175577834
-35,-9,-21,25088,175579080
-36,-12,-22,25600,175580326
-47,-10,-16,25088,175581572
-36,-12,-33,25088,175582818
-40,-11,-27,25088,175584064
-33,-11,-19,25088,175585310
-30,-12,-28,25600,175586568
-30,-7,-24,25600,175587826
-34,-8,-24,25600,175589085
-29,-12,-26,25088,175590344
-37,-13,-26,25088,175591603
-34,-11,-28,25088,175592862
-37,-6,-25,25088,175594121
-35,-8,-20,25600,175595380
-36,-7,-18,25088,175596639
-38,-8,-18,25088,175597898
-38,-12,-20,25600,175599156
-38,-12,-22,25600,175600414
-44,-8,-15,25088,175601672
-35,-6,-33,25088,175602930
-37,-6,-20,25600,175604188
-36,-11,-16,25600,175605446
-33,-14,-26,25088,175606704
-32,-11,-38,25088,175607962
-32,-10,-26,25088,175609225
-33,-7,-27,25088,175610488
-41,-9,-18,25088,175611751
-29,-8,-30,25088,175613010
-37,-7,-13,25600,175614269
-38,-5,-14,25600,175615528
-37,-7,-25,25600,175616787
-35,-8,-15,25600,175618046
-36,-9,-13,25600,175619294
-37,-7,-24,25088,175620554
-40,-10,-14,25088,175621814
-35,-16,-20,25088,175623074
-36,-10,-18,25088,175624334
-36,-9,-17,25600,175625594
-31,-12,-24,25600,175626854
-32,-10,-31,25600,175628114
-36,-9,-22,25088,175629372
-34,-8,-24,25088,175630630
-38,-3,-25,25088,175631888
-36,-7,-28,25088,175633146
-38,-6,-14,25088,175634404
-39,-7,-22,25600,175635662
-38,-6,-24,25088,175636920
-42,-7,-18,25088,175638178
-35,-9,-17,25088,175639427
-35,-7,-18,25600,175640676
-35,-8,-19,25600,175641925
-27,-11,-28,25600,175643174
-29,-11,-12,25600,175644423
-32,-10,-21,25600,175645672
-30,-10,-23,25600,175646932
-30,-10,-17,25600,175648192
-39,-10,-11,25088,175649448
-34,-10,-23,25088,175650704
-32,-15,-25,25088,175651960
-36,-10,-28,25600,175653218
-39,-7,-20,25600,175654476
-40,-6,-14,25088,175655734
-35,-12,-31,25088,175656992
-33,-9,-23,25600,175658250
-35,-9,-17,25088,175659505
-33,-10,-22,25600,175660760
-33,-10,-22,25600,175662015
-31,-10,-28,25600,175663270
-27,-9,-19,25088,175664525
-32,-9,-24,25088,175665780
-33,-12,-28,25600,175667035
-30,-8,-24,25600,175668290
-30,-13,-22,25600,175669545
-34,-14,-25,25088,175670800
-36,-9,-24,25088,175672055
-31,-10,-10,25088,175673310
-32,-13,-13,25088,175674565
-33,-14,-22,25088,175675820
-33,-11,-22,25600,175677075
-33,-14,-16,25088,175678330
-34,-10,-25,25600,175679572
-38,-9,-25,25600,175680815
-38,-7,-27,25088,175682058
-37,-11,-20,25088,175683301
-33,-10,-31,25088,175684544
-34,-12,-25,25088,175685787
-33,-11,-25,25600,175687040
-30,-11,-28,25088,175688293
-39,-10,-15,25600,175689545
-30,-10,-31,25600,175690797
-34,-8,-28,25088,175692049
-29,-9,-24,25088,175693301
-32,-8,-19,25600,175694553
-30,-7,-24,25600,175695805
-32,-11,-21,25600,175697057
-31,-8,-18,25600,175698309
-31,-8,-21,25088,175699560
-34,-9,-17,25088,175700811
-38,-5,-16,25088,175702062
-34,-9,-18,25088,175703313
-35,-12,-23,25088,175704564
-34,-7,-21,25088,175705815
-35,-5,-23,25088,175707066
-37,-11,-25,25088,175708317
-36,-14,-21,25088,175709568
-31,-11,-18,25088,175710819
-37,-6,-22,25600,175712070
-34,-10,-21,25088,175713321
-33,-10,-26,25088,175714572
-35,-12,-26,25088,175715823
-36,-9,-26,25088,175717074
-35,-8,-28,25088,175718325
-37,-7,-28,25088,175719555
-35,-11,-22,25088,175720803
-39,-6,-15,25088,175722051
-33,-12,-18,25600,175723299
-34,-5,-30,25088,175724547
-32,-7,-23,25088,175725795
-39,-7,-20,25088,175727043
-36,-10,-21,25600,175728291
-30,-12,-23,25088,175729539
-37,-7,-15,25600,175730787
-36,-6,-20,25088,175732035
-32,-12,-15,25600,175733283
-32,-7,-19,25600,175734531
-33,-7,-25,25088,175735779
-39,-7,-28,25088,175737027
-39,-6,-22,25088,175738275
-41,-5,-21,25088,175739519
-38,-6,-20,25088,175740763
-40,0,-22,25600,175742007
-39,-6,-16,25088,175743251
-37,-7,-19,25088,175744495
-36,-11,-24,25088,175745739
-34,-9,-27,25088,175746963
-34,-6,-23,25088,175748187
-37,-8,-29,25600,175749411
-36,-11,-21,25600,175750658
-38,-6,-14,25600,175751905
-34,-6,-22,25600,175753123
-29,-4,-30,25088,175754341
-32,-7,-25,25600,175755559
-35,-6,-15,25088,175756777
-35,-9,-23,25088,175757995
-38,-13,-20,25088,175759213
-38,-12,-19,25088,175760434
-33,-11,-18,25088,175761655
-37,-13,-23,25088,175762876
-35,-6,-26,25600,175764097
-36,-10,-29,25600,175765318
-38,-6,-24,25088,175766539
-32,-8,-27,25600,175767760
-33,-10,-22,25088,175768981
-31,-11,-25,25088,175770205
-30,-8,-25,25600,175771429
-32,-9,-30,25088,175772653
-32,-7,-30,25088,175773877
-32,-7,-28,25600,175775101
-35,-8,-23,25088,175776325
-36,-11,-19,25088,175777549
-38,-7,-21,25088,175778773
-32,-7,-19,25088,175780014
-30,-7,-21,25600,175781255
-39,-9,-21,25600,175782496
-34,-8,-28,25600,175783737
-36,-7,-28,25600,175784978
-31,-9,-26,25600,175786202
-32,-8,-21,25600,175787426
-36,-6,-22,25088,175788650
-33,-5,-20,25088,175789874
-30,-9,-14,25088,175791098
-34,-9,-27,25088,175792322
-37,-7,-25,25088,175793546
-33,-10,-22,25088,175794770
-35,-8,-21,25088,175795994
-34,-8,-21,25600,175797218
-36,-9,-21,25600,175798442
-32,-10,-21,25088,175799667
-31,-11,-21,25088,175800892
-39,-5,-23,25088,175802117
-31,-9,-28,25088,175803342
-34,-12,-25,25088,175804567
-37,-11,-26,25088,175805792
-35,-9,-21,25600,175807017
-33,-11,-25,25088,175808242
-37,-6,-26,25600,175809469
-35,-10,-25,25600,175810696
-41,-8,-20,25088,175811923
-30,-9,-24,25088,175813152
-30,-9,-23,25088,175814381
-31,-10,-27,25088,175815610
-33,-7,-21,25088,175816839
-33,-7,-19,25088,175818068
-33,-9,-29,25088,175819301
-27,-10,-26,25600,175820534
-36,-9,-19,25088,175821767
-30,-12,-20,25088,175823000
-31,-13,-29,25088,175824233
-29,-11,-28,25088,175825466
-33,-10,-21,25088,175826699
-29,-12,-24,25600,175827932
-33,-10,-27,25088,175829169
-30,-10,-22,25600,175830406
-44,-8,-16,25600,175831643
-35,-10,-30,25088,175832880
-30,-9,-27,25088,175834117
-34,-9,-25,25088,175835354
-33,-8,-25,25088,175836591
-35,-10,-22,25088,175837828
-37,-8,-23,25600,175839083
-33,-8,-24,25600,175840338
-41,-11,-17,25088,175841593
-35,-14,-30,25600,175842848
-36,-10,-24,25600,175844103
-35,-7,-22,25600,175845344
-36,-6,-19,25600,175846585
-37,-5,-18,25088,175847826
-36,-8,-19,25088,175849067
-39,-6,-27,25600,175850308
-40,-7,-22,25088,175851549
-32,-9,-23,25088,175852795
-31,-8,-26,25600,175854041
-35,-7,-28,25088,175855287
-33,-7,-22,25088,175856533
-31,-10,-24,25600,175857779
-34,-7,-27,25088,175859029
-29,-6,-27,25600,175860279
-41,-5,-10,25600,175861529
-35,-10,-24,25600,175862779
-36,-6,-31,25600,175864029
-37,-9,-21,25088,175865279
-37,-9,-17,25088,175866529
-33,-5,-23,25600,175867779
-34,-9,-24,25088,175869031
-29,-8,-26,25600,175870283
-35,-8,-14,25088,175871535
-34,-17,-33,25600,175872787
-34,-10,-28,25088,175874039
-33,-11,-19,25088,175875291
-34,-10,-20,25600,175876543
-30,-6,-27,25600,175877795
-33,-8,-24,25088,175879040
-30,-10,-23,25088,175880285
-39,-7,-11,25600,175881530
-34,-9,-38,25088,175882775
-35,-4,-20,25088,175884020
-34,-7,-18,25600,175885265
-35,-11,-21,25088,175886522
-35,-8,-25,25088,175887779
-34,-6,-27,25088,175889038
-32,-5,-28,25088,175890297
-38,-10,-26,25088,175891556
-35,-9,-33,25088,175892815
-32,-7,-29,25088,175894074
-30,-5,-21,25600,175895333
-31,-7,-22,25088,175896592
-37,-4,-25,25088,175897851
-36,-7,-24,25600,175899108
-36,-8,-24,25088,175900365
-41,-7,-12,25088,175901622
-32,-7,-27,25088,175902879
-36,-6,-19,25600,175904136
-34,-11,-21,25600,175905393
-36,-10,-28,25088,175906650
-34,-4,-23,25088,175907907
-31,-5,-28,25088,175909165
-31,-5,-29,25600,175910423
-39,-7,-21,25600,175911681
-29,-10,-30,25088,175912940
-28,-7,-24,25600,175914199
-37,-7,-17,25088,175915458
-34,-9,-25,25088,175916717
-33,-11,-30,25088,175917976
-34,-6,-23,25088,175919235
-33,-5,-16,25088,175920494
-39,-10,-15,25088,175921753
-32,-12,-35,25088,175923012
-38,-6,-21,25600,175924271
-37,-2,-20,25088,175925530
-37,-8,-27,25088,175926789
-37,-7,-27,25088,175928048
-30,-9,-30,25088,175929306
-34,-10,-31,25088,175930564
-36,-8,-18,25600,175931822
-34,-9,-30,25088,175933080
-35,-11,-22,25600,175934338
-36,-10,-19,25088,175935596
-32,-11,-26,25600,175936854
-32,-12,-24,25600,175938112
-35,-12,-24,25600,175939362
-39,-11,-21,25088,175940612
-40,-6,-20,25088,175941862
-35,-10,-30,25600,175943112
-38,-5,-19,25088,175944362
-36,-3,-23,25088,175945612
-32,-7,-31,25088,175946866
-33,-9,-32,25088,175948120
-35,-5,-20,25088,175949374
-29,-5,-32,25088,175950628
-32,-4,-30,25600,175951886
-33,-7,-24,25088,175953145
-37,-7,-17,25088,175954404
-38,-10,-23,25088,175955663
-35,-7,-24,25088,175956922
-34,-9,-22,25600,175958181
-33,-9,-16,25088,175959438
-33,-8,-24,25088,175960695
-36,-4,-26,25088,175961952
-37,-5,-28,25088,175963209
-39,-9,-16,25088,175964466
-33,-7,-15,25088,175965723
-33,-9,-21,25088,175966980
-33,-10,-22,25600,175968237
-31,-9,-18,25088,175969494
-33,-9,-21,25088,175970751
-38,-4,-29,25088,175972008
-36,-7,-20,25600,175973265
-36,-8,-21,25088,175974522
-36,-8,-27,25088,175975779
-34,-10,-29,25088,175977036
-34,-9,-30,25600,175978293
-34,-7,-19,25088,175979541
-33,-10,-21,25088,175980786
-37,-6,-20,25600,175982031
-33,-10,-18,25600,175983276
-34,-13,-23,25600,175984521
-30,-11,-23,25088,175985766
-34,-8,-23,25088,175987021
-31,-9,-25,25600,175988276
-44,-3,-11,25600,175989530
-37,-7,-23,25600,175990784
-37,-5,-26,25600,175992038
-34,-5,-19,25088,175993292
-33,-4,-17,25088,175994546
-36,-4,-24,25600,175995800
-33,-7,-21,25088,175997054
-34,-9,-20,25600,175998308
-35,-8,-27,25088,175999560
-37,-7,-30,25088,176000812
-40,-3,-30,25088,176002064
-34,-8,-23,25088,176003316
-31,-11,-25,25088,176004568
-30,-8,-25,25088,176005820
-34,-5,-27,25600,176007072
-38,-8,-22,25600,176008324
-36,-7,-26,25088,176009555
-37,-8,-25,25088,176010786
-40,-5,-25,25600,176012017
-37,-5,-16,25088,176013248
-36,-7,-21,25088,176014500
-35,-3,-19,25088,176015752
-35,-6,-19,25600,176017004
-34,-6,-23,25600,176018256
-35,-9,-26,25600,176019491
-33,-11,-21,25088,176020740
-37,-8,-28,25088,176021989
-35,-7,-19,25088,176023238
-33,-10,-20,25088,176024487
-31,-14,-24,25088,176025736
-36,-12,-30,25600,176026985
-34,-10,-24,25600,176028234
-37,-6,-22,25088,176029483
-35,-7,-28,25600,176030732
-37,-5,-30,25088,176031981
-34,-6,-22,25600,176033230
-27,-6,-26,25088,176034479
-30,-8,-27,25088,176035728
-36,-10,-28,25088,176036977
-32,-10,-26,25088,176038226
-34,-7,-22,25600,176039465
-34,-5,-20,25088,176040704
-36,-6,-19,25088,176041943
-36,-8,-18,25088,176043182
-38,-10,-25,25600,176044421
-36,-8,-25,25088,176045660
-36,-8,-19,25088,176046885
-36,-9,-25,25088,176048110
-43,-7,-21,25088,176049335
-37,-12,-35,25600,176050581
-40,-11,-28,25088,176051827
-38,-15,-21,25088,176053045
-37,-11,-34,25600,176054263
-33,-6,-36,25088,176055481
-31,-6,-27,25088,176056699
-42,-7,-29,25088,176057917
-38,-3,-29,25088,176059135
-35,-7,-29,25088,176060357
-36,-7,-16,25088,176061579
-33,-8,-24,25088,176062801
-37,-10,-18,25088,176064023
-36,-9,-20,25088,176065245
-39,-7,-20,25600,176066467
-36,-8,-23,25088,176067689
-37,-6,-28,25600,176068911
-38,-8,-24,25088,176070136
-38,-6,-21,25088,176071361
-33,-6,-29,25088,176072586
-32,-7,-30,25088,176073811
-33,-7,-27,25088,176075036
-34,-8,-27,25088,176076261
-31,-10,-28,25088,176077486
-34,-6,-21,25088,176078711
-38,-8,-23,25088,176079953
-37,-11,-22,25088,176081195
-43,-8,-21,25600,176082437
-34,-10,-29,25600,176083679
-39,-13,-30,25088,176084921
-40,-10,-31,25600,176086147
-35,-10,-20,25088,176087373
-32,-6,-27,25088,176088599
-35,-5,-28,25600,176089824
-39,-3,-19,25600,176091049
-32,-7,-30,25600,176092274
-34,-6,-32,25600,176093499
-38,-8,-26,25088,176094724
-34,-10,-29,25088,176095949
-35,-5,-32,25600,176097174
-36,-4,-24,25088,176098399
-37,-5,-23,25088,176099626
-37,-6,-20,25600,176100853
-44,-7,-22,25600,176102080
-38,-11,-22,25600,176103307
-34,-9,-34,25088,176104534
-35,-11,-32,25600,176105761
-36,-12,-25,25600,176106988
-40,-10,-18,25600,176108215
-37,-8,-27,25088,176109444
-33,-5,-24,25088,176110673
-38,-4,-18,25088,176111902
-33,-7,-20,25088,176113133
-34,-5,-28,25088,176114364
-39,-12,-32,25088,176115595
-38,-9,-25,25088,176116826
-37,-8,-29,25088,176118057
-36,-9,-29,25088,176119291
-32,-8,-25,25600,176120525
-36,-5,-22,25600,176121759
-35,-6,-25,25600,176122993
-38,-9,-29,25600,176124227
-34,-9,-23,25600,176125461
-31,-7,-21,25600,176126695
-36,-6,-29,25088,176127929
-31,-6,-23,25088,176129167
-29,-6,-24,25088,176130405
-40,-6,-18,25088,176131643
-36,-7,-27,25600,176132881
-38,-5,-28,25088,176134119
-38,-10,-32,25600,176135357
-38,-5,-24,25600,176136595
-34,-4,-23,25088,176137833
-31,-4,-31,25088,176139089
-28,-3,-29,25600,176140345
-40,-3,-14,25600,176141601
-35,-8,-29,25600,176142857
-38,-8,-29,25600,176144113
-37,-9,-22,25088,176145356
-35,-8,-14,25600,176146599
-36,-10,-25,25088,176147842
-31,-12,-18,25600,176149083
-28,-10,-19,25088,176150324
-36,-8,-25,25088,176151565
-36,-6,-23,25600,176152812
-35,-5,-18,25088,176154059
-38,-8,-24,25088,176155306
-35,-6,-22,25088,176156553
-38,-6,-15,25600,176157800
-39,-8,-24,25088,176159051
-30,-10,-28,25600,176160302
-45,-9,-21,25088,176161553
-37,-11,-25,25088,176162804
-35,-7,-32,25088,176164055
-33,-6,-25,25600,176165306
-30,-2,-17,25600,176166557
-32,-4,-23,25088,176167808
-34,-6,-24,25088,176169061
-30,-5,-24,25600,176170314
-42,-7,-9,25600,176171567
-34,-11,-29,25088,176172820
-35,-9,-22,25088,176174073
-32,-8,-18,25088,176175326
-34,-4,-20,25088,176176579
-31,-5,-22,25600,176177832
-32,-6,-27,25088,176179077
-25,-9,-27,25088,176180322
-36,-4,-14,25088,176181567
-32,-7,-31,25600,176182812
-31,-8,-24,25088,176184057
-31,-9,-16,25088,176185302
-33,-9,-22,25600,176186559
-36,-6,-17,25088,176187816
-34,-9,-20,25088,176189075
-31,-9,-24,25088,176190334
-36,-9,-22,25088,176191593
-35,-11,-29,25088,176192852
-34,-7,-27,25088,176194111
-34,-4,-22,25088,176195370
-32,-8,-16,25600,176196629
-30,-12,-29,25600,176197888
-30,-11,-32,25088,176199145
-31,-12,-29,25088,176200402
-40,-9,-15,25088,176201659
-35,-5,-28,25088,176202916
-36,-5,-14,25600,176204173
-36,-8,-11,25600,176205430
-39,-12,-19,25600,176206687
-34,-10,-23,25600,176207944
-35,-7,-21,25088,176209201
-35,-11,-25,25088,176210458
-41,-5,-18,25600,176211715
-31,-9,-36,25088,176212974
-31,-10,-20,25088,176214233
-33,-9,-10,25088,176215492
-31,-9,-27,25600,176216751
-33,-5,-30,25088,176218010
-30,-3,-23,25088,176219268
-35,-6,-22,25600,176220526
-37,-7,-22,25600,176221784
-34,-8,-34,25088,176223042
-41,-8,-20,25088,176224300
-38,-9,-21,25600,176225558
-37,-7,-27,25088,176226816
-34,-7,-24,25088,176228074
-35,-9,-21,25088,176229332
-36,-6,-20,25088,176230590
-42,-7,-20,25088,176231848
-34,-7,-31,25088,176233106
-33,-12,-22,25088,176234364
-34,-6,-17,25088,176235622
-34,-8,-20,25088,176236880
-33,-8,-27,25088,176238138
-33,-8,-19,25088,176239387
-31,-12,-23,25600,176240636
-42,-8,-20,25600,176241885
-35,-6,-29,25600,176243134
-35,-6,-15,25088,176244383
-37,-6,-16,25600,176245632
-35,-8,-25,25600,176246892
-31,-7,-22,25088,176248152
-40,-4,-19,25088,176249409
-32,-5,-22,25600,176250666
-35,-4,-26,25088,176251923
-36,-6,-32,25600,176253181
-36,-6,-24,25600,176254439
-38,-6,-11,25088,176255697
-36,-8,-33,25600,176256955
-31,-9,-26,25088,176258213
-36,-9,-13,25088,176259470
-38,-9,-14,25088,176260727
-45,-7,-18,25600,176261984
-44,-9,-25,25600,176263241
-43,-8,-12,25088,176264498
-35,-5,-22,25600,176265755
-34,-6,-29,25600,176267012
-35,-8,-24,25600,176268269
-35,-8,-23,25088,176269526
-37,-7,-28,25600,176270783
-36,-6,-30,25088,176272040
-32,-11,-21,25088,176273297
-34,-14,-15,25088,176274554
-34,-12,-18,25088,176275811
-36,-12,-24,25600,176277068
-41,-9,-26,25088,176278325
-41,-5,-24,25088,176279569
-38,-7,-23,25088,176280813
-33,-1,-28,25088,176282057
-33,-5,-23,25088,176283301
-36,-6,-22,25600,176284545
-36,-12,-30,25088,176285789
-33,-9,-33,25600,176287044
-31,-7,-30,25088,176288299
-40,-7,-12,25088,176289552
-35,-9,-30,25600,176290805
-34,-10,-32,25088,176292058
-33,-9,-22,25600,176293311
-36,-8,-14,25600,176294564
-35,-8,-22,25600,176295817
-35,-7,-29,25600,176297070
-38,-5,-19,25600,176298323
-39,-5,-21,25600,176299575
-38,-10,-27,25600,176300827
-38,-7,-23,25088,176302079
-34,-12,-22,25088,176303331
-40,-8,-24,25088,176304583
-39,-6,-24,25088,176305835
-37,-6,-27,25600,176307087
-37,-9,-28,25088,176308339
-35,-6,-30,25600,176309590
-34,-5,-26,25600,176310841
-36,-1,-30,25088,176312092
-38,-6,-22,25088,176313343
-38,-9,-22,25088,176314594
-39,-9,-32,25600,176315845
-39,-8,-22,25088,176317096
-38,-13,-21,25600,176318347
-41,-9,-26,25088,176319577
-36,-10,-26,25088,176320825
-38,-3,-29,25600,176322073
-35,-8,-20,25600,176323321
-35,-6,-22,25088,176324569
-32,-5,-26,25088,176325817
-31,-7,-20,25088,176327065
-31,-12,-21,25088,176328313
-32,-6,-18,25088,176329561
-32,-8,-17,25600,176330809
-32,-5,-25,25088,176332057
-35,-9,-18,25088,176333305
-36,-10,-25,25088,176334553
-37,-8,-27,25088,176335801
-37,-10,-28,25088,176337049
-38,-8,-22,25088,176338297
-38,-8,-24,25600,176339536
-38,-5,-26,25088,176340775
-35,-4,-22,25088,176342014
-34,-9,-22,25600,176343253
-40,-10,-32,25600,176344492
-38,-9,-31,25088,176345731
-33,-8,-23,25088,176346956
-35,-12,-28,25088,176348181
-39,-8,-17,25088,176349406
-36,-8,-32,25088,176350652
-39,-10,-25,25600,176351898
-40,-11,-20,25600,176353116
-40,-6,-21,25088,176354334
-39,-4,-26,25088,176355552
-40,-10,-21,25600,176356770
-36,-9,-14,25088,176357988
-35,-10,-22,25088,176359206
-40,-10,-21,25088,176360427
-37,-6,-19,25088,176361648
-35,-7,-20,25600,176362869
-34,-9,-23,25088,176364090
-32,-9,-31,25600,176365311
-34,-9,-24,25088,176366532
-36,-8,-27,25088,176367753
-37,-8,-27,25600,176368974
-33,-6,-26,25600,176370197
-33,-5,-19,25088,176371420
-37,-8,-20,25088,176372643
-36,-11,-25,25088,176373866
-36,-10,-26,25088,176375089
-37,-10,-27,25600,176376312
-31,-10,-30,25088,176377535
-33,-8,-21,25600,176378758
-37,-10,-20,25088,176379998
-34,-9,-21,25088,176381238
-37,-6,-23,25600,176382478
-32,-6,-25,25088,176383718
-36,-13,-26,25088,176384958
-37,-15,-25,25600,176386182
-35,-12,-21,25600,176387406
-36,-10,-20,25088,176388630
-39,-11,-22,25600,176389854
-33,-9,-16,25088,176391078
-34,-11,-21,25088,176392302
-40,-8,-24,25088,176393526
-36,-17,-22,25088,176394750
-34,-11,-21,25088,176395974
-34,-8,-20,25088,176397198
-35,-6,-24,25600,176398422
-40,-6,-23,25600,176399648
-38,-7,-19,25600,176400874
-41,-10,-22,25088,176402100
-35,-7,-29,25088,176403326
-38,-8,-28,25088,176404552
-40,-12,-23,25088,176405778
-39,-7,-18,25088,176407004
-28,-10,-20,25600,176408230
-31,-5,-24,25088,176409457
-29,-7,-23,25088,176410684
-41,-6,-23,25088,176411911
-39,-9,-26,25600,176413140
-40,-11,-23,25088,176414369
-39,-12,-23,25088,176415598
-40,-11,-19,25600,176416827
-39,-10,-14,25600,176418056
-40,-14,-25,25088,176419289
-37,-12,-22,25088,176420522
-43,-8,-21,25088,176421755
-41,-7,-23,25088,176422988
-40,-8,-28,25088,176424221
-38,-8,-25,25600,176425454
-37,-7,-29,25088,176426687
-35,-7,-22,25600,176427920
-36,-7,-20,25600,176429157
-31,-8,-25,25600,176430394
-43,-6,-22,25088,176431631
-31,-9,-30,25088,176432868
-31,-9,-29,25088,176434105
-38,-6,-21,25600,176435342
-35,-9,-22,25600,176436579
-37,-11,-21,25088,176437816
-35,-11,-21,25600,176439071
-32,-10,-23,25600,176440326
-41,-4,-11,25600,176441581
-35,-11,-23,25600,176442836
-37,-9,-28,25088,176444091
-32,-10,-20,25088,176445333
-35,-15,-14,25088,176446575
-35,-4,-21,25600,176447817
-33,-10,-21,25088,176449058
-32,-11,-23,25088,176450299
-38,-8,-22,25088,176451540
-33,-10,-23,25088,176452787
-35,-13,-22,25088,176454034
-37,-14,-24,25088,176455281
-34,-10,-23,25088,176456528
-36,-11,-25,25088,176457775
-40,-10,-24,25088,176459025
-34,-8,-31,25088,176460275
-41,-4,-22,25600,176461525
-30,-13,-21,25088,176462775
-34,-8,-26,25088,176464025
-35,-8,-20,25088,176465275
-32,-7,-11,25088,176466525
-35,-9,-14,25600,176467775
-29,-10,-17,25600,176469027
-28,-12,-25,25600,176470279
-41,-9,-10,25088,176471531
-32,-12,-29,25088,176472783
-38,-14,-28,25088,176474035
-40,-11,-15,25600,176475287
-40,-14,-16,25600,176476539
-39,-12,-26,25088,176477791
-37,-13,-27,25088,176479037
-35,-12,-26,25088,176480283
-45,-10,-14,25088,176481529
-35,-12,-37,25088,176482775
-35,-11,-30,25600,176484021
-38,-8,-24,25088,176485267
-38,-10,-30,25600,176486525
-35,-6,-23,25088,176487783
-35,-8,-19,25088,176489042
-34,-7,-23,25088,176490301
-37,-5,-21,25088,176491560
-34,-7,-23,25088,176492819
-38,-9,-19,25088,176494078
-38,-11,-15,25088,176495337
-41,-6,-14,25088,176496596
-38,-7,-18,25600,176497855
-37,-5,-22,25088,176499113
-37,-3,-21,25088,176500371
-41,-5,-14,25088,176501629
-32,-8,-34,25600,176502887
-38,-7,-26,25600,176504145
-35,-10,-22,25600,176505403
-36,-11,-24,25600,176506661
-34,-9,-32,25088,176507919
-35,-7,-25,25600,176509176
-35,-7,-27,25088,176510433
-41,-5,-14,25600,176511690
-32,-10,-33,25088,176512949
-34,-12,-19,25088,176514208
-39,-11,-13,25088,176515467
-37,-16,-28,25088,176516726
-36,-13,-29,25088,176517985
-35,-13,-18,25600,176519244
-35,-10,-19,25600,176520503
-41,-8,-16,25600,176521762
-38,-12,-31,25600,176523021
-33,-15,-19,25088,176524280
-31,-13,-11,25600,176525539
-38,-12,-20,25600,176526798
-38,-10,-22,25088,176528057
-36,-9,-24,25088,176529315
-35,-8,-22,25088,176530573
-47,-7,-21,25600,176531831
-35,-10,-33,25600,176533089
-36,-10,-15,25088,176534347
-35,-11,-16,25600,176535605
-37,-12,-21,25088,176536863
-35,-10,-22,25600,176538121
-33,-10,-24,25088,176539371
-31,-9,-26,25600,176540621
-36,-7,-21,25088,176541871
-34,-9,-28,25088,176543121
-32,-10,-20,25600,176544371
-36,-12,-17,25088,176545621
-29,-12,-21,25600,176546882
-28,-13,-17,25088,176548143
-41,-11,-17,25600,176549401
-34,-12,-24,25088,176550659
-36,-12,-19,25600,176551917
-33,-15,-27,25600,176553175
-34,-13,-21,25600,176554433
-39,-8,-14,25600,176555691
-36,-13,-32,25088,176556949
-38,-9,-25,25600,176558207
-38,-12,-15,25088,176559464
-41,-8,-16,25088,176560721
-35,-9,-21,25088,176561978
-32,-8,-29,25088,176563235
-36,-8,-11,25600,176564492
-34,-10,-18,25088,176565749
-34,-6,-24,25088,176567006
-34,-10,-20,25600,176568263
-33,-10,-19,25088,176569520
-35,-10,-22,25088,176570777
-38,-5,-23,25600,176572034
-28,-11,-21,25088,176573291
-34,-11,-22,25088,176574548
-36,-9,-24,25088,176575805
-36,-10,-25,25600,176577062
-33,-13,-25,25088,176578319
-35,-16,-22,25088,176579563
-39,-11,-15,25088,176580807
-40,-6,-22,25088,176582051
-38,-11,-18,25088,176583295
-39,-11,-16,25600,176584539
-38,-11,-14,25088,176585783
-36,-11,-27,25088,176587037
-31,-8,-24,25088,176588291
-41,-9,-9,25600,176589544
-36,-9,-24,25600,176590797
-36,-11,-25,25600,176592050
-36,-11,-23,25088,176593303
-33,-12,-17,25088,176594556
-33,-13,-18,25088,176595809
-34,-11,-29,25600,176597062
-34,-11,-21,25600,176598315
-34,-14,-24,25088,176599567
-37,-10,-21,25088,176600819
-40,-9,-21,25088,176602071
-34,-12,-17,25088,176603323
-34,-12,-21,25088,176604575
-33,-12,-27,25600,176605827
-32,-13,-22,25088,176607079
-34,-12,-18,25600,176608331
-33,-9,-21,25088,176609581
-34,-8,-25,25600,176610831
-37,-6,-24,25600,176612081
-32,-10,-23,25088,176613332
-33,-11,-24,25600,176614583
-34,-12,-21,25600,176615834
-33,-13,-24,25600,176617085
-36,-12,-14,25600,176618336
-34,-12,-19,25088,176619566
-38,-12,-22,25088,176620815
-39,-9,-26,25600,176622064
-37,-12,-20,25088,176623313
-35,-15,-29,25088,176624562
-36,-11,-28,25600,176625811
-36,-11,-24,25600,176627060
-34,-10,-31,25600,176628309
-32,-10,-23,25600,176629557
-34,-9,-21,25088,176630805
-37,-8,-27,25088,176632053
-29,-12,-19,25088,176633301
-37,-10,-23,25600,176634549
-32,-11,-25,25088,176635797
-34,-6,-25,25600,176637045
-36,-11,-22,25088,176638293
-39,-9,-19,25600,176639532
-36,-6,-21,25088,176640771
-37,-7,-20,25088,176642010
-33,-13,-11,25600,176643249
-37,-11,-20,25600,176644488
-36,-8,-18,25088,176645727
-34,-11,-22,25600,176646977
-35,-14,-29,25088,176648227
-38,-14,-16,25088,176649474
-36,-11,-30,25600,176650721
-37,-10,-22,25600,176651968
-33,-9,-14,25600,176653216
-34,-10,-23,25600,176654464
-34,-11,-26,25088,176655712
-35,-9,-13,25088,176656960
-36,-12,-15,25088,176658208
-38,-11,-26,25088,176659429
-34,-13,-28,25088,176660650
-38,-10,-22,25088,176661871
-36,-11,-19,25088,176663092
-36,-10,-29,25600,176664313
-35,-12,-31,25600,176665534
-35,-8,-23,25600,176666755
-36,-11,-28,25088,176667976
-33,-14,-23,25600,176669197
-31,-9,-24,25088,176670421
-33,-9,-19,25600,176671645
-37,-9,-23,25088,176672869
-38,-8,-25,25088,176674093
-37,-9,-19,25088,176675317
-36,-12,-21,25600,176676541
-38,-11,-17,25088,176677765
-33,-14,-13,25088,176678989
-38,-12,-21,25600,176680229
-36,-10,-22,25088,176681469
-34,-10,-27,25088,176682709
-31,-14,-26,25088,176683949
-34,-11,-29,25088,176685189
-34,-11,-28,25600,176686413
-31,-9,-28,25088,176687637
-32,-7,-24,25088,176688861
-29,-11,-27,25600,176690085
-35,-11,-14,25088,176691309
-36,-10,-19,25088,176692533
-31,-12,-28,25088,176693757
-32,-9,-20,25088,176694981
-40,-7,-19,25088,176696205
-41,-12,-18,25088,176697429
-36,-12,-20,25088,176698653
-34,-14,-22,25088,176699879
-33,-13,-19,25088,176701105
-36,-12,-21,25088,176702331
-29,-8,-23,25600,176703557
-34,-12,-29,25088,176704783
-38,-13,-25,25088,176706009
-39,-10,-28,25088,176707235
-38,-8,-24,25088,176708461
-34,-11,-26,25088,176709685
-35,-12,-16,25088,176710909
-42,-11,-13,25088,176712133
-40,-9,-22,25600,176713361
-41,-7,-26,25088,176714589
-39,-12,-28,25088,176715817
-39,-10,-26,25088,176717045
-40,-11,-19,25088,176718273
-31,-11,-28,25088,176719502
-26,-9,-27,25088,176720731
-34,-10,-25,25088,176721960
-29,-10,-20,25088,176723189
-33,-11,-28,25600,176724418
-34,-9,-30,25600,176725647
-34,-9,-17,25088,176726876
-35,-10,-19,25600,176728105
-35,-11,-19,25600,176729338
-34,-11,-18,25600,176730571
-42,-7,-13,25088,176731804
-32,-10,-20,25088,176733037
-36,-13,-28,25600,176734270
-33,-14,-20,25088,176735503
-34,-18,-18,25088,176736736
-35,-15,-18,25600,176737969
-32,-10,-19,25088,176739219
-27,-8,-23,25088,176740469
-38,-6,-20,25600,176741719
-38,-8,-26,25600,176742969
-36,-10,-28,25088,176744219
-32,-11,-21,25600,176745456
-33,-8,-16,25088,176746693
-32,-10,-22,25088,176747930
-28,-14,-19,25600,176749167
-29,-13,-14,25088,176750404
-38,-11,-19,25600,176751641
-31,-13,-20,25088,176752883
-35,-10,-20,25088,176754125
-34,-15,-23,25088,176755367
-34,-11,-17,25088,176756609
-35,-17,-19,25088,176757851
-37,-12,-29,25600,176759097
-34,-12,-27,25600,176760343
-42,-9,-16,25088,176761589
-37,-14,-25,25088,176762835
-37,-11,-30,25088,176764081
-36,-12,-30,25088,176765327
-34,-14,-26,25088,176766573
-34,-9,-27,25600,176767819
-31,-10,-33,25088,176769067
-31,-10,-25,25600,176770315
-43,-7,-18,25088,176771563
-33,-9,-30,25088,176772811
-32,-12,-22,25088,176774059
-37,-12,-15,25088,176775307
-38,-9,-17,25088,176776555
-31,-10,-21,25600,176777803
-35,-10,-20,25600,176779044
-35,-11,-24,25600,176780285
-47,-6,-11,25600,176781526
-37,-12,-32,25600,176782767
-38,-11,-17,25088,176784008
-34,-11,-9,25088,176785249
-36,-10,-17,25088,176786503
-37,-9,-19,25088,176787757
-37,-10,-25,25088,176789013
-30,-10,-29,25088,176790269
-34,-7,-18,25600,176791525
-30,-10,-27,25088,176792781
-36,-10,-31,25600,176794037
-35,-10,-27,25088,176795293
-32,-13,-16,25088,176796549
-32,-12,-20,25600,176797805
-34,-11,-18,25088,176799060
-31,-9,-23,25088,176800315
-42,-6,-10,25600,176801570
-34,-7,-36,25600,176802825
-37,-10,-24,25088,176804080
-33,-9,-13,25088,176805335
-34,-10,-21,25088,176806590
-35,-10,-22,25600,176807845
-39,-9,-25,25600,176809100
-33,-10,-23,25088,176810355
-37,-11,-14,25088,176811610
-28,-16,-34,25600,176812867
-29,-12,-20,25088,176814124
-35,-9,-14,25088,176815381
-33,-7,-26,25088,176816638
-35,-11,-32,25088,176817895
-34,-9,-22,25088,176819152
-34,-10,-23,25088,176820409
-38,-8,-15,25088,176821666
-31,-13,-36,25088,176822923
-32,-9,-27,25600,176824180
-35,-6,-18,25600,176825437
-35,-9,-27,25600,176826694
-35,-10,-26,25600,176827951
-31,-11,-25,25088,176829208
-32,-10,-26,25088,176830465
-37,-7,-17,25088,176831722
-32,-10,-22,25088,176832979
-37,-10,-7,25088,176834236
-33,-7,-11,25088,176835493
-37,-12,-21,25600,176836750
-33,-10,-25,25088,176838007
-36,-9,-22,25600,176839269
-37,-7,-26,25600,176840531
-41,-9,-21,25600,176841793
-38,-14,-32,25088,176843055
-36,-11,-23,25088,176844317
-30,-11,-26,25600,176845579
-33,-11,-23,25600,176846840
-34,-8,-23,25088,176848101
-35,-4,-30,25600,176849360
-31,-10,-23,25600,176850619
-35,-9,-7,25600,176851878
-35,-7,-26,25088,176853137
-33,-5,-25,25088,176854396
-36,-6,-9,25088,176855655
-38,-9,-27,25600,176856914
-40,-11,-20,25088,176858173
-38,-11,-15,25088,176859431
-37,-10,-23,25088,176860689
-40,-8,-26,25600,176861947
-35,-9,-36,25600,176863205
-37,-10,-24,25600,176864463
-33,-9,-24,25600,176865721
-35,-10,-26,25600,176866979
-33,-10,-24,25088,176868237
-28,-8,-26,25088,176869495
-34,-11,-21,25088,176870753
-39,-8,-22,25600,176872011
-36,-5,-24,25600,176873269
-33,-4,-11,25088,176874527
-33,-4,-21,25600,176875785
-36,-7,-32,25600,176877043
-35,-7,-27,25600,176878301
-33,-8,-20,25088,176879556
-33,-10,-22,25088,176880811
-35,-7,-31,25088,176882066
-28,-10,-21,25088,176883321
-28,-11,-16,25088,176884576
-32,-5,-21,25088,176885831
-32,-4,-26,25088,176887088
-28,-8,-27,25088,176888345
-33,-9,-20,25088,176889600
-34,-9,-25,25088,176890855
-35,-6,-14,25088,176892110
-36,-6,-21,25088,176893365
-41,-9,-27,25088,176894620
-35,-10,-22,25600,176895875
-33,-8,-18,25600,176897130
-35,-10,-20,25600,176898385
-35,-9,-23,25088,176899638
-32,-9,-29,25088,176900891
-35,-5,-29,25088,176902144
-28,-9,-22,25600,176903397
-26,-12,-23,25088,176904650
-27,-9,-25,25600,176905903
-32,-11,-26,25088,176907156
-33,-9,-22,25088,176908409
-31,-8,-22,25088,176909662
-34,-9,-24,25088,176910915
-36,-4,-25,25600,176912168
-30,-10,-20,25088,176913421
-33,-13,-18,25600,176914674
-34,-12,-21,25088,176915927
-35,-12,-22,25088,176917180
-36,-12,-23,25600,176918433
-35,-9,-25,25600,176919674
-34,-6,-23,25600,176920925
-35,-6,-31,25088,176922176
-32,-9,-22,25088,176923427
-32,-10,-22,25600,176924678
-28,-11,-22,25600,176925929
-30,-7,-22,25088,176927180
-33,-7,-16,25088,176928431
-35,-8,-14,25088,176929681
-35,-8,-18,25088,176930931
-37,-6,-28,25600,176932181
-34,-8,-20,25088,176933431
-35,-9,-27,25600,176934681
-33,-6,-26,25600,176935931
-33,-9,-26,25600,176937181
-31,-10,-24,25088,176938431
-34,-9,-28,25600,176939681
-36,-7,-28,25088,176940931
-38,-6,-23,25088,176942181
-33,-11,-18,25088,176943431
-32,-10,-22,25088,176944681
-32,-8,-27,25600,176945931
-28,-8,-24,25600,176947181
-33,-8,-30,25600,176948431
-33,-7,-21,25600,176949679
-33,-10,-21,25600,176950927
-36,-6,-22,25600,176952175
-32,-4,-25,25088,176953423
-34,-5,-25,25088,176954671
-34,-6,-31,25600,176955919
-32,-7,-20,25088,176957167
-31,-6,-21,25600,176958415
-31,-7,-22,25600,176959641
-32,-5,-22,25600,176960867
-35,-8,-25,25088,176962093
-36,-13,-20,25088,176963319
-36,-11,-21,25600,176964545
-32,-8,-29,25088,176965771
-36,-8,-26,25088,176966997
-38,-7,-23,25600,176968223
-33,-4,-23,25600,176969449
-31,-9,-23,25088,176970676
-34,-9,-24,25088,176971903
-34,-7,-24,25088,176973130
-32,-9,-24,25088,176974357
-34,-8,-26,25088,176975584
-34,-10,-28,25088,176976811
-33,-8,-20,25088,176978038
-32,-9,-22,25088,176979265
-35,-8,-25,25088,176980503
-36,-7,-16,25088,176981741
-35,-8,-20,25088,176982979
-31,-9,-28,25088,176984217
-33,-11,-29,25088,176985455
-32,-12,-24,25088,176986680
-35,-6,-22,25600,176987905
-31,-9,-25,25088,176989130
-33,-3,-28,25600,176990355
-35,-3,-16,25600,176991580
-33,-5,-20,25600,176992805
-33,-9,-28,25088,176994030
-31,-7,-22,25088,176995255
-30,-9,-19,25088,176996480
-36,-8,-23,25088,176997705
-34,-6,-26,25088,176998930
-30,-8,-25,25088,177000155
-34,-4,-19,25088,177001380
-35,-7,-26,25088,177002605
-32,-6,-29,25600,177003830
-35,-8,-26,25088,177005055
-34,-10,-23,25088,177006280
-32,-7,-26,25088,177007505
-31,-7,-18,25088,177008730
-31,-10,-19,25088,177009955
-29,-8,-23,25088,177011180
-36,-7,-22,25088,177012405
-34,-7,-22,25088,177013630
-35,-8,-26,25088,177014855
-33,-8,-22,25088,177016080
-37,-7,-14,25088,177017305
-35,-7,-20,25088,177018530
-34,-9,-23,25600,177019758
-28,-9,-20,25088,177020986
-40,-8,-19,25088,177022214
-33,-10,-32,25088,177023442
-35,-7,-31,25600,177024670
-34,-3,-31,25600,177025898
-31,-5,-24,25088,177027126
-36,-7,-27,25088,177028354
-34,-12,-23,25088,177029582
-27,-7,-18,25088,177030810
-40,-3,-14,25600,177032038
-36,-7,-23,25088,177033266
-36,-12,-23,25600,177034494
-35,-5,-22,25600,177035722
-35,-9,-22,25088,177036950
-33,-7,-24,25088,177038178
-33,-8,-28,25088,177039410
-31,-13,-30,25088,177040642
-37,-7,-28,25600,177041874
-30,-10,-35,25600,177043106
-33,-10,-27,25600,177044338
-37,-9,-23,25088,177045570
-38,-10,-21,25088,177046802
-36,-11,-23,25088,177048034
-33,-8,-24,25088,177049265
-30,-7,-23,25088,177050496
-43,-6,-19,25600,177051727
-34,-8,-32,25088,177052961
-37,-6,-20,25088,177054195
-36,-10,-22,25088,177055429
-36,-10,-17,25088,177056663
-33,-7,-29,25600,177057897
-39,-6,-39,25088,177059134
-33,-5,-28,25600,177060371
-42,-5,-21,25088,177061608
-31,-4,-21,25088,177062845
-35,-10,-29,25088,177064082
-34,-10,-31,25088,177065319
-32,-6,-17,25088,177066556
-33,-10,-21,25088,177067793
-35,-11,-20,25088,177069033
-29,-8,-16,25088,177070273
-40,-7,-9,25088,177071513
-34,-7,-29,25600,177072753
-36,-8,-22,25600,177073993
-36,-7,-20,25088,177075233
-38,-7,-22,25088,177076473
-37,-6,-27,25088,177077713
-34,-6,-25,25088,177078948
-35,-5,-25,25088,177080183
-45,-7,-15,25088,177081418
-32,-9,-37,25600,177082653
-33,-4,-23,25600,177083888
-33,-7,-21,25088,177085123
-39,-8,-23,25600,177086369
-36,-9,-25,25600,177087615
-34,-11,-27,25088,177088864
-34,-7,-22,25600,177090113
-40,-5,-22,25600,177091362
-40,-5,-28,25600,177092611
-35,-7,-26,25088,177093860
-33,-8,-23,25088,177095109
-33,-9,-19,25600,177096358
-34,-4,-26,25600,177097607
-31,-3,-27,25088,177098858
-27,-3,-34,25600,177100109
-37,-7,-18,25088,177101360
-34,-8,-33,25088,177102611
-33,-8,-24,25088,177103862
-33,-9,-29,25088,177105113
-39,-7,-23,25088,177106364
-35,-9,-31,25600,177107615
-34,-9,-27,25088,177108869
-33,-5,-24,25088,177110123
-42,0,-13,25088,177111377
-38,-8,-34,25088,177112631
-38,-5,-24,25600,177113885
-34,-6,-20,25088,177115139
-35,-6,-22,25088,177116393
-33,-4,-30,25088,177117647
-33,-4,-27,25600,177118891
-29,-5,-28,25600,177120148
-42,-5,-18,25600,177121405
-37,-7,-31,25088,177122662
-36,-5,-22,25600,177123919
-35,-3,-20,25600,177125176
-36,-8,-22,25088,177126433
-37,-5,-25,25088,177127690
-34,-6,-28,25600,177128948
-34,-7,-27,25600,177130206
-36,-5,-16,25088,177131464
-35,-8,-38,25600,177132722
-37,-8,-29,25088,177133980
-35,-5,-26,25600,177135238
-34,-4,-35,25600,177136496
-35,-4,-32,25088,177137754
-33,-3,-28,25088,177139014
-33,-6,-27,25088,177140274
-37,-3,-21,25088,177141534
-30,-8,-33,25088,177142794
-34,-6,-23,25088,177144054
-34,-7,-22,25600,177145314
-35,-5,-26,25088,177146574
-36,-7,-27,25088,177147834
-38,-6,-26,25600,177149095
-35,-7,-27,25088,177150356
-35,-4,-20,25088,177151617
-28,-9,-22,25088,177152879
-33,-7,-24,25088,177154141
-43,-1,-13,25088,177155403
-39,-2,-30,25600,177156665
-37,-6,-25,25088,177157927
-36,-7,-24,25600,177159189
-35,-7,-22,25088,177160451
-39,-6,-23,25088,177161713
-36,-9,-31,25088,177162975
-36,-6,-14,25088,177164237
-37,-9,-22,25088,177165499
-37,-5,-31,25600,177166761
-36,-5,-35,25600,177168023
-32,-7,-28,25600,177169285
-32,-5,-31,25600,177170547
-36,-2,-32,25600,177171809
-32,-7,-20,25088,177173071
-36,-10,-15,25600,177174333
-32,-14,-24,25088,177175595
-30,-9,-24,25600,177176857
-33,-6,-21,25088,177178119
-36,-8,-22,25088,177179385
-35,-9,-24,25088,177180651
-38,-6,-30,25088,177181917
-35,-10,-24,25088,177183183
-36,-8,-21,25088,177184449
-34,-10,-29,25088,177185715
-35,-12,-30,25600,177186977
-34,-9,-29,25088,177188239
-35,-2,-30,25088,177189500
-31,-7,-23,25088,177190761
-32,-4,-27,25600,177192022
-29,-5,-29,25088,177193283
-35,-2,-22,25088,177194544
-39,-7,-26,25088,177195805
-33,-9,-29,25088,177197066
-37,-8,-23,25088,177198327
-37,-7,-22,25088,177199586
-34,-7,-26,25088,177200845
-40,-4,-26,25600,177202104
-34,-7,-19,25600,177203363
-30,-7,-24,25088,177204622
-28,-5,-25,25088,177205881
-32,-4,-26,25600,177207140
-28,-4,-26,25600,177208399
-30,-5,-27,25088,177209657
-30,-9,-17,25088,177210915
-33,-5,-21,25088,177212173
-31,-6,-18,25600,177213431
-32,-9,-23,25088,177214689
-37,-7,-27,25088,177215947
-38,-5,-24,25600,177217205
-39,-3,-25,25600,177218463
-39,-7,-30,25088,177219709
-39,-6,-27,25088,177220965
-39,-7,-23,25088,177222221
-31,-8,-21,25088,177223477
-32,-7,-22,25088,177224733
-34,-7,-24,25600,177225989
-30,-6,-30,25600,177227245
-32,-5,-26,25600,177228501
-31,-5,-25,25088,177229755
-33,-5,-22,25088,177231009
-40,0,-24,25600,177232263
-38,-7,-20,25088,177233517
-38,-4,-19,25088,177234771
-40,-5,-24,25088,177236025
-38,-7,-30,25600,177237279
-36,-6,-25,25088,177238533
-35,-8,-23,25088,177239786
-34,-7,-21,25600,177241039
-40,-6,-28,25600,177242292
-37,-8,-21,25088,177243545
-36,-9,-25,25088,177244798
-32,-8,-22,25600,177246051
-36,-7,-23,25088,177247304
-36,-5,-21,25600,177248557
-38,-8,-26,25088,177249806
-34,-6,-28,25088,177251055
-37,-7,-26,25600,177252304
-34,-7,-25,25088,177253555
-32,-5,-32,25088,177254806
-33,-6,-32,25088,177256057
-35,-10,-26,25088,177257308
-38,-11,-22,25088,177258559
-38,-11,-28,25088,177259786
-37,-9,-24,25600,177261013
-37,-7,-28,25600,177262240
-34,-9,-19,25600,177263467
-34,-7,-25,25088,177264694
-32,-7,-22,25600,177265921
-35,-4,-24,25600,177267148
-37,-5,-24,25600,177268375
-35,-4,-30,25600,177269602
-34,-8,-21,25088,177270828
-30,-7,-22,25088,177272054
-35,-7,-25,25088,177273280
-34,-6,-31,25600,177274506
-36,-5,-32,25600,177275732
-34,-3,-31,25600,177276958
-32,-7,-30,25600,177278184
-40,-9,-31,25088,177279410
-35,-11,-33,25600,177280647
-30,-8,-24,25600,177281884
-35,-8,-22,25600,177283121
-34,-7,-25,25088,177284358
-38,-7,-28,25088,177285595
-36,-7,-27,25600,177286822
-37,-5,-22,25088,177288049
-41,-7,-22,25088,177289276
-38,-8,-32,25600,177290500
-38,-9,-15,25088,177291724
-35,-9,-23,25088,177292948
-32,-7,-27,25088,177294172
-33,-4,-21,25088,177295396
-36,-5,-22,25088,177296620
-38,-9,-23,25088,177297844
-36,-12,-26,25088,177299068
-33,-7,-26,25088,177300291
-32,-2,-15,25088,177301514
-40,-4,-25,25088,177302737
-36,-7,-30,25600,177303960
-38,-5,-31,25088,177305183
-37,-7,-30,25088,177306406
-32,-6,-28,25088,177307629
-36,-11,-28,25088,177308852
-33,-6,-30,25088,177310075
-34,-9,-28,25088,177311298
-36,-6,-28,25600,177312521
-29,-6,-31,25088,177313744
-31,-7,-29,25088,177314967
-36,-7,-28,25088,177316190
-37,-2,-20,25088,177317413
-34,-5,-17,25088,177318636
-38,-6,-23,25088,177319861
-38,-5,-20,25600,177321086
-42,-1,-24,25088,177322311
-34,-6,-26,25088,177323536
-38,-10,-30,25088,177324761
-40,-9,-26,25088,177325986
-34,-8,-26,25600,177327211
-36,-5,-22,25088,177328436
-37,-7,-26,25600,177329662
-27,-5,-24,25600,177330888
-38,-4,-20,25600,177332114
-36,-4,-30,25600,177333340
-36,-5,-33,25088,177334566
-36,-6,-26,25600,177335792
-33,-6,-22,25600,177337018
-38,-4,-22,25088,177338244
-35,-4,-26,25088,177339474
-31,-4,-20,25088,177340704
-44,-6,-19,25088,177341934
-37,-10,-27,25088,177343164
-35,-10,-31,25600,177344394
-36,-8,-22,25600,177345624
-35,-8,-25,25600,177346854
-35,-10,-22,25600,177348084
-34,-10,-25,25088,177349320
-34,-12,-30,25600,177350556
-44,-6,-16,25600,177351792
-36,-10,-28,25088,177353024
-34,-6,-30,25088,177354256
-37,-6,-14,25088,177355488
-37,-4,-23,25600,177356720
-37,-2,-25,25088,177357952
-39,-4,-26,25088,177359186
-32,-8,-24,25600,177360420
-38,-8,-19,25088,177361654
-37,-11,-22,25088,177362888
-38,-13,-30,25088,177364122
-39,-11,-27,25088,177365356
-37,-10,-26,25600,177366590
-34,-7,-27,25088,177367824
-34,-10,-26,25088,177369062
-31,-7,-25,25088,177370300
-43,-4,-17,25088,177371538
-39,-11,-30,25600,177372776
-39,-7,-23,25600,177374014
-39,-9,-22,25600,177375252
-41,-8,-18,25088,177376490
-37,-10,-20,25600,177377728
-34,-9,-23,25088,177378965
-32,-6,-27,25088,177380202
-38,-6,-12,25088,177381439
-34,-8,-29,25088,177382676
-32,-10,-25,25600,177383913
-32,-8,-14,25088,177385150
-35,-8,-13,25088,177386394
-26,-8,-19,25088,177387638
-37,-5,-27,25088,177388885
-30,-8,-21,25088,177390132
-35,-6,-21,25088,177391379
-35,-9,-22,25600,177392626
-39,-10,-22,25088,177393873
-40,-9,-18,25088,177395120
-41,-8,-22,25088,177396367
-38,-7,-22,25088,177397614
-33,-10,-25,25600,177398864
-36,-6,-25,25088,177400114
-42,-7,-14,25088,177401364
-33,-11,-36,25088,177402614
-34,-10,-23,25088,177403864
-35,-10,-15,25600,177405114
-38,-6,-21,25600,177406364
-33,-9,-22,25088,177407614
-36,-10,-25,25600,177408867
-37,-10,-25,25600,177410120
-39,-6,-11,25600,177411373
-33,-8,-34,25088,177412626
-37,-11,-28,25088,177413879
-39,-10,-12,25088,177415132
-41,-7,-23,25600,177416385
-37,-6,-31,25600,177417638
-34,-9,-30,25088,177418881
-34,-8,-27,25088,177420137
-42,-4,-19,25600,177421393
-32,-10,-34,25088,177422649
-35,-8,-19,25088,177423905
-36,-11,-22,25600,177425161
-35,-12,-20,25600,177426417
-34,-12,-29,25088,177427673
-36,-6,-29,25088,177428931
-37,-9,-26,25088,177430189
-43,-6,-20,25088,177431447
-39,-11,-29,25600,177432705
-37,-10,-22,25600,177433963
-32,-13,-20,25088,177435221
-29,-13,-25,25088,177436479
-32,-9,-27,25088,177437737
-30,-10,-22,25600,177438997
-29,-10,-21,25088,177440257
-35,-9,-16,25600,177441517
-34,-10,-24,25088,177442777
-35,-10,-12,25088,177444037
-38,-12,-12,25088,177445297
-36,-13,-25,25088,177446557
-39,-13,-22,25600,177447817
-35,-11,-26,25600,177449077
-37,-7,-32,25088,177450337
-36,-4,-29,25600,177451597
-33,-9,-36,25088,177452858
-31,-10,-29,25088,177454119
-39,-10,-19,25600,177455380
-35,-9,-35,25088,177456641
-33,-11,-33,25088,177457902
-37,-10,-24,25600,177459164
-36,-8,-18,25600,177460426
-40,-6,-16,25600,177461688
-33,-10,-32,25088,177462950
-35,-7,-12,25600,177464212
-33,-8,-17,25600,177465474
-39,-7,-14,25600,177466736
-39,-11,-23,25088,177467998
-37,-12,-20,25600,177469260
-35,-10,-24,25088,177470522
-40,-5,-27,25088,177471784
-34,-7,-27,25088,177473046
-38,-9,-24,25088,177474308
-36,-6,-23,25088,177475570
-33,-10,-29,25600,177476832
-31,-8,-34,25088,177478094
-34,-7,-26,25088,177479347
-38,-7,-21,25600,177480600
-38,-6,-25,25088,177481853
-33,-10,-23,25088,177483106
-36,-9,-13,25600,177484359
-38,-9,-21,25088,177485612
-36,-10,-22,25600,177486874
-31,-13,-19,25088,177488136
-41,-6,-14,25088,177489397
-39,-7,-23,25600,177490658
-40,-13,-24,25600,177491919
-36,-12,-23,25088,177493180
-39,-6,-10,25088,177494441
-36,-11,-15,25088,177495702
-38,-14,-22,25088,177496963
-37,-10,-23,25088,177498224
-35,-8,-29,25088,177499483
-38,-11,-25,25088,177500742
-40,-7,-32,25088,177502001
-34,-13,-25,25088,177503260
-36,-12,-19,25088,177504519
-35,-12,-26,25600,177505778
-37,-12,-30,25600,177507037
-37,-11,-26,25088,177508296
-32,-10,-23,25088,177509554
-33,-11,-26,25088,177510812
-39,-9,-27,25600,177512070
-29,-11,-18,25600,177513328
-38,-8,-15,25600,177514586
-38,-5,-22,25600,177515844
-35,-5,-20,25088,177517102
-34,-9,-23,25088,177518360
-37,-10,-22,25088,177519607
-37,-10,-18,25600,177520864
-38,-9,-22,25088,177522121
-36,-11,-16,25088,177523378
-34,-9,-18,25088,177524635
-37,-8,-21,25600,177525892
-37,-11,-24,25600,177527149
-42,-13,-17,25088,177528406
-37,-14,-20,25088,177529660
-36,-14,-18,25088,177530914
-38,-11,-21,25600,177532168
-31,-12,-14,25088,177533422
-33,-9,-29,25600,177534676
-35,-11,-24,25600,177535930
-38,-10,-24,25600,177537184
-35,-9,-19,25088,177538438
-37,-9,-21,25600,177539692
-36,-10,-22,25600,177540946
-42,-10,-19,25088,177542200
-37,-13,-12,25600,177543454
-33,-10,-25,25088,177544708
-31,-10,-20,25088,177545962
-34,-8,-19,25088,177547216
-37,-8,-23,25600,177548470
-36,-10,-23,25088,177549703
-36,-7,-20,25600,177550936
-37,-5,-20,25088,177552169
-38,-8,-19,25088,177553402
-34,-9,-21,25088,177554654
-35,-9,-23,25088,177555906
-38,-14,-23,25088,177557158
-38,-12,-20,25088,177558410
-37,-14,-25,25088,177559661
-34,-14,-27,25088,177560912
-33,-12,-25,25088,177562163
-30,-10,-18,25088,177563414
-34,-15,-21,25088,177564665
-35,-12,-22,25600,177565916
-37,-13,-20,25600,177567167
-32,-13,-24,25088,177568418
-37,-11,-25,25600,177569646
-37,-12,-18,25600,177570874
-40,-8,-15,25088,177572102
-37,-16,-21,25088,177573330
-35,-9,-23,25088,177574558
-38,-9,-26,25088,177575786
-38,-10,-24,25600,177577014
-41,-9,-22,25600,177578242
-38,-12,-22,25088,177579470
-36,-14,-22,25088,177580709
-36,-10,-24,25600,177581948
-36,-10,-20,25600,177583187
-31,-15,-25,25088,177584426
-37,-11,-27,25600,177585665
-36,-13,-28,25088,177586892
-35,-11,-18,25088,177588119
-36,-10,-11,25088,177589346
-40,-12,-20,25600,177590572
-44,-10,-9,25600,177591798
-42,-12,-10,25088,177593024
-38,-13,-23,25088,177594250
-40,-9,-25,25600,177595476
-38,-11,-25,25600,177596702
-34,-13,-27,25088,177597928
-35,-14,-22,25088,177599154
-35,-13,-21,25088,177600379
-29,-15,-19,25088,177601604
-35,-13,-22,25088,177602829
-33,-11,-26,25600,177604054
-35,-8,-27,25600,177605279
-36,-15,-23,25088,177606504
-38,-16,-19,25600,177607729
-40,-11,-18,25088,177608954
-41,-10,-21,25088,177610173
-36,-8,-10,25600,177611392
-39,-13,-12,25088,177612611
-35,-12,-21,25088,177613835
-38,-11,-27,25088,177615059
-34,-12,-17,25088,177616283
-36,-14,-21,25600,177617507
-34,-10,-21,25088,177618731
-36,-7,-22,25088,177619957
-32,-9,-19,25088,177621183
-34,-9,-26,25088,177622409
-33,-11,-20,25088,177623635
-36,-11,-15,25088,177624861
-38,-12,-23,25600,177626087
-34,-10,-26,25600,177627313
-36,-11,-20,25600,177628539
-36,-14,-18,25088,177629764
-31,-13,-19,25600,177630989
-42,-11,-22,25088,177632214
-36,-9,-30,25088,177633439
-29,-10,-28,25088,177634664
-32,-11,-25,25088,177635889
-34,-12,-21,25088,177637114
-33,-10,-20,25600,177638339
-36,-10,-24,25600,177639580
-33,-10,-29,25600,177640821
-39,-9,-14,25088,177642062
-37,-12,-22,25088,177643303
-34,-11,-26,25600,177644544
-32,-11,-15,25088,177645772
-37,-14,-14,25600,177647000
-36,-10,-18,25088,177648228
-34,-9,-15,25088,177649455
-34,-12,-14,25088,177650682
-33,-13,-24,25088,177651909
-33,-9,-24,25088,177653141
-34,-8,-25,25088,177654373
-37,-10,-35,25600,177655605
-35,-9,-23,25088,177656837
-36,-10,-19,25088,177658069
-37,-9,-24,25088,177659305
-28,-14,-27,25088,177660541
-38,-11,-18,25088,177661777
-36,-9,-15,25088,177663013
-33,-14,-18,25088,177664249
-36,-16,-21,25088,177665485
-34,-10,-17,25088,177666721
-35,-12,-18,25088,177667957
-35,-16,-22,25088,177669196
-32,-13,-22,25088,177670435
-44,-11,-10,25600,177671674
-37,-9,-29,25088,177672913
-36,-11,-27,25088,177674152
-36,-13,-18,25088,177675391
-39,-12,-15,25600,177676630
-39,-13,-22,25088,177677869
-36,-13,-26,25088,177679124
-35,-16,-20,25600,177680379
-40,-10,-15,25088,177681634
-31,-13,-32,25088,177682889
-33,-10,-21,25600,177684144
-32,-15,-19,25088,177685389
-30,-13,-19,25600,177686634
-35,-12,-24,25600,177687879
-33,-9,-19,25088,177689128
-33,-12,-22,25088,177690377
-41,-10,-18,25088,177691626
-32,-14,-16,25088,177692875
-34,-12,-16,25600,177694124
-31,-9,-15,25088,177695373
-35,-13,-18,25088,177696622
-34,-10,-21,25088,177697871
-34,-11,-22,25088,177699120
-28,-11,-30,25088,177700369
-40,-8,-6,25088,177701618
-26,-13,-26,25088,177702867
-33,-11,-19,25088,177704116
-31,-12,-16,25088,177705365
-27,-14,-18,25088,177706614
-33,-15,-21,25088,177707863
-35,-13,-23,25600,177709117
-35,-12,-23,25088,177710371
-46,-9,-14,25088,177711625
-36,-12,-31,25088,177712877
-38,-15,-22,25088,177714129
-39,-11,-9,25088,177715381
-38,-11,-24,25088,177716633
-33,-10,-24,25088,177717885
-35,-13,-22,25088,177719139
-28,-11,-24,25600,177720393
-35,-12,-12,25088,177721647
-29,-11,-30,25088,177722901
-34,-10,-29,25088,177724155
-35,-6,-18,25088,177725409
-34,-5,-19,25088,177726663
-37,-6,-24,25088,177727917
-36,-12,-21,25600,177729172
-35,-10,-15,25088,177730427
-41,-10,-14,25088,177731682
-36,-13,-32,25088,177732937
-40,-15,-11,25088,177734192
-38,-17,-11,25600,177735447
-35,-14,-25,25088,177736702
-37,-8,-30,25088,177737957
-30,-10,-23,25088,177739209
-28,-12,-30,25088,177740461
-37,-9,-14,25600,177741713
-31,-16,-31,25088,177742965
-34,-14,-26,25088,177744217
-32,-14,-22,25088,177745469
-32,-14,-25,25600,177746727
-27,-15,-26,25088,177747985
-43,-9,-11,25600,177749241
-34,-9,-18,25088,177750497
-39,-11,-15,25088,177751753
-36,-15,-15,25088,177753011
-37,-14,-15,25088,177754269
-45,-13,-6,25088,177755527
-37,-15,-27,25088,177756785
-36,-13,-26,25600,177758043
-33,-13,-22,25600,177759302
-33,-13,-29,25088,177760561
-39,-7,-19,25600,177761820
-32,-10,-33,25600,177763079
-29,-9,-20,25088,177764338
-29,-13,-21,25088,177765597
-30,-13,-26,25600,177766856
-31,-14,-26,25600,177768115
-37,-15,-25,25088,177769373
-35,-10,-24,25088,177770631
-39,-7,-20,25088,177771889
-32,-12,-23,25600,177773147
-31,-11,-18,25088,177774405
-36,-13,-19,25088,177775663
-35,-13,-20,25088,177776921
-34,-12,-21,25088,177778179
-33,-16,-23,25600,177779425
-29,-14,-24,25088,177780672
-34,-9,-24,25088,177781919
-30,-12,-23,25600,177783166
-33,-10,-18,25088,177784413
-36,-10,-20,25088,177785660
-33,-12,-26,25088,177786918
-32,-11,-21,25600,177788176
-46,-15,-19,25600,177789433
-32,-10,-21,25088,177790690
-34,-11,-28,25600,177791947
-33,-15,-32,25088,177793204
-35,-14,-14,25088,177794461
-36,-11,-19,25600,177795718
-33,-11,-29,25088,177796975
-33,-12,-24,25088,177798232
-34,-9,-20,25088,177799488
-32,-7,-19,25600,177800744
-32,-8,-29,25088,177802000
-26,-12,-22,25088,177803256
-32,-11,-18,25600,177804512
-31,-13,-18,25088,177805768
-32,-12,-24,25088,177807024
-36,-13,-25,25600,177808280
-35,-16,-23,25600,177809533
-36,-11,-16,25600,177810786
-39,-8,-23,25088,177812039
-37,-10,-22,25088,177813293
-37,-10,-21,25088,177814547
-39,-12,-19,25088,177815801
-38,-13,-29,25600,177817055
-36,-16,-26,25088,177818309
-36,-14,-22,25088,177819543
-37,-11,-22,25600,177820796
-38,-12,-30,25088,177822049
-33,-11,-23,25088,177823302
-35,-6,-17,25088,177824555
-31,-11,-21,25600,177825808
-32,-13,-18,25088,177827061
-31,-13,-20,25600,177828314
-29,-13,-20,25088,177829565
-31,-12,-18,25088,177830816
-35,-11,-19,25088,177832067
-33,-13,-16,25088,177833318
-33,-10,-18,25088,177834569
-34,-7,-22,25088,177835820
-35,-9,-21,25600,177837071
-34,-13,-21,25600,177838322
-34,-13,-19,25088,177839563
-34,-11,-17,25088,177840804
-41,-10,-18,25088,177842045
-39,-12,-18,25088,177843286
-34,-16,-25,25088,177844527
-36,-14,-27,25088,177845768
-37,-14,-29,25088,177847020
-32,-13,-30,25088,177848272
-40,-11,-7,25088,177849520
-37,-14,-26,25088,177850768
-38,-12,-24,25600,177852016
-31,-16,-15,25088,177853266
-34,-11,-17,25088,177854516
-37,-12,-23,25088,177855766
-35,-11,-22,25600,177857016
-35,-11,-15,25088,177858266
-40,-14,-17,25088,177859516
-35,-12,-26,25600,177860766
-36,-8,-28,25600,177862016
-30,-13,-16,25600,177863266
-32,-12,-21,25088,177864516
-35,-11,-26,25600,177865766
-34,-7,-22,25088,177867016
-35,-7,-21,25600,177868266
-35,-8,-24,25600,177869490
-35,-9,-26,25600,177870714
-38,-7,-19,25088,177871938
-33,-11,-17,25600,177873162
-35,-16,-23,25088,177874386
-38,-9,-24,25088,177875610
-38,-9,-26,25600,177876834
-34,-11,-24,25600,177878058
-35,-13,-21,25088,177879282
-35,-13,-21,25088,177880522
-33,-9,-23,25088,177881762
-38,-13,-21,25088,177883002
-34,-10,-22,25600,177884242
-33,-8,-21,25088,177885482
-34,-7,-27,25088,177886706
-32,-5,-26,25088,177887930
-36,-7,-19,25600,177889154
-28,-8,-32,25600,177890378
-34,-5,-20,25600,177891602
-36,-7,-14,25600,177892826
-36,-7,-23,25088,177894050
-37,-6,-23,25088,177895274
-37,-8,-16,25600,177896498
-34,-10,-12,25088,177897722
-40,-12,-19,25600,177898946
-38,-11,-24,25088,177900171
-37,-9,-17,25600,177901396
-39,-9,-21,25600,177902621
-34,-12,-21,25600,177903846
-29,-11,-25,25088,177905071
-28,-13,-30,25088,177906296
-30,-9,-24,25088,177907521
-32,-9,-21,25088,177908746
-33,-9,-22,25088,177909969
-36,-5,-21,25600,177911192
-38,-8,-20,25600,177912415
-34,-9,-16,25600,177913642
-38,-12,-26,25600,177914869
-38,-9,-20,25088,177916096
-33,-7,-23,25088,177917323
-32,-10,-19,25088,177918550
-31,-12,-20,25088,177919778
-31,-7,-19,25088,177921006
-32,-5,-21,25088,177922234
-28,-6,-22,25088,177923462
-31,-7,-25,25088,177924690
-34,-6,-27,25088,177925918
-28,-9,-26,25088,177927146
-31,-8,-22,25600,177928374
-33,-4,-21,25600,177929601
-31,-4,-17,25088,177930828
-35,-7,-19,25088,177932055
-31,-13,-22,25088,177933282
-31,-10,-27,25088,177934509
-33,-8,-23,25088,177935736
-36,-7,-18,25088,177936963
-35,-8,-22,25088,177938190
-34,-6,-22,25600,177939435
-32,-2,-26,25088,177940680
-35,-4,-27,25088,177941925
-25,-6,-29,25088,177943170
-24,-7,-30,25088,177944415
-27,-5,-22,25088,177945647
-27,-8,-20,25088,177946879
-30,-7,-26,25088,177948111
-30,-8,-15,25088,177949342
-37,-6,-11,25088,177950573
-38,-9,-26,25600,177951804
-36,-11,-19,25088,177953040
-37,-12,-7,25088,177954276
-38,-11,-16,25600,177955512
-37,-8,-22,25088,177956748
-36,-10,-17,25088,177957984
-33,-9,-26,25600,177959224
-30,-9,-21,25088,177960464
-37,-7,-24,25088,177961704
-31,-7,-26,25088,177962944
-31,-9,-23,25088,177964184
-28,-9,-22,25088,177965424
-29,-9,-18,25088,177966664
-32,-10,-14,25088,177967904
-27,-9,-25,25600,177969147
-26,-11,-25,25088,177970390
-37,-3,-11,25088,177971633
-34,-8,-25,25088,177972876
-36,-8,-22,25088,177974119
-31,-7,-21,25088,177975362
-32,-8,-17,25600,177976605
-35,-8,-23,25088,177977848
-31,-7,-21,25088,177979107
-31,-8,-24,25600,177980366
-39,-4,-10,25088,177981625
-31,-8,-29,25088,177982884
-32,-9,-31,25088,177984143
-37,-7,-21,25600,177985391
-34,-10,-23,25600,177986639
-33,-4,-24,25600,177987887
-31,-9,-20,25088,177989139
-26,-11,-22,25600,177990391
-35,-6,-26,25088,177991643
-32,-7,-21,25600,177992895
-32,-9,-26,25088,177994147
-36,-6,-23,25088,177995399
-35,-6,-24,25088,177996651
-34,-6,-21,25088,177997903
-32,-6,-20,25088,177999154
-27,-6,-30,25088,178000405
-39,-6,-10,25088,178001656
-34,-6,-29,25088,178002907
-33,-9,-20,25088,178004158
-34,-7,-15,25088,178005409
-35,-7,-24,25088,178006660
-37,-5,-29,25088,178007911
-34,-5,-26,25600,178009161
-28,-7,-25,25088,178010411
-38,-6,-10,25600,178011661
-34,-12,-30,25088,178012915
-30,-13,-21,25088,178014169
-36,-10,-14,25088,178015423
-33,-7,-16,25600,178016677
-30,-7,-29,25600,178017931
-30,-6,-30,25088,178019186
-28,-7,-21,25088,178020441
-37,-5,-14,25088,178021696
-35,-11,-28,25600,178022951
-34,-12,-30,25088,178024206
-34,-9,-17,25600,178025461
-33,-7,-16,25088,178026716
-32,-5,-24,25600,178027971
-28,-5,-25,25600,178029227
-30,-6,-22,25088,178030483
-37,-5,-16,25088,178031739
-35,-10,-33,25600,178032995
-34,-7,-22,25088,178034251
-30,-3,-20,25088,178035507
-32,-7,-24,25600,178036763
-37,-10,-21,25088,178038019
-35,-8,-21,25600,178039266
-29,-12,-30,25088,178040513
-36,-7,-17,25088,178041760
-29,-9,-34,25600,178043007
-30,-6,-22,25600,178044254
-31,-10,-19,25088,178045501
-33,-10,-19,25600,178046759
-36,-6,-23,25088,178048017
-37,-9,-30,25600,178049272
-39,-5,-30,25088,178050527
-37,-9,-20,25088,178051782
-35,-7,-28,25088,178053039
-29,-8,-30,25088,178054296
-40,-6,-10,25088,178055553
-31,-13,-23,25088,178056810
-35,-10,-30,25088,178058067
-37,-7,-22,25088,178059325
-33,-11,-28,25600,178060583
-35,-10,-16,25600,178061841
-32,-8,-28,25600,178063099
-34,-8,-19,25600,178064357
-32,-8,-20,25088,178065615
-35,-8,-27,25088,178066873
-34,-8,-34,25088,178068131
-31,-7,-24,25600,178069388
-30,-5,-22,25600,178070645
-38,-2,-20,25600,178071902
-33,-10,-21,25088,178073159
-32,-9,-17,25088,178074416
-28,-8,-24,25088,178075673
-33,-6,-26,25600,178076930
-31,-7,-31,25088,178078187
-31,-9,-25,25600,178079432
-32,-7,-23,25600,178080677
-35,-5,-31,25088,178081922
-32,-8,-30,25088,178083167
-33,-6,-20,25088,178084412
-32,-3,-23,25600,178085657
-35,-8,-28,25088,178086914
-28,-8,-28,25088,178088171
-34,-6,-27,25088,178089428
-33,-5,-26,25600,178090685
-37,-4,-25,25600,178091942
-39,-8,-30,25088,178093199
-40,-3,-18,25600,178094456
-35,-4,-14,25088,178095713
-38,-7,-28,25600,178096970
-33,-9,-28,25088,178098227
-34,-8,-22,25600,178099482
-35,-9,-26,25088,178100737
-35,-4,-32,25088,178101992
-31,-8,-26,25088,178103247
-30,-6,-24,25600,178104502
-32,-6,-23,25600,178105757
-33,-8,-31,25088,178107012
-33,-7,-29,25088,178108267
-39,-8,-23,25088,178109519
-38,-6,-25,25088,178110771
-38,-3,-29,25600,178112023
-32,-10,-27,25088,178113277
-36,-12,-23,25600,178114531
-40,-8,-25,25088,178115785
-31,-8,-35,25088,178117039
-31,-12,-29,25088,178118293
-34,-5,-26,25088,178119526
-31,-7,-30,25600,178120778
-31,-6,-31,25088,178122030
-30,-9,-23,25088,178123282
-33,-7,-18,25088,178124534
-37,-7,-24,25600,178125786
-39,-10,-30,25600,178127038
-31,-5,-30,25600,178128290
-34,-5,-26,25088,178129541
-34,-4,-20,25088,178130792
-35,-2,-21,25088,178132043
-34,-7,-19,25600,178133294
-33,-8,-21,25088,178134545
-30,-6,-29,25088,178135796
-30,-5,-29,25088,178137047
-32,-3,-29,25088,178138298
-35,-7,-25,25088,178139539
-34,-8,-24,25600,178140780
-35,-6,-27,25600,178142021
-34,-8,-22,25600,178143262
-35,-8,-25,25088,178144503
-33,-7,-28,25088,178145744
-33,-8,-29,25088,178146996
-29,-11,-31,25088,178148248
-39,-7,-16,25088,178149496
-33,-4,-26,25600,178150744
-33,-6,-30,25600,178151992
-36,-6,-10,25088,178153242
-37,-6,-19,25088,178154492
-34,-7,-25,25088,178155742
-32,-10,-22,25088,178156992
-32,-12,-25,25088,178158242
-34,-9,-24,25088,178159492
-38,-8,-28,25088,178160742
-39,-6,-25,25088,178161992
-34,-7,-18,25088,178163242
-34,-6,-28,25600,178164492
-39,-5,-26,25600,178165742
-36,-8,-26,25088,178166992
-37,-7,-27,25088,178168242
-38,-5,-28,25600,178169466
-32,-6,-27,25088,178170690
-33,-4,-26,25088,178171914
-33,-9,-25,25600,178173138
-29,-10,-26,25088,178174362
-31,-9,-30,25088,178175586
-30,-5,-29,25600,178176810
-32,-8,-28,25600,178178034
-29,-4,-22,25088,178179258
-29,-5,-20,25600,178180498
-29,-4,-20,25088,178181738
-36,-7,-19,25600,178182978
-35,-10,-22,25600,178184218
-31,-5,-23,25600,178185458
-36,-2,-29,25088,178186682
-40,-4,-23,25088,178187906
-35,-4,-20,25088,178189130
-33,-7,-29,25600,178190354
-35,-3,-25,25088,178191578
-34,-8,-23,25088,178192802
-30,-9,-28,25088,178194026
-33,-12,-31,25600,178195250
-32,-6,-24,25088,178196474
-33,-7,-24,25088,178197698
-33,-9,-29,25600,178198922
-34,-9,-25,25600,178200147
-32,-5,-22,25600,178201372
-36,-6,-19,25088,178202597
-34,-7,-17,25600,178203822
-35,-9,-22,25088,178205047
-38,-7,-22,25088,178206272
-37,-5,-20,25600,178207497
-33,-8,-18,25088,178208722
-34,-6,-22,25088,178209950
-31,-8,-23,25088,178211178
-30,-7,-23,25088,178212406
-30,-12,-23,25088,178213633
-35,-9,-21,25600,178214860
-41,-7,-25,25088,178216087
-38,-6,-26,25600,178217314
-34,-9,-22,25600,178218541
-33,-5,-33,25600,178219770
-38,-2,-30,25600,178220999
-37,-7,-26,25600,178222228
-37,-6,-28,25088,178223457
-38,-7,-28,25088,178224686
-36,-6,-24,25600,178225915
-30,-7,-26,25088,178227144
-32,-8,-22,25088,178228373
-35,-6,-17,25600,178229601
-32,-5,-22,25088,178230829
-40,-7,-22,25600,178232057
-33,-4,-19,25088,178233285
-33,-5,-21,25600,178234513
-35,-3,-18,25600,178235741
-35,-8,-16,25088,178236969
-38,-9,-15,25600,178238197
-35,-8,-18,25600,178239446
-36,-6,-17,25600,178240695
-42,-8,-20,25600,178241944
-37,-9,-31,25600,178243193
-41,-9,-34,25600,178244442
-34,-11,-34,25600,178245674
-34,-9,-28,25600,178246906
-34,-5,-26,25088,178248138
-33,-6,-22,25088,178249369
-30,-8,-24,25088,178250600
-34,-6,-31,25088,178251831
-32,-4,-22,25088,178253067
-35,-3,-23,25600,178254303
-32,-6,-30,25600,178255539
-36,-4,-22,25088,178256775
-37,0,-21,25088,178258011
-34,-6,-29,25088,178259252
-33,-9,-24,25088,178260493
-39,-5,-21,25088,178261734
-33,-5,-15,25088,178262975
-38,-8,-22,25088,178264216
-39,-7,-25,25600,178265457
-38,-5,-22,25600,178266698
-34,-7,-19,25600,178267939
-39,-7,-25,25088,178269182
-31,-7,-29,25088,178270425
-42,-5,-18,25088,178271668
-33,-7,-30,25088,178272911
-35,-7,-30,25088,178274154
-36,-5,-21,25088,178275397
-32,-7,-19,25088,178276640
-31,-9,-30,25088,178277883
-31,-6,-31,25088,178279142
-30,-5,-29,25600,178280401
-38,-6,-22,25088,178281660
-31,-9,-35,25088,178282919
-33,-6,-36,25600,178284178
-33,-8,-27,25088,178285426
-33,-12,-17,25088,178286674
-37,-8,-23,25088,178287922
-37,-8,-19,25088,178289173
-32,-9,-24,25600,178290424
-37,-8,-24,25088,178291675
-39,-7,-28,25088,178292926
-37,-8,-34,25088,178294177
-38,-12,-33,25088,178295428
-39,-6,-25,25600,178296679
-33,-8,-28,25088,178297930
-33,-9,-31,25088,178299181
-33,-10,-30,25088,178300432
-43,-5,-18,25088,178301683
-35,-7,-36,25088,178302934
-35,-5,-31,25088,178304185
-35,-7,-26,25600,178305436
-37,-8,-22,25600,178306687
-35,-6,-25,25088,178307938
-32,-5,-26,25088,178309192
-29,-5,-26,25088,178310446
-39,-2,-13,25088,178311700
-34,-8,-28,25088,178312953
-36,-5,-24,25600,178314206
-42,-3,-9,25600,178315459
-35,-7,-23,25088,178316712
-34,-7,-25,25600,178317965
-32,-5,-22,25088,178319210
-30,-6,-19,25088,178320468
-43,-4,-14,25088,178321726
-36,-7,-29,25088,178322984
-38,-11,-33,25088,178324242
-38,-10,-28,25088,178325500
-38,-8,-24,25600,178326758
-35,-5,-31,25088,178328016
-32,-9,-28,25088,178329273
-34,-11,-29,25600,178330530
-40,-10,-19,25088,178331787
-33,-10,-33,25600,178333044
-37,-9,-17,25600,178334301
-36,-10,-21,25600,178335558
-33,-10,-24,25088,178336815
-35,-8,-32,25088,178338072
-35,-12,-30,25600,178339323
-34,-5,-26,25600,178340574
-41,-5,-18,25088,178341825
-36,-5,-30,25600,178343076
-34,-7,-27,25088,178344327
-36,-7,-21,25600,178345578
-38,-5,-23,25600,178346835
-33,-5,-31,25088,178348092
-37,-5,-26,25600,178349347
-32,-5,-29,25600,178350602
-39,-4,-26,25600,178351857
-33,-9,-32,25088,178353115
-32,-6,-31,25600,178354373
-37,-6,-20,25088,178355631
-29,-7,-29,25088,178356889
-28,-11,-28,25088,178358147
-28,-10,-22,25600,178359404
-34,-10,-21,25088,178360661
-42,-6,-17,25600,178361918
-39,-7,-32,25088,178363175
-40,-4,-23,25600,178364432
-38,-6,-21,25088,178365689
-37,-8,-28,25088,178366946
-35,-6,-26,25600,178368203
-36,-6,-24,25088,178369460
-36,-9,-30,25088,178370717
-35,-5,-27,25088,178371974
-31,-4,-33,25600,178373231
-35,-6,-21,25088,178374488
-34,-8,-25,25600,178375745
-35,-9,-28,25088,178377002
-32,-8,-28,25088,178378259
-36,-11,-21,25088,178379503
-35,-10,-22,25600,178380749
-39,-2,-23,25600,178381995
-33,-8,-20,25088,178383241
-31,-7,-14,25088,178384487
-34,-8,-16,25600,178385733
-40,-10,-26,25088,178386989
-32,-11,-26,25600,178388245
-36,-9,-19,25088,178389499
-36,-10,-26,25088,178390753
-40,-9,-23,25088,178392007
-35,-7,-28,25088,178393261
-36,-6,-15,25088,178394515
-37,-5,-21,25600,178395769
-37,-9,-30,25600,178397023
-34,-9,-23,25600,178398277
-33,-10,-25,25088,178399530
-35,-9,-26,25088,178400783
-39,-6,-31,25600,178402036
-34,-12,-20,25088,178403289
-35,-12,-18,25088,178404542
-35,-11,-24,25088,178405795
-37,-10,-26,25088,178407048
-36,-9,-25,25088,178408301
-38,-8,-27,25088,178409555
-32,-11,-20,25088,178410809
-37,-9,-19,25088,178412063
-31,-11,-20,25088,178413315
-34,-9,-20,25088,178414567
-36,-5,-26,25088,178415819
-35,-10,-25,25600,178417071
-37,-9,-19,25088,178418323
-33,-7,-21,25088,178419560
-37,-8,-22,25088,178420810
-39,-3,-29,25088,178422060
-34,-6,-29,25088,178423310
-38,-5,-20,25088,178424560
-36,-6,-26,25088,178425810
-39,-7,-29,25088,178427060
-35,-9,-28,25088,178428310
-34,-8,-26,25088,178429559
-32,-8,-23,25088,178430808
-37,-4,-30,25600,178432057
-34,-8,-20,25088,178433306
-34,-10,-17,25600,178434555
-36,-12,-25,25600,178435804
-32,-10,-21,25088,178437053
-37,-13,-14,25088,178438302
-38,-13,-18,25600,178439547
-37,-10,-23,25088,178440792
-40,-8,-23,25088,178442037
-35,-10,-20,25088,178443282
-35,-6,-23,25088,178444527
-34,-6,-28,25600,178445772
-39,-10,-27,25088,178447023
-39,-3,-27,25088,178448274
-41,-3,-22,25088,178449522
-37,-11,-29,25088,178450770
-36,-13,-18,25088,178452018
-37,-15,-14,25600,178453267
-38,-11,-21,25600,178454516
-39,-8,-28,25600,178455765
-36,-9,-24,25088,178457014
-39,-9,-20,25600,178458263
-37,-6,-23,25088,178459512
-34,-7,-26,25088,178460761
-38,-4,-23,25088,178462010
-31,-8,-18,25088,178463259
-35,-6,-21,25088,178464508
-35,-9,-20,25088,178465757
-39,-10,-21,25088,178467006
-36,-9,-27,25088,178468255
-37,-9,-23,25088,178469504
-35,-6,-23,25088,178470753
-39,-5,-21,25088,178472002
-39,-11,-22,25600,178473251
-37,-14,-27,25600,178474500
-37,-10,-26,25600,178475749
-36,-10,-23,25600,178476998
-37,-12,-22,25600,178478247
-35,-13,-26,25600,178479484
-36,-7,-23,25600,178480722
-37,-5,-22,25088,178481960
-37,-9,-28,25088,178483198
-33,-9,-27,25088,178484436
-37,-9,-23,25088,178485674
-39,-9,-23,25088,178486893
-38,-10,-25,25088,178488112
-44,-9,-9,25088,178489331
-38,-4,-31,25600,178490552
-38,-2,-22,25088,178491773
-39,-4,-12,25600,178492994
-35,-8,-26,25600,178494215
-33,-10,-24,25600,178495436
-37,-4,-24,25600,178496657
-36,-7,-28,25088,178497878
-33,-6,-25,25600,178499099
-35,-5,-21,25600,178500323
-33,-4,-21,25088,178501547
-34,-5,-22,25088,178502771
-33,-10,-22,25088,178503995
-39,-11,-22,25600,178505219
-36,-7,-25,25088,178506443
-39,-10,-24,25088,178507667
-36,-11,-20,25088,178508891
-35,-6,-21,25088,178510116
-32,-7,-17,25600,178511341
-35,-7,-22,25088,178512566
-38,-9,-28,25088,178513791
-39,-11,-22,25088,178515016
-35,-9,-25,25088,178516241
-34,-13,-24,25600,178517466
-31,-15,-17,25088,178518691
-35,-14,-22,25088,178519916
-36,-11,-23,25088,178521141
-37,-13,-22,25088,178522366
-34,-7,-16,25600,178523591
-38,-8,-21,25600,178524816
-37,-11,-23,25600,178526041
-37,-7,-22,25600,178527266
-37,-11,-27,25600,178528491
-41,-10,-19,25088,178529716
-32,-12,-27,25088,178530941
-37,-9,-24,25088,178532166
-32,-9,-26,25088,178533391
-33,-6,-30,25088,178534616
-29,-9,-28,25088,178535841
-30,-9,-24,25600,178537066
-30,-9,-21,25088,178538291
-35,-9,-22,25088,178539536
-34,-7,-21,25088,178540781
-42,-7,-19,25600,178542026
-36,-8,-24,25088,178543271
-36,-9,-32,25088,178544516
-35,-8,-27,25088,178545744
-36,-11,-19,25088,178546972
-39,-7,-23,25088,178548200
-34,-13,-16,25088,178549427
-33,-9,-21,25088,178550654
-37,-10,-29,25088,178551881
-32,-11,-23,25088,178553114
-35,-12,-21,25600,178554347
-28,-14,-27,25088,178555580
-32,-12,-26,25088,178556813
-34,-12,-20,25088,178558046
-40,-10,-20,25600,178559283
-35,-12,-22,25600,178560520
-41,-10,-18,25600,178561757
-40,-9,-17,25088,178562994
-41,-10,-22,25600,178564231
-39,-7,-25,25600,178565468
-37,-8,-21,25088,178566705
-36,-8,-22,25088,178567942
-35,-7,-23,25088,178569182
-29,-10,-25,25600,178570422
-38,-9,-16,25088,178571662
-32,-8,-25,25088,178572902
-35,-8,-27,25088,178574142
-38,-9,-27,25600,178575382
-38,-8,-17,25600,178576622
-39,-11,-16,25088,178577862
-36,-9,-20,25088,178579100
-28,-9,-20,25088,178580338
-46,-7,-14,25088,178581576
-41,-15,-28,25088,178582814
-37,-14,-30,25088,178584052
-35,-11,-18,25600,178585290
-36,-16,-16,25088,178586536
-36,-15,-23,25088,178587782
-37,-14,-30,25088,178589032
-33,-11,-23,25600,178590282
-39,-12,-20,25600,178591532
-37,-10,-22,25600,178592782
-37,-9,-22,25600,178594032
-35,-7,-19,25088,178595282
-35,-6,-23,25088,178596532
-36,-11,-22,25600,178597782
-33,-10,-23,25088,178599031
-31,-9,-20,25600,178600280
-41,-9,-9,25088,178601529
-36,-13,-35,25088,178602778
-36,-11,-28,25600,178604027
-40,-8,-15,25600,178605276
-43,-8,-18,25600,178606525
-36,-12,-24,25600,178607774
-36,-10,-24,25600,178609027
-31,-8,-23,25088,178610280
-42,-5,-16,25600,178611533
-32,-13,-33,25088,178612785
-30,-12,-23,25088,178614037
-38,-10,-20,25600,178615289
-40,-13,-18,25088,178616541
-40,-12,-27,25600,178617793
-37,-7,-24,25088,178619047
-34,-13,-22,25600,178620301
-43,-9,-14,25600,178621555
-35,-13,-31,25088,178622809
-38,-12,-27,25600,178624063
-37,-13,-22,25600,178625317
-35,-13,-23,25088,178626571
-36,-14,-29,25088,178627825
-36,-12,-25,25088,178629080
-35,-12,-22,25600,178630335
-42,-10,-17,25088,178631590
-35,-13,-36,25600,178632845
-36,-13,-28,25088,178634100
-32,-12,-17,25088,178635355
-32,-10,-20,25600,178636610
-37,-8,-22,25088,178637865
-34,-7,-24,25088,178639116
-32,-11,-28,25088,178640367
-40,-11,-10,25088,178641618
-29,-12,-27,25088,178642869
-37,-11,-16,25088,178644120
-40,-7,-11,25600,178645371
-34,-11,-22,25088,178646629
-31,-9,-22,25088,178647887
-41,-7,-15,25600,178649145
-37,-12,-22,25088,178650403
-38,-10,-23,25088,178651661
-38,-12,-24,25088,178652920
-35,-10,-23,25088,178654179
-37,-8,-14,25088,178655438
-36,-15,-34,25088,178656697
-38,-12,-29,25088,178657956
-37,-9,-22,25088,178659215
-35,-11,-22,25088,178660474
-35,-9,-17,25088,178661733
-36,-9,-30,25600,178662992
-36,-5,-18,25088,178664251
-38,-5,-8,25088,178665510
-39,-9,-20,25600,178666769
-38,-9,-23,25088,178668028
-39,-9,-18,25600,178669288
-39,-10,-17,25088,178670548
-40,-9,-19,25088,178671808
-36,-9,-25,25088,178673068
-35,-9,-16,25600,178674328
-34,-16,-25,25088,178675588
-35,-12,-27,25088,178676848
-36,-8,-28,25088,178678108
-34,-8,-24,25088,178679356
-31,-8,-30,25088,178680605
-39,-6,-27,25600,178681854
-36,-8,-25,25600,178683103
-41,-8,-22,25088,178684352
-38,-8,-21,25600,178685601
-39,-10,-25,25600,178686863
-38,-9,-19,25088,178688125
-42,-9,-22,25088,178689384
-38,-12,-20,25088,178690643
-39,-14,-25,25088,178691902
-36,-9,-29,25600,178693161
-38,-12,-16,25088,178694420
-35,-9,-19,25088,178695679
-34,-12,-31,25088,178696938
-34,-13,-25,25088,178698197
-35,-10,-21,25600,178699454
-35,-10,-26,25088,178700711
-39,-8,-24,25088,178701968
-32,-12,-20,25600,178703225
-40,-9,-16,25088,178704482
-34,-7,-21,25600,178705739
-35,-10,-27,25088,178706996
-38,-10,-26,25088,178708253
-38,-12,-26,25088,178709511
-39,-13,-29,25088,178710769
-40,-13,-28,25600,178712027
-31,-13,-22,25600,178713283
-32,-10,-20,25088,178714539
-31,-9,-28,25088,178715795
-36,-10,-31,25088,178717051
-36,-8,-20,25088,178718307
-38,-6,-21,25088,178719543
-37,-9,-19,25088,178720797
-39,-8,-21,25088,178722051
-36,-11,-14,25600,178723305
-36,-10,-8,25088,178724559
-35,-12,-20,25088,178725813
-38,-10,-25,25088,178727067
-36,-13,-24,25088,178728321
-36,-11,-28,25600,178729574
-37,-11,-24,25600,178730827
-34,-10,-31,25088,178732080
-35,-14,-21,25088,178733333
-40,-11,-22,25088,178734586
-35,-10,-30,25600,178735839
-37,-13,-26,25088,178737092
-34,-10,-22,25600,178738345
-34,-9,-23,25088,178739592
-34,-11,-23,25600,178740839
-42,-12,-23,25600,178742086
-37,-12,-18,25088,178743333
-39,-11,-19,25088,178744580
-37,-11,-20,25088,178745827
-38,-12,-20,25088,178747080
-35,-9,-15,25088,178748333
-40,-9,-7,25600,178749586
-31,-10,-26,25088,178750839
-33,-10,-19,25088,178752092
-32,-12,-18,25600,178753343
-34,-10,-25,25600,178754594
-36,-9,-33,25088,178755845
-37,-10,-21,25600,178757096
-36,-10,-19,25088,178758347
-37,-7,-21,25088,178759597
-35,-8,-28,25088,178760847
-38,-10,-30,25600,178762097
-33,-11,-16,25600,178763347
-37,-15,-20,25600,178764597
-34,-13,-29,25088,178765847
-36,-12,-18,25088,178767097
-36,-8,-19,25088,178768347
-35,-9,-24,25088,178769597
-34,-15,-19,25088,178770847
-39,-13,-21,25088,178772097
-38,-13,-10,25088,178773347
-33,-10,-13,25088,178774597
-36,-14,-18,25088,178775847
-36,-12,-25,25600,178777097
-39,-13,-17,25088,178778347
-39,-9,-12,25600,178779584
-41,-15,-16,25600,178780822
-36,-12,-21,25088,178782060
-40,-9,-21,25088,178783298
-36,-10,-23,25088,178784536
-33,-13,-25,25088,178785774
-35,-11,-28,25088,178786992
-38,-11,-26,25088,178788210
-40,-9,-12,25600,178789428
-37,-10,-35,25600,178790648
-37,-5,-29,25600,178791868
-37,-9,-13,25600,178793088
-37,-15,-21,25088,178794308
-36,-16,-23,25088,178795528
-35,-11,-23,25600,178796748
-33,-11,-22,25088,178797968
-33,-11,-21,25600,178799188
-38,-11,-19,25600,178800410
-36,-9,-14,25088,178801632
-37,-9,-20,25088,178802854
-34,-10,-14,25088,178804076
-34,-12,-15,25088,178805298
-32,-15,-20,25088,178806520
-33,-13,-20,25088,178807742
-35,-9,-19,25088,178808964
-38,-11,-19,25600,178810209
-41,-11,-19,25088,178811454
-44,-13,-24,25088,178812677
-42,-13,-28,25088,178813900
-38,-6,-28,25088,178815123
-35,-8,-27,25600,178816346
-32,-10,-31,25600,178817569
-30,-8,-26,25088,178818792
-33,-9,-21,25088,178820015
-32,-8,-25,25088,178821238
-30,-10,-25,25088,178822461
-33,-8,-24,25088,178823684
-33,-13,-25,25088,178824907
-36,-11,-25,25600,178826130
-35,-9,-17,25088,178827353
-37,-11,-14,25088,178828576
-38,-13,-15,25600,178829798
-39,-9,-12,25088,178831020
-45,-10,-13,25600,178832242
-38,-13,-19,25600,178833464
-38,-7,-23,25600,178834686
-36,-10,-27,25088,178835908
-33,-11,-22,25088,178837130
-31,-10,-23,25088,178838352
-33,-9,-22,25088,178839590
-29,-10,-24,25600,178840828
-36,-8,-22,25600,178842066
-32,-11,-30,25600,178843304
-36,-7,-30,25600,178844542
-32,-9,-26,25088,178845768
-34,-10,-20,25088,178846994
-40,-10,-19,25600,178848220
-38,-10,-16,25088,178849445
-34,-9,-12,25088,178850670
-37,-12,-19,25600,178851895
-35,-13,-14,25600,178853126
-35,-15,-15,25600,178854357
-32,-18,-22,25600,178855588
-33,-14,-25,25088,178856819
-36,-13,-21,25088,178858050
-32,-13,-25,25088,178859285
-32,-12,-23,25600,178860520
-34,-12,-20,25088,178861755
-32,-10,-22,25600,178862990
-35,-10,-27,25088,178864225
-38,-9,-29,25088,178865460
-37,-10,-22,25600,178866695
-34,-9,-18,25088,178867930
-33,-9,-24,25088,178869168
-30,-11,-25,25600,178870406
-41,-5,-20,25600,178871644
-30,-12,-32,25600,178872882
-36,-10,-28,25600,178874120
-34,-11,-25,25088,178875358
-33,-12,-22,25088,178876596
-31,-9,-22,25600,178877834
-29,-6,-27,25088,178879088
-26,-6,-23,25600,178880342
-40,-10,-11,25600,178881596
-33,-10,-26,25088,178882850
-35,-13,-27,25600,178884104
-35,-11,-20,25600,178885348
-35,-9,-14,25088,178886592
-35,-8,-23,25088,178887836
-36,-11,-15,25600,178889085
-36,-8,-15,25600,178890334
-40,-11,-25,25088,178891583
-34,-15,-27,25088,178892832
-31,-12,-36,25600,178894081
-32,-12,-28,25088,178895330
-33,-9,-23,25088,178896579
-33,-8,-24,25088,178897828
-33,-12,-27,25088,178899077
-31,-12,-24,25088,178900326
-41,-10,-8,25088,178901575
-36,-9,-30,25600,178902824
-32,-6,-24,25600,178904073
-35,-9,-20,25600,178905322
-33,-12,-22,25088,178906571
-36,-11,-24,25088,178907820
-35,-12,-22,25600,178909068
-27,-13,-21,25088,178910316
-40,-6,-18,25088,178911564
-37,-9,-28,25088,178912817
-33,-10,-24,25088,178914070
-34,-6,-21,25088,178915323
-32,-5,-14,25088,178916576
-34,-10,-23,25088,178917829
-38,-11,-26,25600,178919083
-33,-10,-21,25600,178920337
-41,-6,-12,25088,178921591
-32,-9,-29,25088,178922845
-34,-6,-29,25088,178924099
-30,-12,-14,25088,178925353
-34,-8,-14,25600,178926607
-33,-8,-18,25088,178927861
-32,-11,-20,25088,178929116
-30,-9,-24,25600,178930371
-40,-6,-13,25088,178931626
-27,-11,-33,25088,178932881
-32,-8,-22,25600,178934136
-34,-11,-23,25088,178935391
-30,-12,-23,25088,178936646
-33,-11,-19,25600,178937901
-35,-11,-25,25088,178939149
-32,-9,-26,25600,178940397
-39,-4,-11,25088,178941645
-31,-6,-35,25600,178942893
-32,-7,-19,25088,178944141
-30,-13,-15,25088,178945389
-34,-11,-16,25088,178946648
-36,-10,-16,25088,178947907
-33,-10,-17,25088,178949163
-35,-8,-22,25088,178950419
-38,-7,-15,25088,178951675
-35,-10,-23,25088,178952934
-28,-9,-28,25088,178954193
-42,-5,-14,25600,178955452
-36,-5,-19,25600,178956711
-33,-8,-27,25088,178957970
-37,-6,-28,25600,178959229
-30,-9,-28,25088,178960488
-37,-4,-15,25088,178961747
-29,-7,-33,25600,178963006
-35,-10,-28,25600,178964265
-30,-10,-22,25088,178965524
-30,-8,-22,25088,178966783
-29,-3,-31,25088,178968042
-31,-9,-22,25088,178969301
-28,-10,-20,25088,178970560
-36,-9,-16,25088,178971819
-28,-11,-23,25600,178973078
-29,-14,-15,25088,178974337
-32,-11,-21,25600,178975596
-35,-6,-22,25600,178976855
-33,-9,-26,25088,178978114
-30,-7,-23,25088,178979361
-30,-10,-29,25088,178980609
-37,-5,-24,25088,178981857
-25,-8,-25,25088,178983105
-28,-10,-16,25088,178984353
-31,-5,-17,25600,178985601
-32,-4,-21,25600,178986861
-31,-6,-22,25600,178988121
-37,-9,-26,25088,178989381
-36,-9,-18,25088,178990641
-41,-8,-19,25600,178991901
-36,-12,-31,25088,178993161
-35,-11,-18,25088,178994421
-34,-10,-9,25600,178995681
-34,-13,-17,25600,178996941
-30,-9,-25,25088,178998201
-29,-10,-25,25600,178999458
-26,-7,-26,25600,179000715
-32,-6,-24,25088,179001972
-27,-10,-26,25600,179003229
-28,-7,-22,25088,179004486
-32,-7,-19,25088,179005743
-31,-9,-17,25600,179007000
-35,-11,-16,25600,179008257
-31,-12,-15,25088,179009511
-35,-9,-14,25088,179010765
-42,-7,-22,25600,179012019
-36,-9,-19,25088,179013275
-37,-7,-16,25088,179014531
-38,-9,-21,25088,179015787
-36,-9,-31,25088,179017043
-36,-10,-25,25600,179018299
-33,-12,-20,25088,179019534
-32,-9,-22,25600,179020788
-36,-6,-27,25600,179022042
-29,-11,-22,25600,179023296
-32,-10,-14,25600,179024550
-36,-10,-19,25088,179025804
-34,-9,-23,25600,179027058
-35,-12,-20,25088,179028312
-37,-12,-22,25600,179029565
-37,-10,-18,25088,179030818
-39,-8,-25,25088,179032071
-35,-11,-13,25600,179033324
-35,-11,-19,25088,179034577
-34,-11,-26,25088,179035830
-36,-10,-30,25600,179037083
-35,-7,-28,25088,179038336
-31,-11,-27,25088,179039578
-29,-14,-22,25088,179040820
-35,-11,-26,25088,179042062
-37,-13,-24,25600,179043304
-36,-10,-19,25600,179044546
-32,-7,-23,25088,179045788
-34,-7,-26,25088,179047042
-27,-7,-25,25600,179048296
-38,-6,-19,25088,179049545
-34,-7,-29,25600,179050794
-32,-7,-32,25088,179052043
-33,-11,-19,25088,179053293
-29,-13,-17,25088,179054543
-34,-12,-17,25600,179055793
-32,-10,-24,25088,179057043
-34,-4,-15,25600,179058293
-32,-4,-20,25088,179059543
-34,-7,-27,25600,179060793
-34,-7,-27,25600,179062043
-34,-8,-19,25088,179063293
-35,-12,-20,25088,179064543
-35,-8,-24,25088,179065793
-32,-6,-25,25600,179067043
-32,-5,-26,25600,179068293
-33,-8,-22,25088,179069543
-35,-9,-26,25088,179070793
-34,-6,-24,25600,179072043
-34,-9,-22,25088,179073293
-35,-10,-23,25088,179074543
-37,-7,-25,25600,179075793
-35,-10,-22,25088,179077043
-33,-9,-24,25088,179078293
-34,-6,-24,25088,179079531
-29,-6,-19,25600,179080768
-30,-6,-15,25088,179082005
-31,-9,-19,25088,179083242
-33,-6,-23,25600,179084479
-31,-9,-31,25600,179085716
-34,-7,-29,25088,179086965
-31,-4,-26,25088,179088214
-39,-7,-11,25088,179089435
-30,-10,-30,25600,179090656
-34,-9,-29,25088,179091877
-36,-10,-16,25088,179093098
-36,-7,-23,25088,179094319
-34,-5,-33,25088,179095540
-32,-9,-32,25088,179096761
-36,-12,-27,25600,179097982
-38,-6,-23,25088,179099203
-35,-9,-27,25088,179100426
-36,-8,-23,25088,179101649
-39,-9,-21,25088,179102872
-35,-4,-25,25600,179104095
-33,-7,-31,25088,179105318
-36,-7,-26,25600,179106541
-34,-9,-24,25600,179107764
-31,-6,-18,25088,179108987
-31,-5,-24,25600,179110233
-33,-5,-20,25088,179111479
-32,-8,-19,25600,179112703
-25,-6,-17,25088,179113927
-32,-6,-24,25088,179115151
-29,-10,-18,25088,179116375
-31,-11,-24,25600,179117599
-32,-8,-22,25088,179118823
-32,-7,-22,25088,179120047
-37,-8,-20,25088,179121271
-36,-11,-26,25088,179122495
-31,-13,-30,25088,179123719
-29,-8,-27,25088,179124943
-30,-8,-28,25600,179126167
-29,-11,-29,25600,179127391
-29,-6,-29,25088,179128615
-30,-5,-27,25088,179129838
-34,-4,-24,25088,179131061
-36,-2,-24,25088,179132284
-34,-4,-19,25088,179133507
-31,-9,-23,25088,179134730
-34,-8,-21,25088,179135953
-34,-6,-16,25088,179137176
-32,-6,-16,25600,179138399
-32,-9,-26,25088,179139638
-25,-10,-24,25088,179140877
-33,-11,-23,25600,179142116
-32,-12,-27,25600,179143355
-32,-11,-31,25600,179144594
-29,-7,-31,25088,179145821
-29,-5,-25,25088,179147048
-34,-8,-22,25088,179148275
-34,-9,-27,25088,179149499
-30,-7,-13,25088,179150723
-31,-8,-29,25088,179151947
-31,-9,-29,25088,179153177
-36,-9,-25,25088,179154407
-31,-12,-25,25088,179155637
-34,-10,-25,25088,179156867
-36,-10,-25,25600,179158097
-29,-7,-22,25088,179159332
-25,-7,-19,25088,179160567
-32,-10,-22,25088,179161802
-30,-7,-20,25088,179163037
-34,-8,-26,25600,179164272
-27,-9,-32,25088,179165507
-27,-7,-25,25088,179166742
-31,-4,-24,25088,179167977
-34,-5,-21,25088,179169214
-29,-7,-26,25088,179170451
-39,-6,-20,25088,179171688
-30,-6,-25,25088,179172925
-30,-7,-27,25088,179174162
-30,-5,-25,25600,179175399
-31,-10,-24,25088,179176636
-34,-8,-24,25088,179177873
-33,-3,-21,25600,179179126
-27,-8,-25,25088,179180379
-46,-5,-13,25600,179181632
-31,-7,-31,25088,179182885
-29,-9,-27,25088,179184138
-27,-10,-17,25088,179185381
-28,-9,-18,25600,179186624
-31,-10,-24,25600,179187867
-31,-9,-20,25088,179189115
-33,-10,-22,25600,179190363
-37,-6,-32,25088,179191611
-32,-7,-23,25088,179192859
-33,-6,-22,25088,179194107
-30,-11,-25,25088,179195355
-31,-5,-20,25088,179196603
-33,-7,-26,25088,179197851
-30,-8,-21,25600,179199099
-23,-4,-32,25088,179200347
-35,-3,-25,25088,179201595
-25,-8,-35,25088,179202843
-29,-6,-23,25600,179204091
-27,-5,-18,25600,179205339
-34,-5,-23,25600,179206587
-31,-7,-28,25600,179207835
-34,-6,-25,25088,179209081
-28,-8,-23,25088,179210327
-37,-5,-12,25600,179211573
-29,-11,-30,25088,179212824
-34,-7,-24,25600,179214075
-38,-4,-21,25600,179215326
-38,-6,-17,25600,179216577
-38,-11,-25,25600,179217828
-36,-12,-29,25600,179219081
-32,-11,-25,25088,179220334
-37,-13,-11,25088,179221587
-28,-10,-26,25600,179222840
-33,-4,-24,25600,179224093
-34,-3,-20,25600,179225346
-34,-4,-22,25600,179226599
-33,-8,-26,25088,179227852
-33,-7,-28,25088,179229107
-32,-7,-25,25088,179230362
-38,-5,-11,25088,179231617
-30,-8,-36,25600,179232872
-31,-11,-21,25600,179234127
-32,-10,-15,25600,179235382
-35,-12,-20,25088,179236637
-33,-9,-21,25088,179237892
-33,-7,-25,25088,179239139
-33,-7,-26,25088,179240386
-43,-3,-9,25600,179241633
-32,-10,-30,25600,179242880
-32,-6,-25,25088,179244127
-35,-5,-17,25600,179245374
-31,-7,-23,25600,179246632
-35,-6,-28,25088,179247890
-31,-13,-23,25088,179249145
-32,-11,-27,25600,179250400
-36,-5,-25,25088,179251655
-35,-9,-24,25088,179252914
-30,-10,-22,25088,179254173
-40,-9,-13,25088,179255432
-33,-6,-15,25088,179256691
-33,-12,-29,25088,179257950
-32,-8,-17,25088,179259209
-35,-8,-22,25600,179260468
-42,-7,-14,25088,179261727
-36,-8,-32,25088,179262986
-34,-8,-24,25088,179264245
-33,-11,-17,25600,179265504
-36,-7,-18,25088,179266763
-33,-5,-28,25088,179268022
-36,-4,-22,25088,179269281
-34,-4,-20,25088,179270540
-33,-5,-25,25600,179271799
-27,-9,-32,25088,179273058
-30,-11,-18,25088,179274317
-32,-5,-14,25088,179275576
-32,-5,-21,25088,179276835
-36,-7,-23,25088,179278094
-33,-10,-27,25088,179279341
-36,-9,-21,25600,179280588
-39,-6,-17,25600,179281835
-30,-7,-21,25600,179283082
-31,-8,-19,25088,179284329
-41,-6,-16,25088,179285576
-36,-7,-24,25088,179286836
-29,-3,-23,25088,179288096
-34,-1,-22,25088,179289356
-33,-4,-20,25088,179290616
-36,-6,-21,25088,179291876
-32,-7,-28,25600,179293136
-35,-7,-26,25088,179294396
-39,-9,-21,25600,179295656
-38,-11,-28,25088,179296916
-35,-11,-25,25600,179298176
-33,-7,-24,25088,179299433
-35,-7,-23,25088,179300690
-40,-6,-29,25088,179301947
-32,-6,-28,25600,179303204
-31,-9,-16,25600,179304461
-34,-7,-22,25600,179305718
-36,-6,-27,25600,179306975
-35,-7,-23,25088,179308232
-34,-11,-25,25088,179309491
-31,-11,-29,25600,179310750
-37,-9,-28,25088,179312009
-32,-7,-25,25600,179313265
-29,-8,-18,25600,179314521
-35,-6,-24,25088,179315777
-35,-6,-27,25088,179317033
-34,-6,-22,25088,179318289
-38,-7,-22,25088,179319525
-37,-6,-27,25088,179320780
-37,-6,-22,25600,179322035
-34,-11,-22,25088,179323290
-35,-11,-18,25088,179324545
-33,-8,-27,25088,179325800
-34,-9,-26,25088,179327055
-33,-9,-23,25088,179328310
-33,-6,-19,25088,179329563
-33,-7,-22,25088,179330816
-37,-4,-25,25088,179332069
-34,-7,-17,25088,179333322
-37,-9,-22,25088,179334575
-38,-8,-21,25600,179335828
-35,-6,-22,25088,179337081
-33,-9,-22,25088,179338334
-35,-11,-27,25088,179339581
-34,-6,-30,25088,179340828
-37,1,-32,25088,179342075
-32,-9,-25,25088,179343322
-34,-12,-23,25088,179344569
-36,-9,-29,25088,179345816
-33,-9,-25,25600,179347070
-30,-7,-31,25088,179348324
-41,-7,-19,25088,179349573
-35,-9,-34,25088,179350822
-36,-9,-19,25088,179352071
-37,-7,-11,25088,179353322
-37,-7,-18,25088,179354573
-39,-8,-20,25600,179355824
-36,-7,-28,25088,179357075
-38,-5,-21,25088,179358326
-35,-6,-21,25600,179359577
-32,-7,-25,25600,179360828
-36,-8,-26,25088,179362079
-33,-11,-18,25088,179363330
-32,-9,-18,25088,179364581
-31,-8,-23,25088,179365832
-34,-6,-25,25088,179367083
-37,-6,-29,25088,179368334
-36,-4,-25,25088,179369584
-31,-6,-23,25088,179370834
-34,-4,-25,25088,179372084
-35,-8,-24,25600,179373334
-35,-7,-25,25600,179374584
-33,-7,-27,25088,179375834
-33,-10,-25,25088,179377084
-35,-7,-28,25088,179378334
-34,-7,-20,25088,179379572
-35,-5,-21,25088,179380810
-35,-6,-22,25088,179382048
-36,-8,-22,25600,179383286
-36,-10,-21,25088,179384524
-37,-10,-27,25088,179385762
-39,-9,-21,25088,179387011
-37,-7,-27,25088,179388260
-44,-10,-10,25088,179389480
-36,-12,-30,25088,179390700
-38,-7,-25,25088,179391920
-36,-8,-22,25088,179393140
-35,-9,-27,25088,179394360
-35,-4,-30,25600,179395580
-33,-6,-27,25600,179396800
-36,-12,-23,25088,179398020
-34,-13,-24,25600,179399240
-33,-9,-24,25088,179400488
-38,-8,-23,25088,179401736
-39,-11,-25,25600,179402984
-35,-8,-23,25600,179404232
-37,-7,-31,25600,179405480
-38,-8,-28,25088,179406728
-36,-8,-25,25088,179407976
-32,-10,-22,25600,179409201
-30,-11,-21,25600,179410426
-36,-7,-26,25600,179411651
-32,-10,-20,25088,179412876
-34,-6,-25,25088,179414099
-40,-8,-24,25600,179415322
-32,-7,-31,25600,179416545
-34,-6,-34,25088,179417768
-33,-10,-24,25088,179418991
-33,-9,-24,25600,179420214
-35,-6,-29,25088,179421437
-37,-11,-23,25088,179422660
-33,-8,-24,25088,179423883
-34,-10,-26,25088,179425106
-32,-10,-30,25600,179426329
-34,-8,-25,25088,179427552
-34,-6,-22,25088,179428775
-34,-10,-20,25600,179429997
-30,-8,-19,25600,179431219
-37,-12,-20,25088,179432441
-34,-11,-19,25600,179433663
-36,-14,-23,25600,179434885
-38,-14,-22,25088,179436107
-35,-9,-23,25088,179437329
-35,-10,-18,25088,179438551
-37,-7,-20,25088,179439793
-36,-6,-17,25600,179441035
-40,-8,-20,25088,179442277
-36,-8,-28,25088,179443519
-36,-12,-30,25088,179444761
-39,-11,-26,25088,179445987
-36,-13,-24,25088,179447213
-39,-4,-32,25600,179448439
-35,-13,-23,25088,179449663
-32,-8,-22,25088,179450887
-33,-9,-30,25088,179452111
-32,-9,-20,25088,179453341
-33,-7,-24,25088,179454571
-35,-8,-19,25088,179455801
-33,-8,-20,25088,179457031
-37,-9,-19,25600,179458261
-36,-10,-21,25088,179459491
-34,-10,-20,25088,179460721
-39,-9,-22,25088,179461951
-38,-9,-19,25088,179463181
-38,-8,-21,25088,179464411
-34,-10,-24,25088,179465641
-32,-9,-27,25600,179466871
-38,-8,-20,25088,179468101
-37,-10,-27,25088,179469335
-34,-13,-25,25600,179470569
-44,-13,-24,25088,179471803
-38,-12,-35,25088,179473037
-36,-10,-30,25600,179474271
-33,-11,-26,25088,179475505
-34,-12,-20,25088,179476739
-38,-7,-25,25088,179477973
-37,-9,-23,25088,179479223
-28,-11,-21,25088,179480473
-40,-7,-13,25088,179481723
-32,-10,-25,25088,179482973
-35,-9,-22,25088,179484223
-36,-10,-22,25088,179485463
-33,-8,-21,25088,179486703
-38,-9,-25,25088,179487943
-36,-12,-18,25088,179489187
-34,-10,-16,25088,179490431
-36,-11,-25,25088,179491675
-35,-12,-20,25088,179492919
-37,-13,-21,25088,179494163
-38,-12,-24,25088,179495407
-36,-9,-23,25088,179496651
-38,-8,-21,25088,179497895
-35,-8,-24,25600,179499140
-35,-10,-34,25600,179500385
-40,-7,-27,25600,179501630
-32,-10,-35,25600,179502875
-36,-10,-27,25088,179504120
-35,-9,-21,25600,179505365
-36,-9,-22,25088,179506610
-32,-9,-23,25600,179507855
-35,-10,-26,25088,179509103
-34,-11,-23,25088,179510351
-46,-8,-8,25600,179511599
-38,-12,-29,25088,179512847
-34,-12,-30,25088,179514095
-38,-10,-15,25088,179515343
-37,-11,-20,25088,179516591
-33,-11,-31,25088,179517839
-30,-12,-29,25088,179519089
-32,-12,-24,25600,179520339
-41,-7,-17,25088,179521589
-35,-11,-29,25600,179522839
-37,-9,-24,25088,179524089
-34,-9,-18,25600,179525339
-37,-10,-21,25600,179526589
-35,-9,-22,25088,179527839
-35,-9,-26,25088,179529091
-31,-7,-30,25600,179530343
-41,-8,-17,25600,179531595
-32,-12,-30,25088,179532847
-37,-10,-23,25088,179534099
-38,-11,-17,25600,179535351
-35,-11,-23,25088,179536603
-32,-14,-28,25088,179537855
-32,-8,-22,25088,179539104
-29,-7,-25,25600,179540353
-43,-3,-10,25600,179541602
-40,-11,-29,25600,179542851
-40,-9,-16,25600,179544100
-38,-9,-14,25088,179545349
-40,-11,-18,25600,179546605
-37,-10,-14,25088,179547861
-43,-11,-21,25600,179549115
-34,-14,-20,25088,179550369
-41,-12,-16,25088,179551623
-38,-14,-28,25088,179552881
-32,-12,-25,25600,179554139
-37,-7,-16,25088,179555397
-36,-9,-21,25088,179556655
-37,-8,-34,25088,179557913
-39,-10,-23,25088,179559172
-30,-7,-20,25600,179560431
-43,-5,-12,25600,179561690
-42,-9,-31,25088,179562949
-40,-12,-17,25088,179564208
-37,-12,-8,25088,179565467
-40,-9,-11,25088,179566726
-40,-11,-18,25600,179567985
-39,-13,-26,25600,179569243
-42,-9,-25,25088,179570501
-47,-10,-21,25088,179571759
-38,-12,-36,25088,179573017
-38,-10,-20,25088,179574275
-39,-10,-17,25088,179575533
-38,-7,-22,25600,179576791
-36,-8,-31,25088,179578049
-36,-11,-27,25088,179579296
-40,-12,-29,25600,179580544
-43,-11,-20,25088,179581792
-37,-18,-31,25088,179583040
-35,-13,-20,25088,179584288
-41,-10,-22,25600,179585536
-40,-9,-21,25600,179586797
-36,-9,-18,25088,179588058
-39,-9,-22,25600,179589318
-39,-10,-17,25600,179590578
-41,-9,-22,25088,179591838
-42,-11,-29,25600,179593098
-37,-10,-22,25600,179594358
-38,-14,-14,25600,179595618
-34,-11,-21,25088,179596878
-33,-10,-27,25600,179598138
-38,-12,-22,25088,179599396
-37,-11,-18,25088,179600654
-40,-9,-20,25600,179601912
-33,-13,-23,25088,179603170
-35,-14,-17,25088,179604428
-38,-13,-27,25088,179605686
-38,-12,-31,25088,179606944
-42,-9,-25,25088,179608202
-38,-14,-25,25088,179609462
-39,-12,-27,25600,179610722
-43,-8,-19,25600,179611982
-32,-11,-22,25088,179613240
-34,-6,-19,25600,179614498
-37,-5,-21,25600,179615756
-34,-5,-24,25088,179617014
-36,-8,-14,25088,179618272
-37,-10,-25,25088,179619509
-37,-10,-25,25088,179620765
-39,-9,-21,25600,179622021
-36,-12,-18,25088,179623277
-39,-12,-14,25088,179624533
-40,-12,-21,25600,179625789
-36,-11,-27,25088,179627045
-41,-8,-22,25088,179628301
-40,-8,-27,25088,179629555
-38,-5,-25,25088,179630809
-38,-4,-30,25088,179632063
-35,-8,-24,25600,179633317
-34,-11,-19,25600,179634571
-36,-16,-19,25088,179635825
-36,-11,-26,25088,179637079
-39,-9,-22,25088,179638333
-34,-12,-23,25600,179639581
-39,-11,-23,25088,179640829
-40,-8,-27,25600,179642077
-36,-12,-18,25088,179643325
-35,-9,-14,25088,179644573
-35,-10,-21,25088,179645821
-37,-9,-28,25088,179647076
-38,-11,-25,25088,179648331
-44,-12,-20,25088,179649581
-35,-11,-37,25088,179650831
-37,-10,-24,25088,179652081
-42,-8,-17,25088,179653333
-41,-9,-18,25088,179654585
-40,-12,-23,25600,179655837
-38,-14,-31,25600,179657089
-36,-12,-22,25088,179658341
-33,-8,-24,25088,179659592
-36,-13,-26,25088,179660843
-35,-11,-29,25088,179662094
-36,-11,-20,25600,179663345
-35,-10,-22,25088,179664596
-37,-9,-26,25600,179665847
-38,-16,-28,25600,179667098
-36,-9,-22,25088,179668349
-38,-9,-23,25088,179669600
-36,-13,-24,25088,179670851
-44,-9,-27,25088,179672102
-40,-12,-14,25600,179673353
-41,-9,-20,25600,179674604
-39,-9,-27,25088,179675855
-38,-13,-27,25088,179677106
-42,-10,-24,25600,179678357
-42,-10,-22,25600,179679595
-40,-9,-28,25600,179680833
-40,-12,-23,25088,179682071
-39,-11,-24,25600,179683309
-39,-11,-26,25088,179684547
-38,-11,-34,25600,179685785
-38,-12,-30,25088,179687034
-36,-13,-29,25600,179688283
-41,-9,-13,25088,179689532
-37,-16,-30,25088,179690781
-36,-10,-27,25600,179692030
-35,-10,-16,25088,179693279
-38,-11,-24,25088,179694528
-38,-10,-25,25088,179695777
-33,-8,-21,25088,179697026
-34,-5,-21,25088,179698275
-41,-8,-28,25088,179699523
-37,-7,-28,25088,179700771
-39,-8,-28,25600,179702019
-39,-9,-28,25088,179703267
-40,-7,-29,25088,179704515
-41,-5,-25,25600,179705763
-37,-9,-29,25088,179707011
-38,-10,-25,25088,179708259
-40,-11,-25,25088,179709484
-31,-11,-21,25088,179710709
-36,-10,-22,25088,179711934
-37,-10,-22,25088,179713159
-39,-9,-26,25600,179714381
-36,-5,-23,25600,179715603
-35,-8,-24,25088,179716825
-39,-15,-22,25088,179718047
-33,-11,-17,25088,179719269
-31,-10,-17,25600,179720492
-32,-7,-18,25088,179721715
-37,-9,-16,25088,179722938
-39,-8,-18,25600,179724161
-39,-8,-23,25600,179725384
-36,-8,-21,25600,179726607
-39,-9,-25,25088,179727830
-42,-10,-23,25088,179729053
-41,-8,-20,25600,179730275
-33,-10,-22,25088,179731497
-39,-12,-25,25088,179732719
-35,-15,-30,25088,179733941
-35,-14,-26,25088,179735163
-34,-13,-31,25088,179736385
-32,-14,-25,25088,179737607
-35,-10,-20,25088,179738829
-34,-8,-23,25088,179740071
-34,-10,-14,25088,179741313
-37,-8,-24,25088,179742555
-31,-11,-26,25088,179743797
-36,-11,-22,25088,179745039
-34,-7,-23,25600,179746264
-40,-11,-21,25600,179747489
-39,-10,-19,25600,179748714
-37,-10,-11,25600,179749938
-43,-8,-13,25088,179751162
-42,-12,-22,25088,179752386
-40,-11,-19,25088,179753610
-37,-13,-21,25088,179754834
-37,-13,-21,25088,179756058
-37,-10,-29,25088,179757282
-37,-13,-21,25088,179758506
-42,-11,-25,25600,179759731
-33,-12,-24,25600,179760956
-39,-10,-29,25600,179762181
-38,-11,-20,25088,179763406
-37,-9,-20,25088,179764631
-38,-11,-23,25600,179765856
-37,-13,-22,25088,179767081
-35,-13,-18,25600,179768306
-37,-12,-19,25088,179769535
-28,-14,-22,25088,179770764
-39,-6,-13,25088,179771993
-34,-14,-23,25600,179773222
-36,-14,-24,25088,179774451
-33,-13,-19,25088,179775680
-35,-11,-12,25088,179776909
-33,-9,-16,25088,179778138
-36,-12,-22,25600,179779383
-32,-11,-28,25600,179780628
-48,-10,-16,25600,179781873
-40,-10,-29,25088,179783118
-40,-12,-30,25600,179784363
-39,-13,-27,25600,179785597
-39,-12,-18,25088,179786831
-37,-11,-27,25088,179788065
-34,-8,-19,25088,179789303
-29,-8,-22,25088,179790541
-36,-9,-28,25088,179791779
-33,-12,-25,25088,179793017
-32,-12,-22,25600,179794255
-32,-16,-17,25088,179795493
-33,-14,-16,25600,179796731
-32,-9,-12,25088,179797969
-33,-11,-15,25088,179799208
-32,-9,-19,25088,179800447
-43,-8,-5,25600,179801686
-38,-8,-17,25088,179802925
-36,-11,-21,25088,179804164
-36,-9,-20,25088,179805403
-37,-10,-19,25088,179806642
-35,-9,-23,25600,179807881
-33,-12,-23,25088,179809126
-30,-12,-23,25088,179810371
-42,-11,-15,25088,179811616
-33,-15,-28,25088,179812859
-34,-13,-30,25600,179814102
-41,-8,-13,25600,179815345
-34,-10,-27,25088,179816588
-37,-10,-24,25088,179817831
-37,-11,-19,25088,179819077
-33,-10,-19,25088,179820323
-39,-10,-12,25088,179821569
-33,-17,-20,25600,179822815
-36,-14,-19,25088,179824061
-39,-9,-14,25088,179825307
-34,-10,-13,25088,179826553
-37,-9,-17,25088,179827799
-37,-11,-18,25088,179829048
-32,-10,-22,25600,179830297
-44,-8,-9,25600,179831546
-36,-11,-33,25088,179832795
-42,-10,-21,25088,179834044
-37,-8,-17,25600,179835293
-37,-10,-24,25600,179836542
-37,-8,-27,25088,179837791
-36,-7,-24,25088,179839033
-30,-9,-29,25088,179840275
-39,-8,-21,25088,179841517
-34,-12,-41,25088,179842759
-37,-12,-31,25088,179844001
-37,-12,-20,25088,179845243
-34,-8,-19,25088,179846497
-37,-7,-22,25088,179847751
-36,-9,-23,25088,179849009
-35,-11,-25,25600,179850267
-39,-10,-24,25600,179851525
-33,-11,-21,25088,179852781
-40,-10,-18,25600,179854037
-40,-14,-7,25088,179855293
-36,-13,-28,25600,179856549
-35,-9,-19,25600,179857805
-32,-14,-13,25088,179859063
-32,-9,-21,25088,179860321
-42,-7,-17,25088,179861579
-33,-7,-28,25600,179862837
-38,-8,-27,25600,179864095
-34,-10,-17,25088,179865353
-36,-10,-22,25600,179866611
-40,-7,-31,25600,179867869
-42,-8,-26,25600,179869127
-36,-8,-23,25088,179870385
-43,-5,-18,25600,179871643
-37,-8,-30,25600,179872901
-37,-7,-19,25600,179874159
-38,-10,-21,25600,179875417
-37,-10,-29,25088,179876675
-35,-8,-24,25088,179877933
-35,-8,-19,25088,179879180
-33,-11,-24,25088,179880429
-38,-9,-14,25088,179881678
-31,-12,-24,25088,179882927
-35,-8,-21,25088,179884176
-37,-8,-23,25088,179885425
-36,-8,-23,25088,179886688
-33,-8,-23,25088,179887951
-37,-12,-26,25088,179889214
-36,-12,-27,25088,179890477
-39,-11,-17,25600,179891740
-33,-12,-37,25088,179893003
-33,-11,-31,25600,179894266
-33,-13,-21,25600,179895529
-36,-10,-25,25088,179896792
-38,-7,-28,25088,179898055
-35,-10,-30,25088,179899315
-31,-6,-24,25088,179900575
-39,-6,-25,25600,179901835
-32,-9,-25,25088,179903095
-38,-7,-14,25600,179904355
-38,-7,-21,25600,179905615
-36,-9,-27,25600,179906875
-38,-9,-21,25600,179908135
-39,-8,-14,25088,179909379
-38,-6,-20,25088,179910623
-43,-9,-21,25088,179911867
-31,-13,-22,25088,179913111
-34,-9,-17,25088,179914370
-37,-2,-23,25088,179915629
-34,-7,-23,25088,179916888
-34,-10,-23,25088,179918147
-27,-8,-24,25088,179919406
-36,-8,-27,25600,179920665
-39,-9,-25,25088,179921924
-38,-10,-30,25088,179923183
-35,-9,-22,25088,179924442
-36,-7,-21,25088,179925701
-34,-13,-25,25088,179926960
-33,-11,-29,25088,179928219
-32,-14,-25,25088,179929475
-35,-10,-25,25088,179930731
-39,-2,-26,25088,179931987
-35,-6,-23,25600,179933243
-31,-9,-22,25088,179934499
-33,-10,-22,25088,179935755
-35,-6,-27,25600,179937011
-33,-7,-25,25600,179938267
-33,-10,-19,25088,179939517
-35,-12,-17,25088,179940767
-37,-11,-23,25600,179942017
-33,-12,-18,25088,179943267
-38,-10,-11,25088,179944517
-36,-10,-20,25600,179945767
-34,-7,-21,25088,179947024
-33,-10,-29,25088,179948281
-43,-7,-10,25600,179949534
-33,-7,-34,25600,179950787
-37,-8,-30,25088,179952040
-33,-7,-25,25088,179953294
-32,-6,-21,25088,179954548
-34,-6,-22,25088,179955802
-33,-7,-35,25600,179957056
-31,-11,-18,25088,179958310
-34,-10,-22,25600,179959563
-35,-9,-25,25088,179960816
-36,-6,-28,25600,179962069
-31,-10,-16,25088,179963322
-33,-8,-10,25088,179964575
-38,-10,-19,25600,179965828
-35,-12,-21,25088,179967081
-32,-11,-20,25088,179968334
-33,-9,-22,25088,179969587
-32,-5,-22,25088,179970840
-38,-2,-24,25600,179972093
-31,-8,-21,25088,179973346
-36,-12,-16,25088,179974599
-35,-10,-27,25600,179975852
-33,-7,-24,25600,179977105
-34,-9,-21,25088,179978358
-30,-12,-16,25600,179979599
-35,-14,-18,25088,179980839
-36,-5,-23,25088,179982079
-33,-12,-11,25600,179983319
-37,-9,-25,25600,179984559
-36,-10,-27,25088,179985799
-33,-6,-29,25600,179987050
-31,-11,-23,25600,179988301
-39,-7,-10,25600,179989551
-31,-11,-31,25088,179990801
-35,-11,-27,25600,179992051
-33,-10,-19,25088,179993301
-31,-8,-20,25600,179994551
-29,-7,-24,25088,179995801
-33,-8,-21,25088,179997051
-34,-10,-21,25088,179998301
-34,-8,-23,25088,179999550
-35,-8,-20,25088,180000799
-36,-9,-17,25088,180002048
-35,-11,-16,25600,180003297
-31,-5,-19,25600,180004546
-33,-9,-23,25600,180005795
-32,-13,-31,25088,180007044
-31,-9,-27,25088,180008293
-36,-10,-21,25088,180009526
-32,-5,-25,25600,180010759
-35,-6,-20,25088,180011992
-36,-11,-18,25088,180013225
-34,-11,-22,25088,180014448
-33,-10,-24,25088,180015671
-35,-11,-22,25088,180016894
-29,-13,-21,25600,180018117
-34,-9,-21,25088,180019340
-34,-10,-22,25600,180020563
-39,-9,-18,25088,180021786
-34,-12,-20,25088,180023009
-32,-10,-22,25600,180024232
-30,-7,-20,25088,180025455
-32,-10,-21,25088,180026678
-35,-9,-24,25088,180027901
-35,-8,-26,25088,180029124
-40,-9,-24,25600,180030346
-36,-6,-21,25600,180031568
-35,-7,-28,25088,180032790
-32,-4,-28,25088,180034012
-33,-5,-28,25600,180035234
-35,-8,-26,25600,180036456
-33,-7,-24,25088,180037678
-29,-8,-23,25088,180038900
-27,-8,-26,25088,180040141
-32,-5,-25,25088,180041382
-39,-9,-30,25088,180042623
-36,-9,-21,25088,180043864
-34,-5,-25,25600,180045105
-29,-6,-24,25088,180046330
-34,-5,-18,25088,180047555
-37,-5,-17,25600,180048780
-32,-12,-18,25088,180050002
-39,-7,-11,25088,180051224
-31,-11,-22,25088,180052446
-37,-8,-26,25088,180053670
-43,-5,-22,25600,180054894
-34,-8,-21,25088,180056118
-36,-10,-26,25088,180057342
-31,-9,-27,25088,180058566
-33,-8,-26,25600,180059790
-30,-9,-19,25088,180061014
-30,-8,-25,25088,180062238
-34,-8,-22,25088,180063462
-33,-8,-21,25088,180064686
-35,-9,-23,25088,180065910
-37,-9,-29,25088,180067134
-33,-10,-21,25088,180068358
-35,-8,-19,25088,180069586
-30,-9,-23,25088,180070814
-38,-9,-17,25088,180072042
-30,-8,-25,25088,180073270
-33,-8,-30,25088,180074498
-31,-11,-23,25600,180075726
-27,-7,-23,25088,180076954
-31,-6,-22,25088,180078182
-29,-6,-23,25088,180079425
-26,-8,-20,25088,180080668
-41,-4,-19,25088,180081911
-33,-8,-28,25600,180083154
-35,-8,-29,25600,180084397
-36,-8,-22,25088,180085630
-36,-6,-21,25088,180086863
-38,-5,-29,25088,180088096
-37,-11,-20,25600,180089333
-35,-12,-22,25088,180090570
-36,-11,-30,25600,180091807
-31,-12,-33,25088,180093044
-30,-8,-27,25088,180094281
-31,-11,-30,25088,180095518
-32,-7,-28,25600,180096755
-35,-6,-23,25600,180097992
-34,-11,-22,25088,180099230
-28,-9,-26,25088,180100468
-39,-5,-13,25088,180101706
-29,-6,-27,25088,180102944
-31,-7,-32,25088,180104182
-29,-8,-14,25088,180105420
-27,-8,-16,25088,180106658
-33,-7,-24,25088,180107896
-31,-11,-22,25088,180109138
-28,-12,-27,25600,180110380
-39,-8,-18,25600,180111622
-30,-11,-29,25088,180112863
-28,-9,-33,25088,180114104
-40,-6,-15,25088,180115345
-35,-10,-22,25088,180116586
-33,-7,-27,25088,180117827
-30,-7,-26,25088,180119072
-28,-7,-23,25088,180120317
-42,-5,-15,25088,180121562
-32,-7,-25,25600,180122807
-31,-7,-30,25088,180124052
-31,-7,-28,25088,180125297
-34,-5,-23,25600,180126542
-36,-8,-19,25088,180127787
-30,-9,-23,25088,180129035
-27,-6,-23,25600,180130283
-38,-2,-9,25600,180131531
-30,-9,-29,25088,180132779
-31,-6,-27,25600,180134027
-30,-8,-23,25088,180135275
-29,-6,-22,25600,180136523
-34,-6,-21,25088,180137771
-30,-10,-25,25600,180139016
-29,-6,-24,25088,180140261
-41,-5,-13,25088,180141506
-31,-10,-35,25600,180142751
-31,-8,-26,25088,180143996
-30,-2,-20,25088,180145241
-32,-5,-21,25600,180146494
-34,-6,-24,25600,180147747
-35,-8,-27,25600,180148998
-29,-7,-27,25088,180150249
-32,-6,-24,25088,180151500
-25,-7,-31,25088,180152756
-26,-7,-25,25088,180154012
-32,-5,-18,25600,180155268
-32,-7,-18,25088,180156524
-29,-9,-23,25088,180157780
-31,-9,-26,25088,180159038
-31,-8,-29,25088,180160296
-39,-7,-16,25088,180161554
-34,-6,-34,25088,180162812
-30,-9,-28,25088,180164070
-29,-8,-20,25088,180165328
-30,-9,-18,25088,180166586
-32,-7,-25,25088,180167844
-33,-7,-24,25600,180169102
-33,-6,-23,25088,180170360
-38,-4,-16,25600,180171618
-29,-7,-30,25088,180172876
-34,-5,-23,25088,180174134
-35,-10,-22,25088,180175392
-31,-10,-23,25088,180176650
-30,-7,-25,25088,180177908
-30,-6,-25,25600,180179155
-29,-7,-30,25088,180180404
-40,0,-21,25600,180181653
-30,-6,-32,25600,180182902
-29,-9,-24,25088,180184151
-30,-9,-26,25600,180185400
-33,-7,-28,25088,180186663
-32,-5,-21,25600,180187926
-29,-8,-27,25088,180189189
-34,-5,-22,25088,180190452
-37,-12,-17,25088,180191715
-35,-12,-28,25600,180192978
-33,-10,-26,25088,180194241
-35,-7,-12,25600,180195504
-35,-6,-23,25088,180196767
-33,-7,-33,25088,180198030
-31,-9,-26,25600,180199290
-27,-9,-25,25088,180200550
-35,-6,-23,25600,180201810
-27,-7,-26,25600,180203070
-26,-7,-14,25088,180204330
-33,-11,-15,25088,180205590
-28,-7,-29,25088,180206850
-26,-8,-32,25600,180208110
-29,-8,-20,25600,180209373
-29,-11,-24,25600,180210636
-36,-8,-19,25088,180211899
-34,-14,-28,25600,180213159
-34,-11,-16,25088,180214419
-31,-10,-23,25088,180215679
-35,-5,-29,25088,180216939
-32,-3,-22,25600,180218199
-30,-8,-25,25088,180219439
-29,-9,-27,25088,180220698
-33,-6,-21,25088,180221957
-28,-10,-25,25088,180223216
-34,-6,-18,25088,180224475
-35,-5,-18,25600,180225734
-29,-7,-23,25088,180226993
-31,-10,-25,25088,180228252
-33,-8,-21,25088,180229509
-33,-3,-23,25088,180230766
-36,-3,-28,25088,180232023
-30,-11,-21,25088,180233280
-34,-7,-16,25600,180234537
-34,-9,-24,25088,180235794
-33,-11,-31,25600,180237051
-31,-8,-26,25088,180238308
-27,-7,-23,25088,180239559
-31,-5,-22,25088,180240810
-35,-6,-32,25088,180242061
-27,-7,-25,25088,180243312
-32,-6,-21,25600,180244563
-39,-5,-25,25600,180245814
-35,-8,-24,25088,180247071
-35,-6,-27,25600,180248328
-40,-8,-14,25600,180249580
-31,-9,-36,25088,180250832
-31,-12,-22,25088,180252084
-32,-11,-20,25088,180253338
-33,-7,-16,25600,180254592
-36,-8,-21,25600,180255846
-34,-9,-34,25088,180257100
-35,-4,-21,25088,180258354
-30,-5,-22,25088,180259607
-31,-11,-23,25088,180260860
-31,-9,-25,25600,180262113
-31,-4,-12,25088,180263366
-32,-4,-16,25088,180264619
-36,-5,-24,25600,180265872
-35,-8,-24,25088,180267125
-34,-6,-24,25600,180268378
-39,-7,-28,25600,180269630
-39,-5,-33,25088,180270882
-38,-4,-27,25088,180272134
-31,-4,-14,25600,180273386
-33,-5,-25,25600,180274638
-31,-7,-30,25088,180275890
-34,-8,-26,25600,180277142
-30,-6,-31,25600,180278394
-33,-6,-23,25088,180279633
-31,-9,-22,25600,180280872
-38,-9,-22,25088,180282111
-35,-9,-19,25088,180283350
-33,-5,-19,25088,180284589
-34,-9,-19,25088,180285828
-32,-8,-19,25088,180287078
-33,-9,-18,25088,180288328
-42,-5,-11,25600,180289577
-33,-9,-30,25088,180290826
-34,-10,-35,25088,180292075
-34,-7,-18,25600,180293324
-31,-8,-19,25600,180294573
-31,-6,-35,25088,180295822
-36,-6,-31,25088,180297071
-33,-7,-25,25600,180298320
-29,-7,-29,25600,180299568
-28,-9,-28,25088,180300816
-31,-7,-25,25088,180302064
-31,-9,-26,25088,180303312
-34,-4,-25,25088,180304560
-34,-3,-24,25088,180305808
-35,-4,-27,25088,180307056
-34,-6,-26,25088,180308304
-34,-8,-16,25088,180309531
-33,-8,-15,25088,180310758
-36,-6,-18,25600,180311985
-36,-9,-18,25088,180313212
-32,-8,-29,25088,180314435
-38,-7,-16,25088,180315658
-36,-10,-21,25088,180316881
-35,-10,-30,25088,180318104
-32,-8,-23,25088,180319327
-29,-9,-23,25088,180320551
-32,-4,-25,25088,180321775
-29,-6,-24,25088,180322999
-32,-7,-29,25088,180324223
-35,-5,-25,25088,180325447
-34,-9,-25,25088,180326671
-38,-6,-32,25600,180327895
-34,-9,-24,25600,180329119
-32,-8,-21,25088,180330341
-31,-7,-18,25600,180331563
-35,-10,-19,25088,180332785
-34,-10,-23,25088,180334007
-34,-11,-26,25600,180335229
-38,-7,-21,25600,180336451
-37,-9,-20,25088,180337673
-37,-11,-18,25600,180338895
-36,-9,-22,25088,180340118
-29,-8,-19,25088,180341341
-37,-8,-23,25600,180342564
-32,-6,-21,25088,180343787
-28,-11,-28,25600,180345010
-28,-8,-32,25088,180346233
-32,-5,-30,25088,180347458
-32,-2,-25,25600,180348683
-30,-9,-31,25600,180349906
-28,-8,-30,25088,180351129
-33,-7,-24,25600,180352352
-34,-7,-24,25600,180353597
-37,-6,-25,25600,180354842
-37,-9,-14,25600,180356087
-37,-10,-20,25600,180357332
-34,-12,-20,25088,180358577
-36,-11,-22,25600,180359801
-35,-11,-25,25600,180361025
-35,-11,-24,25600,180362249
-35,-13,-17,25600,180363473
-30,-12,-27,25088,180364697
-32,-11,-25,25088,180365921
-29,-13,-25,25600,180367145
-33,-10,-26,25088,180368369
-32,-9,-27,25600,180369598
-27,-9,-19,25088,180370827
-36,-7,-17,25600,180372056
-34,-11,-27,25088,180373285
-35,-11,-29,25088,180374514
-34,-10,-28,25088,180375743
-34,-9,-26,25600,180376972
-37,-9,-21,25088,180378201
-38,-4,-30,25600,180379430
-36,-5,-29,25088,180380673
-25,-7,-24,25600,180381916
-40,-6,-16,25088,180383159
-31,-4,-38,25088,180384402
-32,-8,-29,25600,180385635
-33,-9,-21,25088,180386868
-35,-6,-21,25088,180388101
-34,-10,-20,25088,180389338
-36,-8,-13,25600,180390575
-39,-7,-26,25600,180391812
-37,-10,-18,25088,180393049
-40,-12,-19,25600,180394286
-33,-13,-19,25088,180395523
-38,-12,-23,25600,180396760
-34,-8,-26,25088,180397997
-34,-9,-22,25600,180399238
-30,-8,-24,25088,180400479
-39,-8,-24,25088,180401720
-30,-10,-25,25088,180402961
-33,-7,-23,25088,180404202
-28,-8,-23,25088,180405443
-33,-7,-21,25600,180406684
-39,-7,-18,25600,180407925
-40,-8,-22,25600,180409167
-35,-5,-24,25600,180410409
-46,-4,-8,25600,180411651
-36,-11,-25,25088,180412893
-34,-10,-33,25600,180414135
-36,-13,-22,25088,180415377
-34,-13,-15,25088,180416619
-33,-14,-22,25088,180417861
-31,-13,-31,25088,180419105
-30,-11,-28,25088,180420349
-44,-7,-12,25600,180421593
-36,-11,-27,25088,180422837
-38,-11,-26,25088,180424081
-36,-9,-18,25088,180425325
-36,-6,-15,25088,180426569
-34,-9,-21,25088,180427813
-34,-8,-20,25600,180429058
-31,-9,-20,25088,180430303
-42,-6,-11,25088,180431548
-39,-10,-30,25088,180432793
-36,-13,-27,25600,180434038
-31,-12,-22,25088,180435283
-32,-9,-23,25088,180436528
-32,-14,-30,25088,180437773
-37,-11,-26,25600,180439022
-30,-11,-33,25088,180440271
-41,-8,-19,25600,180441520
-32,-11,-35,25088,180442769
-33,-9,-32,25088,180444018
-34,-8,-22,25088,180445267
-36,-10,-23,25088,180446516
-39,-8,-29,25088,180447765
-35,-7,-26,25600,180449014
-31,-9,-29,25088,180450263
-42,-10,-16,25600,180451512
-34,-13,-30,25088,180452764
-33,-9,-24,25600,180454016
-43,-7,-14,25088,180455268
-38,-6,-20,25088,180456520
-36,-12,-26,25088,180457772
-36,-8,-26,25088,180459024
-32,-8,-26,25088,180460276
-45,-8,-16,25088,180461528
-36,-11,-26,25600,180462780
-34,-11,-30,25600,180464032
-39,-8,-22,25088,180465284
-36,-7,-24,25088,180466536
-39,-8,-23,25088,180467788
-38,-5,-22,25088,180469050
-33,-8,-28,25088,180470312
-43,-2,-19,25088,180471574
-33,-11,-34,25088,180472836
-36,-8,-25,25600,180474098
-37,-14,-21,25088,180475360
-32,-8,-23,25600,180476622
-35,-10,-29,25600,180477884
-37,-15,-25,25088,180479146
-38,-13,-22,25088,180480393
-35,-11,-21,25088,180481640
-37,-7,-21,25088,180482887
-40,-8,-20,25600,180484134
-35,-11,-25,25600,180485381
-35,-10,-27,25088,180486638
-34,-13,-20,25088,180487895
-36,-13,-21,25088,180489153
-37,-9,-17,25600,180490411
-42,-7,-20,25088,180491669
-38,-11,-34,25088,180492927
-36,-7,-27,25088,180494185
-36,-8,-19,25600,180495443
-36,-9,-22,25088,180496701
-34,-11,-32,25600,180497959
-32,-13,-31,25088,180499218
-35,-14,-27,25088,180500477
-40,-8,-24,25088,180501736
-36,-12,-36,25088,180502995
-38,-12,-22,25088,180504254
-38,-12,-23,25088,180505513
-38,-9,-30,25088,180506772
-34,-10,-27,25088,180508031
-38,-10,-22,25088,180509290
-33,-13,-23,25088,180510549
-39,-10,-24,25088,180511808
-39,-11,-22,25600,180513067
-37,-12,-14,25088,180514326
-40,-11,-22,25088,180515585
-45,-9,-27,25600,180516844
-40,-11,-28,25088,180518103
-37,-12,-21,25088,180519351
-36,-8,-23,25088,180520610
-39,-9,-28,25088,180521869
-36,-12,-31,25600,180523128
-39,-11,-18,25088,180524387
-34,-9,-24,25600,180525646
-33,-11,-34,25088,180526905
-38,-8,-27,25088,180528164
-32,-9,-31,25088,180529423
-37,-5,-30,25600,180530682
-40,-9,-26,25088,180531941
-35,-12,-27,25088,180533200
-36,-12,-16,25088,180534459
-35,-11,-23,25088,180535718
-38,-11,-24,25088,180536977
-37,-12,-16,25600,180538236
-39,-10,-17,25088,180539493
-42,-9,-23,25088,180540750
-42,-6,-22,25088,180542007
-31,-10,-18,25088,180543264
-33,-8,-13,25600,180544521
-36,-10,-27,25088,180545778
-33,-9,-29,25088,180547035
-34,-10,-27,25600,180548292
-35,-12,-25,25088,180549547
-39,-9,-23,25600,180550802
-42,-6,-27,25088,180552057
-37,-11,-19,25088,180553314
-38,-11,-21,25088,180554571
-42,-9,-22,25088,180555828
-38,-7,-26,25088,180557085
-35,-9,-20,25088,180558342
-34,-10,-22,25088,180559598
-34,-10,-23,25088,180560854
-40,-8,-27,25088,180562110
-36,-13,-21,25088,180563366
-36,-10,-17,25088,180564622
-31,-12,-21,25088,180565878
-37,-12,-23,25088,180567134
-37,-10,-18,25088,180568390
-36,-11,-17,25600,180569644
-34,-12,-22,25600,180570898
-41,-8,-25,25600,180572152
-38,-11,-13,25088,180573406
-41,-10,-21,25088,180574660
-44,-12,-27,25088,180575914
-41,-12,-29,25088,180577168
-41,-10,-30,25600,180578422
-39,-10,-26,25088,180579676
-38,-10,-25,25600,180580919
-36,-11,-30,25088,180582162
-38,-10,-26,25088,180583405
-34,-12,-17,25600,180584648
-33,-10,-19,25088,180585891
-34,-7,-26,25088,180587144
-34,-5,-24,25088,180588397
-42,-4,-14,25088,180589649
-35,-13,-28,25088,180590901
-41,-9,-20,25088,180592153
-42,-8,-13,25600,180593405
-39,-10,-20,25088,180594657
-37,-11,-26,25088,180595909
-38,-12,-20,25600,180597161
-34,-15,-23,25088,180598413
-39,-10,-29,25600,180599663
-39,-12,-24,25088,180600913
-38,-11,-18,25600,180602163
-34,-11,-18,25088,180603413
-34,-13,-19,25088,180604663
-32,-13,-30,25600,180605913
-34,-9,-29,25088,180607163
-37,-10,-21,25600,180608413
-38,-12,-20,25088,180609642
-39,-10,-24,25088,180610871
-36,-7,-22,25088,180612100
-35,-11,-16,25088,180613329
-34,-8,-18,25088,180614558
-40,-10,-22,25088,180615787
-37,-10,-25,25088,180617016
-36,-12,-22,25088,180618245
-30,-12,-23,25600,180619474
-28,-11,-25,25600,180620704
-31,-8,-16,25600,180621934
-39,-12,-17,25088,180623164
-35,-12,-22,25600,180624394
-33,-14,-30,25088,180625624
-34,-12,-27,25600,180626854
-35,-12,-22,25088,180628084
-34,-12,-21,25088,180629314
-36,-9,-19,25088,180630543
-34,-9,-17,25088,180631772
-40,-9,-25,25088,180633001
-39,-10,-32,25088,180634230
-36,-13,-34,25088,180635459
-34,-11,-30,25088,180636688
-35,-12,-25,25088,180637917
-32,-10,-22,25088,180639146
-34,-10,-23,25088,180640375
-37,-10,-15,25088,180641604
-41,-12,-20,25088,180642833
-37,-8,-19,25088,180644062
-35,-8,-20,25088,180645291
-37,-8,-21,25088,180646520
-37,-8,-25,25088,180647749
-40,-9,-25,25600,180648978
-40,-10,-23,25088,180650206
-42,-10,-15,25088,180651434
-41,-13,-21,25088,180652662
-39,-9,-23,25088,180653889
-37,-9,-19,25600,180655116
-35,-13,-23,25088,180656343
-34,-8,-23,25088,180657570
-39,-7,-21,25600,180658797
-40,-10,-22,25600,180660025
-39,-9,-26,25088,180661253
-39,-10,-22,25088,180662481
-36,-10,-19,25600,180663709
-38,-11,-22,25088,180664937
-34,-9,-27,25088,180666165
-37,-9,-27,25600,180667393
-38,-7,-13,25088,180668621
-37,-9,-20,25088,180669850
-32,-6,-19,25088,180671079
-37,-8,-24,25088,180672308
-37,-12,-26,25088,180673537
-41,-8,-24,25088,180674766
-42,-10,-33,25088,180675995
-34,-13,-22,25600,180677224
-33,-12,-28,25600,180678453
-35,-11,-26,25088,180679682
-38,-10,-26,25600,180680921
-35,-8,-20,25600,180682160
-49,-6,-17,25600,180683399
-38,-10,-40,25088,180684638
-37,-12,-28,25088,180685867
-35,-12,-25,25088,180687096
-34,-9,-20,25088,180688325
-34,-11,-23,25088,180689556
-34,-10,-18,25088,180690787
-38,-8,-27,25600,180692018
-33,-8,-23,25088,180693249
-35,-8,-23,25088,180694480
-40,-5,-26,25088,180695711
-41,-11,-17,25088,180696942
-40,-11,-18,25600,180698173
-35,-7,-21,25088,180699407
-33,-9,-24,25088,180700641
-46,-5,-20,25088,180701875
-39,-8,-27,25088,180703109
-39,-12,-28,25088,180704343
-39,-12,-22,25600,180705577
-39,-9,-23,25600,180706811
-38,-12,-30,25088,180708045
-36,-10,-31,25088,180709282
-30,-9,-28,25088,180710519
-38,-7,-18,25088,180711756
-35,-11,-30,25088,180712993
-38,-16,-33,25088,180714230
-39,-13,-24,25088,180715467
-41,-8,-22,25088,180716704
-38,-10,-24,25088,180717941
-38,-15,-26,25600,180719181
-34,-16,-26,25088,180720421
-42,-6,-12,25088,180721661
-37,-10,-25,25600,180722901
-35,-11,-31,25088,180724141
-38,-12,-25,25088,180725381
-40,-10,-22,25600,180726621
-39,-8,-25,25088,180727861
-37,-8,-30,25088,180729103
-36,-8,-26,25600,180730345
-43,-6,-14,25088,180731587
-38,-9,-32,25600,180732829
-41,-9,-28,25600,180734071
-40,-9,-18,25600,180735313
-39,-9,-22,25088,180736555
-40,-11,-26,25088,180737797
-39,-5,-28,25088,180739042
-36,-8,-29,25088,180740287
-49,-5,-13,25088,180741532
-35,-11,-31,25088,180742777
-36,-9,-26,25088,180744022
-35,-13,-12,25600,180745267
-36,-8,-18,25088,180746512
-39,-11,-20,25088,180747757
-39,-13,-18,25088,180749002
-36,-11,-24,25088,180750247
-47,-7,-15,25088,180751492
-37,-11,-36,25088,180752740
-35,-7,-27,25088,180753988
-37,-7,-19,25088,180755236
-37,-4,-20,25088,180756484
-36,-6,-30,25088,180757732
-33,-9,-33,25088,180758981
-35,-10,-27,25600,180760230
-43,-6,-11,25600,180761479
-37,-10,-33,25600,180762728
-40,-14,-25,25088,180763977
-41,-12,-20,25088,180765226
-39,-13,-16,25088,180766475
-39,-11,-19,25088,180767724
-38,-11,-18,25088,180768977
-34,-9,-21,25088,180770230
-42,-9,-15,25088,180771483
-36,-13,-32,25088,180772736
-37,-10,-14,25088,180773989
-37,-13,-18,25088,180775242
-35,-13,-27,25600,180776495
-33,-9,-26,25088,180777748
-32,-9,-27,25088,180778993
-36,-13,-27,25088,180780238
-43,-6,-21,25600,180781483
-41,-10,-27,25088,180782728
-37,-9,-17,25088,180783973
-36,-8,-18,25088,180785218
-40,-8,-24,25088,180786474
-39,-10,-24,25088,180787730
-39,-12,-27,25088,180788987
-38,-9,-29,25088,180790244
-41,-7,-15,25088,180791501
-36,-8,-29,25088,180792758
-34,-8,-27,25088,180794015
-32,-11,-17,25600,180795272
-31,-11,-17,25600,180796529
-35,-11,-24,25088,180797786
-38,-11,-23,25600,180799045
-38,-10,-25,25088,180800304
-45,-8,-20,25088,180801563
-36,-10,-29,25088,180802822
-38,-12,-16,25600,180804081
-37,-9,-19,25088,180805340
-37,-8,-29,25088,180806599
-36,-7,-33,25088,180807858
-36,-7,-27,25088,180809117
-33,-10,-21,25600,180810376
-41,-8,-31,25600,180811635
-33,-13,-36,25600,180812894
-34,-11,-22,25088,180814153
-37,-9,-24,25088,180815412
-34,-9,-26,25088,180816671
-32,-8,-24,25088,180817930
-31,-11,-18,25088,180819178
-35,-12,-18,25088,180820438
-40,-6,-16,25088,180821698
-39,-8,-24,25088,180822958
-37,-9,-14,25600,180824218
-40,-6,-19,25088,180825478
-38,-10,-21,25088,180826738
-40,-12,-25,25600,180827998
-41,-10,-22,25088,180829258
-36,-8,-22,25088,180830518
-32,-5,-23,25088,180831778
-30,-7,-29,25600,180833038
-32,-11,-21,25088,180834298
-34,-12,-28,25088,180835558
-38,-12,-26,25088,180836818
-38,-10,-21,25600,180838078
-35,-8,-19,25600,180839338
-34,-6,-16,25088,180840598
-34,-1,-21,25088,180841858
-34,-6,-18,25600,180843118
-35,-10,-21,25600,180844378
-36,-12,-21,25088,180845638
-33,-14,-20,25088,180846898
-35,-10,-23,25600,180848158
-35,-13,-30,25088,180849416
-38,-11,-25,25088,180850674
-40,-9,-24,25600,180851932
-32,-13,-21,25088,180853191
-38,-12,-22,25088,180854450
-37,-8,-21,25600,180855709
-37,-10,-32,25088,180856968
-39,-10,-18,25088,180858227
-37,-12,-16,25088,180859486
-36,-8,-20,25088,180860745
-41,-9,-30,25088,180862004
-39,-9,-21,25600,180863263
-39,-10,-18,25088,180864522
-40,-11,-28,25088,180865781
-37,-10,-31,25600,180867040
-33,-8,-23,25600,180868299
-36,-10,-19,25088,180869557
-35,-12,-24,25088,180870815
-37,-5,-29,25088,180872073
-33,-9,-16,25088,180873331
-34,-9,-22,25088,180874589
-33,-9,-23,25088,180875847
-37,-11,-25,25088,180877105
-34,-9,-20,25088,180878363
-39,-9,-21,25088,180879621
-38,-7,-22,25088,180880867
-34,-10,-22,25600,180882113
-40,-6,-22,25088,180883359
-38,-8,-18,25088,180884605
-40,-6,-30,25600,180885851
-34,-5,-30,25088,180887108
-31,-7,-31,25088,180888365
-41,-8,-16,25088,180889620
-37,-9,-31,25088,180890875
-37,-6,-33,25600,180892130
-38,-6,-20,25600,180893385
-33,-8,-22,25088,180894640
-33,-11,-29,25600,180895895
-31,-13,-30,25600,180897150
-36,-12,-25,25088,180898405
-37,-6,-28,25600,180899658
-40,-5,-21,25600,180900911
-39,-5,-23,25088,180902164
-36,-7,-23,25600,180903417
-37,-5,-22,25600,180904670
-36,-9,-25,25088,180905923
-40,-7,-28,25600,180907176
-38,-9,-21,25088,180908429
-32,-8,-18,25088,180909681
-31,-4,-20,25600,180910933
-36,-4,-24,25088,180912185
-37,-11,-22,25600,180913437
-35,-12,-24,25600,180914689
-34,-9,-23,25088,180915941
-31,-4,-27,25600,180917193
-34,-6,-29,25600,180918445
-33,-6,-23,25088,180919685
-37,-9,-24,25088,180920914
-38,-8,-22,25088,180922143
-37,-9,-18,25088,180923372
-36,-8,-23,25088,180924601
-40,-5,-24,25600,180925830
-37,-7,-23,25088,180927059
-34,-8,-25,25088,180928288
-35,-11,-23,25600,180929517
-37,-9,-21,25600,180930745
-39,-5,-22,25600,180931973
-35,-5,-28,25088,180933201
-32,-7,-21,25088,180934429
-34,-6,-25,25600,180935657
-35,-11,-28,25088,180936885
-33,-7,-22,25088,180938113
-37,-8,-20,25088,180939341
-34,-5,-21,25088,180940578
-33,-6,-20,25088,180941815
-37,-6,-28,25088,180943052
-34,-5,-23,25088,180944289
-41,-7,-25,25600,180945526
-38,-8,-20,25088,180946751
-34,-9,-23,25600,180947976
-40,-7,-13,25088,180949201
-37,-7,-35,25088,180950447
-36,-7,-26,25088,180951693
-36,-12,-20,25088,180952915
-33,-12,-32,25088,180954137
-33,-11,-28,25600,180955359
-33,-10,-20,25600,180956581
-33,-13,-16,25088,180957803
-30,-12,-24,25088,180959025
-33,-14,-20,25088,180960246
-34,-9,-15,25088,180961467
-36,-10,-25,25088,180962688
-37,-8,-24,25088,180963909
-37,-9,-18,25600,180965130
-37,-12,-23,25088,180966351
-32,-12,-17,25600,180967572
-34,-10,-18,25600,180968793
-34,-11,-22,25088,180970021
-35,-9,-15,25088,180971249
-34,-9,-21,25088,180972477
-30,-10,-25,25088,180973705
-31,-11,-29,25088,180974933
-32,-11,-28,25088,180976161
-33,-11,-23,25600,180977389
-29,-9,-20,25088,180978617
-33,-7,-23,25600,180979853
-30,-7,-25,25600,180981089
-45,-1,-13,25088,180982325
-38,-10,-27,25600,180983561
-36,-9,-22,25088,180984797
-33,-7,-18,25600,180986033
-36,-12,-23,25600,180987258
-34,-9,-30,25600,180988483
-36,-7,-29,25600,180989711
-33,-11,-18,25088,180990939
-36,-9,-18,25600,180992167
-36,-8,-27,25088,180993395
-32,-11,-28,25088,180994623
-35,-10,-25,25088,180995851
-32,-12,-24,25600,180997079
-31,-9,-24,25088,180998307
-32,-6,-23,25088,180999537
-26,-9,-18,25088,181000767
-42,-8,-15,25600,181001997
-34,-10,-27,25088,181003227
-34,-11,-30,25600,181004457
-38,-7,-24,25600,181005687
-37,-10,-15,25088,181006917
-36,-12,-16,25088,181008147
-38,-10,-21,25088,181009376
-31,-12,-25,25088,181010605
-39,-7,-17,25088,181011834
-32,-7,-26,25088,181013067
-34,-8,-26,25088,181014300
-30,-9,-25,25088,181015533
-33,-11,-17,25088,181016766
-40,-7,-16,25088,181017999
-35,-11,-19,25088,181019236
-29,-8,-22,25088,181020473
-34,-6,-14,25088,181021710
-32,-8,-15,25088,181022947
-34,-10,-25,25088,181024184
-36,-8,-26,25088,181025421
-38,-7,-20,25600,181026658
-34,-10,-22,25088,181027895
-37,-9,-24,25088,181029135
-31,-9,-24,25088,181030375
-41,-7,-9,25088,181031615
-35,-8,-34,25088,181032855
-35,-6,-30,25600,181034095
-34,-6,-20,25088,181035335
-31,-8,-22,25088,181036575
-31,-6,-24,25088,181037815
-34,-11,-21,25088,181039071
-32,-10,-18,25600,181040327
-43,-5,-10,25088,181041583
-36,-10,-29,25600,181042839
-34,-7,-24,25600,181044095
-33,-10,-22,25088,181045340
-31,-4,-27,25600,181046585
-35,-3,-24,25600,181047830
-32,-7,-14,25088,181049072
-29,-10,-21,25088,181050314
-34,-5,-19,25600,181051556
-27,-8,-25,25088,181052805
-27,-9,-31,25600,181054054
-31,-10,-28,25600,181055303
-34,-8,-23,25600,181056552
-35,-8,-28,25088,181057801
-34,-6,-28,25600,181059053
-26,-9,-27,25088,181060305
-37,-6,-16,25600,181061557
-32,-11,-31,25088,181062809
-32,-10,-33,25600,181064061
-29,-7,-23,25600,181065313
-32,-7,-15,25600,181066565
-31,-7,-21,25600,181067817
-35,-12,-21,25088,181069077
-32,-9,-23,25088,181070337
-41,-5,-16,25088,181071597
-34,-6,-34,25600,181072857
-33,-8,-25,25088,181074117
-34,-9,-20,25600,181075377
-33,-9,-22,25088,181076637
-33,-9,-22,25088,181077897
-31,-11,-23,25088,181079147
-33,-11,-22,25088,181080394
-37,-9,-22,25088,181081641
-32,-10,-15,25088,181082888
-36,-9,-21,25088,181084135
-35,-9,-30,25600,181085382
-36,-8,-27,25088,181086644
-35,-8,-23,25088,181087906
-33,-8,-23,25088,181089166
-34,-12,-26,25088,181090426
-37,-9,-20,25088,181091686
-36,-7,-31,25088,181092946
-37,-8,-32,25088,181094206
-34,-12,-24,25088,181095466
-34,-10,-18,25088,181096726
-33,-4,-29,25088,181097986
-33,-8,-30,25088,181099244
-33,-12,-28,25088,181100502
-36,-8,-15,25600,181101760
-29,-10,-25,25088,181103018
-34,-8,-13,25088,181104276
-32,-7,-13,25088,181105534
-35,-5,-20,25600,181106792
-35,-8,-29,25600,181108050
-35,-7,-28,25088,181109307
-36,-5,-25,25088,181110564
-37,-6,-17,25088,181111821
-34,-8,-27,25088,181113081
-33,-7,-20,25088,181114341
-35,-3,-15,25088,181115601
-32,-4,-29,25088,181116861
-29,-3,-30,25600,181118121
-34,-6,-19,25088,181119381
-28,-8,-25,25088,181120641
-33,-8,-24,25088,181121901
-27,-7,-34,25088,181123161
-34,-7,-12,25600,181124421
-31,-11,-20,25088,181125681
-36,-11,-22,25088,181126941
-34,-9,-25,25088,181128201
-33,-8,-23,25088,181129458
-38,-3,-22,25088,181130715
-39,-6,-20,25600,181131972
-29,-9,-28,25600,181133229
-32,-8,-19,25088,181134486
-32,-8,-23,25088,181135743
-29,-9,-28,25088,181137000
-29,-9,-23,25600,181138257
-27,-8,-22,25088,181139504
-28,-5,-23,25088,181140751
-35,-9,-23,25088,181141998
-35,-6,-28,25600,181143245
-32,-5,-21,25600,181144492
-33,-11,-20,25088,181145739
-35,-13,-15,25088,181146997
-31,-11,-18,25088,181148255
-43,-6,-15,25600,181149509
-37,-6,-19,25600,181150763
-36,-9,-25,25088,181152017
-34,-7,-33,25088,181153273
-34,-10,-23,25088,181154529
-37,-10,-18,25088,181155785
-32,-11,-38,25088,181157041
-32,-8,-24,25088,181158297
-30,-9,-19,25600,181159552
-31,-9,-22,25088,181160807
-31,-10,-29,25600,181162062
-29,-5,-17,25088,181163317
-29,-6,-12,25600,181164572
-32,-7,-19,25600,181165827
-33,-10,-20,25600,181167082
-36,-9,-18,25088,181168337
-33,-10,-21,25088,181169577
-35,-13,-23,25088,181170817
-34,-8,-23,25088,181172057
-31,-9,-16,25088,181173297
-36,-10,-14,25600,181174537
-30,-12,-27,25088,181175777
-29,-7,-28,25088,181177017
-28,-7,-29,25088,181178257
-30,-7,-25,25088,181179497
-33,-11,-23,25088,181180739
-27,-10,-24,25088,181181981
-39,-8,-12,25088,181183223
-32,-6,-30,25088,181184465
-30,-5,-32,25600,181185707
-31,-8,-17,25600,181186959
-27,-11,-18,25088,181188211
-41,-6,-13,25600,181189461
-32,-12,-29,25088,181190711
-32,-8,-30,25088,181191961
-30,-11,-20,25088,181193211
-29,-11,-14,25088,181194461
-32,-8,-19,25088,181195711
-32,-9,-22,25600,181196961
-32,-8,-22,25088,181198211
-31,-5,-17,25600,181199461
-30,-9,-20,25088,181200711
-32,-9,-26,25088,181201961
-33,-9,-17,25088,181203211
-33,-7,-24,25088,181204461
-30,-5,-28,25600,181205711
-30,-10,-23,25088,181206961
-33,-9,-31,25088,181208211
-34,-8,-22,25088,181209439
-32,-10,-27,25088,181210667
-34,-5,-32,25600,181211895
-28,-8,-25,25600,181213123
-29,-11,-28,25088,181214373
-34,-10,-32,25088,181215623
-28,-10,-22,25088,181216873
-31,-8,-26,25088,181218123
-32,-7,-28,25088,181219356
-31,-6,-24,25600,181220579
-32,-5,-26,25088,181221802
-30,-9,-21,25088,181223025
-33,-8,-19,25088,181224248
-33,-7,-24,25088,181225471
-30,-5,-28,25088,181226694
-30,-4,-23,25600,181227917
-29,-6,-27,25600,181229140
-32,-11,-23,25088,181230364
-32,-8,-17,25088,181231588
-35,-9,-20,25600,181232812
-32,-8,-26,25088,181234036
-36,-7,-27,25088,181235260
-37,-10,-29,25088,181236484
-38,-11,-28,25600,181237708
-37,-9,-23,25600,181238932
-33,-7,-30,25600,181240157
-34,-3,-22,25088,181241382
-33,-9,-25,25600,181242607
-34,-6,-27,25600,181243832
-32,-6,-25,25600,181245057
-31,-9,-22,25088,181246282
-32,-4,-22,25600,181247508
-32,-7,-21,25088,181248734
-31,-10,-15,25088,181249982
-34,-7,-20,25088,181251230
-35,-5,-22,25600,181252451
-34,-8,-26,25600,181253672
-31,-9,-25,25088,181254893
-33,-8,-12,25600,181256114
-35,-10,-21,25088,181257335
-37,-8,-24,25088,181258556
-36,-8,-24,25600,181259782
-37,-8,-21,25600,181261008
-31,-11,-25,25088,181262234
-30,-8,-29,25088,181263460
-34,-12,-32,25600,181264686
-35,-9,-27,25600,181265912
-36,-8,-30,25088,181267138
-35,-8,-31,25088,181268364
-33,-10,-26,25088,181269595
-31,-6,-18,25088,181270826
-41,-8,-21,25600,181272057
-33,-9,-26,25088,181273288
-33,-9,-26,25088,181274519
-32,-9,-20,25088,181275750
-33,-6,-20,25088,181276981
-34,-8,-19,25088,181278212
-34,-6,-23,25088,181279439
-31,-5,-25,25088,181280666
-39,0,-13,25600,181281893
-35,-8,-27,25088,181283120
-33,-7,-29,25088,181284347
-35,-6,-26,25088,181285574
-32,-11,-21,25088,181286806
-38,-6,-22,25088,181288038
-35,-5,-24,25600,181289274
-36,-9,-27,25088,181290510
-37,-11,-31,25088,181291746
-39,-8,-23,25600,181292982
-36,-9,-24,25600,181294218
-30,-5,-26,25600,181295454
-29,-5,-23,25088,181296690
-31,-5,-18,25600,181297926
-37,-5,-19,25088,181299165
-29,-10,-22,25600,181300404
-40,-8,-20,25600,181301643
-32,-9,-20,25088,181302882
-34,-7,-23,25088,181304121
-36,-5,-30,25600,181305360
-37,-4,-19,25088,181306599
-34,-5,-17,25088,181307838
-35,-5,-26,25088,181309081
-30,-3,-22,25600,181310324
-39,-6,-16,25600,181311567
-30,-9,-26,25088,181312808
-33,-8,-22,25600,181314049
-38,-5,-23,25600,181315290
-31,-5,-20,25088,181316531
-31,-4,-25,25088,181317772
-31,-8,-33,25088,181319017
-27,-10,-23,25088,181320262
-35,-9,-22,25600,181321507
-34,-8,-20,25088,181322752
-33,-7,-28,25600,181323997
-34,-6,-24,25088,181325242
-32,-8,-18,25088,181326487
-31,-6,-22,25600,181327732
-28,-5,-25,25088,181328980
-24,-7,-21,25088,181330228
-36,-5,-8,25088,181331476
-28,-10,-26,25088,181332724
-28,-6,-26,25088,181333972
-30,-10,-14,25088,181335220
-31,-9,-18,25088,181336468
-34,-7,-21,25088,181337716
-35,-8,-19,25088,181338962
-31,-10,-23,25088,181340208
-42,-9,-12,25088,181341454
-32,-11,-29,25088,181342700
-35,-7,-27,25088,181343946
-34,-7,-19,25088,181345192
-37,-8,-17,25088,181346446
-35,-8,-29,25088,181347700
-38,-10,-32,25088,181348952
-30,-11,-25,25088,181350204
-37,-4,-23,25600,181351456
-37,-8,-23,25600,181352713
-33,-11,-22,25088,181353970
-37,-9,-21,25088,181355227
-37,-7,-22,25088,181356484
-36,-7,-27,25088,181357741
-34,-10,-21,25088,181359000
-29,-9,-20,25088,181360259
-37,-5,-9,25600,181361518
-32,-9,-24,25088,181362777
-31,-12,-27,25088,181364036
-32,-7,-19,25088,181365295
-35,-3,-23,25600,181366554
-34,-7,-19,25600,181367813
-36,-11,-23,25088,181369078
-31,-14,-28,25088,181370343
-40,-7,-13,25600,181371608
-33,-11,-33,25600,181372873
-35,-9,-21,25600,181374138
-28,-8,-19,25088,181375403
-28,-7,-18,25600,181376668
-33,-8,-27,25088,181377933
-33,-8,-26,25088,181379188
-36,-9,-19,25088,181380443
-36,-6,-24,25600,181381698
-34,-7,-22,25088,181382953
-33,-6,-17,25600,181384208
-33,-6,-22,25600,181385463
-31,-12,-24,25088,181386728
-29,-12,-23,25600,181387993
-36,-11,-21,25600,181389257
-29,-7,-14,25600,181390521
-40,-8,-18,25600,181391785
-32,-14,-28,25088,181393049
-35,-15,-16,25600,181394313
-30,-9,-15,25088,181395577
-34,-12,-17,25088,181396841
-36,-11,-22,25088,181398105
-36,-12,-26,25088,181399366
-38,-9,-25,25600,181400627
-44,-3,-16,25600,181401888
-33,-8,-29,25600,181403149
-37,-8,-13,25088,181404410
-35,-10,-19,25088,181405671
-37,-12,-29,25600,181406932
-35,-11,-27,25088,181408193
-33,-12,-25,25088,181409458
-33,-10,-25,25600,181410723
-40,-7,-19,25600,181411988
-31,-12,-32,25088,181413249
-33,-13,-14,25088,181414510
-39,-12,-22,25088,181415771
-38,-11,-32,25600,181417032
-37,-12,-18,25600,181418293
-40,-11,-26,25088,181419553
-37,-6,-32,25088,181420813
-39,-11,-16,25088,181422073
-34,-10,-32,25600,181423333
-37,-6,-24,25600,181424593
-37,-7,-22,25600,181425853
-34,-14,-28,25088,181427113
-36,-12,-27,25088,181428373
-35,-13,-23,25088,181429629
-34,-13,-21,25088,181430885
-36,-9,-20,25088,181432141
-29,-11,-23,25088,181433397
-32,-12,-15,25600,181434653
-37,-16,-17,25088,181435909
-37,-13,-26,25600,181437165
-35,-9,-30,25600,181438421
-35,-9,-25,25088,181439673
-35,-6,-21,25088,181440925
-37,-4,-26,25088,181442177
-29,-11,-29,25088,181443429
-33,-7,-15,25600,181444681
-36,-6,-26,25600,181445933
-38,-6,-20,25600,181447190
-36,-9,-29,25088,181448447
-42,-9,-18,25088,181449699
-34,-12,-35,25088,181450951
-36,-8,-24,25088,181452203
-36,-9,-24,25600,181453456
-38,-9,-19,25088,181454709
-40,-9,-12,25088,181455962
-35,-12,-27,25600,181457215
-33,-9,-19,25600,181458468
-35,-7,-19,25088,181459720
-36,-8,-28,25600,181460972
-34,-9,-32,25088,181462224
-32,-10,-29,25088,181463476
-33,-9,-16,25088,181464728
-37,-10,-26,25600,181465980
-33,-8,-26,25088,181467232
-37,-7,-23,25088,181468484
-31,-9,-20,25088,181469735
-37,-10,-23,25088,181470986
-41,-9,-24,25088,181472237
-36,-7,-19,25600,181473488
-38,-8,-20,25088,181474739
-35,-10,-26,25088,181475990
-39,-6,-20,25600,181477241
-39,-9,-24,25600,181478492
-40,-7,-27,25600,181479729
-36,-11,-25,25600,181480964
-42,-8,-21,25088,181482199
-39,-8,-23,25088,181483434
-36,-11,-22,25088,181484669
-36,-10,-21,25088,181485904
-37,-8,-20,25600,181487151
-33,-10,-22,25088,181488398
-43,-10,-17,25088,181489644
-37,-10,-22,25088,181490890
-37,-11,-31,25088,181492136
-35,-9,-25,25088,181493382
-38,-7,-17,25600,181494628
-35,-10,-23,25088,181495874
-36,-11,-26,25088,181497120
-35,-9,-22,25600,181498366
-35,-9,-20,25088,181499612
-40,-10,-21,25600,181500858
-43,-11,-21,25600,181502104
-37,-14,-15,25600,181503350
-36,-10,-16,25600,181504596
-38,-8,-24,25600,181505842
-37,-12,-26,25088,181507088
-41,-8,-23,25088,181508334
-38,-11,-25,25088,181509557
-39,-11,-20,25088,181510780
-41,-8,-21,25600,181512003
-35,-11,-15,25088,181513226
-36,-13,-18,25088,181514472
-38,-13,-20,25600,181515718
-38,-12,-16,25088,181516964
-40,-8,-26,25600,181518210
-42,-12,-19,25088,181519433
-41,-12,-21,25088,181520678
-40,-8,-23,25088,181521923
-33,-8,-12,25088,181523168
-38,-4,-17,25600,181524413
-35,-7,-27,25088,181525658
-37,-6,-25,25600,181526903
-36,-6,-22,25088,181528148
-36,-11,-30,25600,181529393
-36,-12,-19,25088,181530638
-39,-10,-23,25088,181531883
-37,-7,-16,25088,181533128
-32,-12,-20,25088,181534373
-33,-13,-20,25600,181535618
-31,-13,-21,25088,181536863
-34,-12,-27,25088,181538108
-35,-11,-20,25600,181539352
-34,-13,-17,25088,181540596
-38,-8,-15,25088,181541840
-43,-13,-16,25600,181543084
-38,-12,-20,25088,181544328
-34,-13,-18,25088,181545572
-37,-15,-21,25088,181546794
-38,-11,-22,25088,181548016
-37,-8,-23,25088,181549238
-36,-7,-11,25088,181550460
-36,-11,-22,25088,181551682
-35,-11,-24,25088,181552904
-35,-11,-26,25088,181554122
-38,-11,-21,25088,181555340
-37,-12,-22,25088,181556558
-37,-16,-24,25088,181557776
-38,-14,-23,25088,181558994
-39,-11,-26,25088,181560217
-41,-10,-22,25600,181561440
-36,-11,-15,25088,181562663
-37,-12,-22,25088,181563886
-41,-10,-24,25088,181565109
-38,-11,-23,25088,181566332
-41,-10,-27,25600,181567555
-38,-13,-23,25088,181568778
-38,-13,-27,25088,181570004
-32,-7,-20,25088,181571230
-35,-6,-11,25600,181572456
-35,-8,-17,25088,181573682
-34,-8,-19,25600,181574908
-36,-10,-22,25600,181576134
-36,-9,-17,25600,181577360
-36,-11,-17,25088,181578586
-34,-8,-20,25600,181579827
-34,-9,-24,25088,181581068
-43,-12,-21,25088,181582309
-39,-15,-17,25088,181583550
-35,-11,-25,25088,181584791
-33,-11,-27,25088,181586019
-33,-9,-19,25600,181587247
-39,-8,-23,25088,181588475
-36,-7,-22,25600,181589703
-34,-10,-12,25088,181590931
-35,-13,-22,25600,181592159
-39,-12,-22,25088,181593387
-36,-12,-19,25600,181594615
-35,-15,-20,25088,181595843
-40,-16,-16,25088,181597071
-39,-13,-16,25088,181598299
-37,-16,-18,25600,181599528
-35,-12,-16,25600,181600757
-43,-11,-17,25088,181601986
-34,-14,-28,25088,181603215
-35,-9,-31,25600,181604444
-34,-4,-20,25088,181605673
-36,-6,-22,25600,181606902
-34,-12,-21,25088,181608131
-35,-13,-19,25088,181609363
-33,-12,-17,25088,181610595
-41,-8,-22,25088,181611827
-36,-13,-25,25088,181613060
-34,-12,-25,25088,181614293
-40,-6,-24,25600,181615526
-37,-8,-25,25600,181616759
-36,-11,-23,25600,181617992
-36,-12,-29,25088,181619229
-32,-7,-18,25088,181620466
-40,-6,-19,25088,181621703
-39,-11,-15,25600,181622940
-38,-13,-26,25088,181624177
-36,-9,-29,25600,181625414
-35,-8,-22,25088,181626651
-37,-7,-17,25600,181627888
-37,-10,-21,25600,181629128
-34,-11,-25,25600,181630368
-42,-7,-10,25088,181631608
-33,-12,-30,25088,181632848
-31,-12,-29,25088,181634088
-32,-9,-20,25088,181635328
-36,-8,-20,25600,181636568
-37,-12,-25,25088,181637808
-36,-10,-26,25600,181639046
-31,-9,-18,25088,181640284
-43,-6,-15,25600,181641522
-33,-11,-27,25600,181642760
-36,-8,-25,25600,181643998
-35,-8,-18,25088,181645236
-36,-13,-16,25088,181646481
-39,-6,-12,25600,181647726
-37,-11,-22,25088,181648969
-36,-11,-19,25088,181650212
-40,-10,-19,25088,181651455
-35,-10,-20,25600,181652704
-33,-8,-15,25600,181653953
-35,-9,-24,25600,181655202
-39,-10,-21,25088,181656451
-39,-13,-20,25088,181657700
-40,-12,-24,25600,181658953
-31,-4,-27,25088,181660206
-42,-4,-11,25088,181661459
-37,-7,-24,25088,181662712
-40,-7,-24,25088,181663965
-37,-10,-19,25600,181665218
-41,-11,-17,25600,181666471
-38,-9,-22,25600,181667724
-34,-9,-22,25088,181668978
-30,-13,-24,25088,181670232
-44,-11,-12,25088,181671486
-34,-12,-33,25088,181672740
-37,-9,-22,25600,181673994
-39,-10,-17,25088,181675248
-37,-7,-21,25088,181676502
-39,-11,-31,25088,181677756
-38,-13,-22,25088,181679001
-35,-12,-21,25088,181680246
-41,-6,-11,25088,181681491
-33,-9,-27,25088,181682736
-37,-10,-19,25088,181683981
-41,-9,-17,25088,181685226
-39,-9,-22,25088,181686484
-38,-6,-21,25088,181687742
-36,-9,-26,25088,181689002
-37,-6,-32,25088,181690262
-44,-7,-18,25088,181691522
-39,-9,-27,25088,181692782
-39,-7,-31,25600,181694042
-37,-8,-24,25088,181695302
-38,-8,-23,25088,181696562
-34,-7,-27,25600,181697822
-39,-9,-31,25088,181699082
-40,-8,-24,25088,181700342
-44,-9,-12,25088,181701602
-36,-13,-28,25088,181702862
-42,-14,-14,25088,181704122
-44,-10,-14,25600,181705382
-40,-11,-19,25088,181706642
-38,-12,-21,25088,181707902
-38,-10,-23,25088,181709163
-36,-9,-25,25088,181710424
-42,-8,-19,25600,181711685
-35,-11,-33,25088,181712945
-34,-10,-23,25600,181714205
-40,-9,-10,25088,181715465
-37,-8,-27,25088,181716725
-35,-10,-23,25088,181717985
-39,-9,-20,25088,181719245
-35,-9,-19,25088,181720505
-44,-7,-16,25088,181721765
-39,-13,-32,25088,181723025
-40,-13,-21,25088,181724285
-41,-8,-16,25088,181725545
-39,-10,-23,25088,181726805
-35,-12,-31,25088,181728065
-38,-9,-25,25088,181729324
-33,-10,-22,25088,181730583
-33,-9,-24,25088,181731842
-35,-13,-25,25088,181733101
-37,-12,-16,25600,181734360
-39,-12,-19,25600,181735619
-42,-12,-25,25088,181736878
-42,-7,-19,25088,181738137
-38,-9,-20,25088,181739390
-36,-9,-20,25088,181740643
-42,-8,-20,25088,181741896
-35,-11,-21,25088,181743149
-34,-7,-16,25088,181744402
-39,-10,-27,25600,181745655
-38,-7,-27,25088,181746916
-35,-9,-23,25088,181748177
-44,-7,-20,25088,181749434
-37,-9,-38,25600,181750691
-39,-11,-27,25600,181751948
-39,-7,-22,25600,181753207
-35,-9,-18,25088,181754466
-42,-7,-22,25088,181755725
-39,-9,-34,25088,181756984
-40,-9,-26,25088,181758243
-44,-10,-22,25088,181759501
-41,-11,-22,25600,181760759
-39,-9,-24,25088,181762017
-32,-9,-25,25088,181763275
-39,-6,-13,25600,181764533
-37,-6,-15,25600,181765791
-36,-7,-22,25088,181767049
-35,-8,-23,25088,181768307
-37,-8,-20,25600,181769564
-34,-9,-27,25088,181770821
-42,-6,-24,25088,181772078
-36,-8,-17,25088,181773335
-39,-8,-14,25088,181774592
-41,-8,-21,25600,181775849
-41,-10,-22,25088,181777106
-38,-11,-27,25600,181778363
-37,-9,-20,25088,181779607
-35,-12,-25,25088,181780849
-37,-9,-31,25600,181782091
-32,-12,-26,25088,181783333
-36,-12,-22,25600,181784575
-35,-12,-27,25088,181785817
-33,-11,-28,25600,181787071
-30,-11,-21,25088,181788325
-36,-8,-10,25088,181789578
-33,-12,-22,25088,181790831
-36,-10,-30,25600,181792084
-31,-7,-15,25600,181793337
-32,-10,-16,25088,181794590
-33,-11,-20,25088,181795843
-34,-9,-21,25088,181797096
-28,-10,-20,25088,181798349
-38,-9,-22,25088,181799600
-38,-12,-29,25600,181800851
-42,-9,-29,25088,181802102
-33,-7,-22,25088,181803353
-36,-9,-24,25088,181804604
-39,-5,-33,25600,181805855
-32,-8,-25,25088,181807106
-31,-9,-26,25600,181808357
-33,-8,-27,25088,181809609
-37,-9,-20,25600,181810861
-38,-6,-18,25088,181812113
-35,-10,-14,25600,181813363
-33,-10,-16,25088,181814613
-37,-7,-31,25600,181815863
-36,-14,-19,25088,181817113
-38,-12,-28,25600,181818363
-33,-9,-29,25088,181819592
-32,-11,-23,25088,181820840
-38,-7,-26,25088,181822088
-33,-16,-19,25088,181823336
-36,-12,-21,25600,181824584
-35,-12,-24,25088,181825832
-35,-8,-22,25088,181827080
-34,-8,-28,25088,181828328
-38,-11,-25,25088,181829576
-36,-12,-24,25088,181830824
-36,-8,-23,25088,181832072
-35,-9,-20,25088,181833320
-35,-9,-26,25088,181834568
-34,-10,-23,25088,181835816
-35,-12,-28,25088,181837064
-36,-11,-27,25600,181838312
-33,-13,-26,25088,181839554
-35,-12,-18,25600,181840796
-37,-7,-20,25600,181842038
-34,-12,-20,25600,181843280
-31,-10,-21,25088,181844522
-33,-9,-16,25088,181845764
-33,-13,-18,25088,181846988
-38,-12,-20,25088,181848212
-37,-9,-21,25088,181849436
-35,-7,-19,25088,181850680
-41,-8,-14,25088,181851924
-34,-6,-20,25088,181853141
-33,-9,-32,25088,181854358
-34,-10,-33,25088,181855575
-35,-12,-18,25600,181856792
-32,-14,-25,25600,181858009
-34,-11,-25,25600,181859226
-37,-8,-22,25600,181860447
-39,-6,-25,25600,181861668
-39,-9,-21,25088,181862889
-34,-9,-29,25600,181864110
-34,-8,-25,25088,181865331
-35,-8,-25,25088,181866552
-38,-7,-27,25088,181867773
-35,-9,-24,25088,181868994
-35,-14,-15,25088,181870218
-33,-10,-18,25088,181871442
-39,-7,-29,25088,181872666
-32,-5,-27,25088,181873890
-36,-5,-29,25600,181875114
-35,-8,-29,25600,181876338
-34,-12,-22,25600,181877562
-38,-9,-17,25088,181878786
-40,-14,-19,25088,181880024
-37,-8,-21,25600,181881262
-43,-11,-16,25600,181882500
-36,-12,-21,25088,181883738
-34,-12,-29,25088,181884976
-35,-10,-28,25088,181886200
-33,-10,-27,25088,181887424
-37,-7,-23,25088,181888648
-32,-7,-29,25088,181889872
-39,-7,-14,25088,181891096
-36,-9,-25,25088,181892320
-34,-5,-24,25088,181893544
-38,-7,-17,25600,181894768
-33,-10,-16,25088,181895992
-34,-7,-17,25088,181897216
-39,-2,-22,25088,181898440
-38,-3,-24,25088,181899665
-35,-9,-21,25088,181900890
-44,-8,-20,25088,181902115
-37,-10,-29,25088,181903340
-34,-12,-28,25088,181904565
-32,-15,-22,25600,181905790
-34,-11,-22,25088,181907015
-30,-11,-29,25088,181908240
-33,-6,-23,25088,181909463
-28,-4,-25,25088,181910686
-40,-2,-18,25600,181911909
-33,-10,-29,25088,181913137
-33,-5,-25,25088,181914365
-32,-8,-20,25088,181915593
-39,-9,-19,25088,181916821
-42,-10,-21,25088,181918049
-42,-11,-25,25088,181919282
-36,-8,-27,25088,181920515
-36,-6,-28,25600,181921748
-33,-7,-22,25088,181922981
-34,-10,-28,25088,181924214
-32,-8,-30,25600,181925447
-33,-7,-25,25088,181926680
-30,-8,-20,25088,181927913
-28,-6,-26,25088,181929149
-26,-8,-25,25088,181930385
-42,-7,-8,25088,181931621
-35,-13,-30,25088,181932857
-36,-12,-28,25600,181934093
-34,-8,-24,25088,181935329
-33,-12,-14,25600,181936565
-34,-11,-16,25600,181937801
-34,-12,-24,25600,181939054
-29,-10,-25,25088,181940307
-41,-9,-12,25088,181941560
-35,-12,-30,25600,181942813
-34,-13,-29,25600,181944066
-29,-10,-19,25088,181945308
-26,-12,-24,25088,181946550
-36,-7,-29,25088,181947792
-33,-9,-18,25088,181949031
-29,-13,-22,25088,181950270
-37,-9,-25,25088,181951509
-37,-10,-26,25088,181952755
-32,-11,-24,25600,181954001
-39,-10,-23,25600,181955247
-37,-9,-12,25600,181956493
-34,-12,-22,25600,181957739
-34,-13,-25,25088,181958990
-30,-8,-25,25088,181960241
-44,-7,-12,25088,181961492
-34,-11,-19,25088,181962743
-34,-12,-29,25088,181963994
-34,-9,-21,25600,181965245
-29,-14,-18,25088,181966496
-32,-13,-23,25600,181967747
-32,-13,-24,25088,181968999
-33,-10,-24,25088,181970251
-42,-7,-10,25600,181971503
-31,-11,-32,25088,181972755
-37,-12,-20,25088,181974007
-34,-12,-15,25088,181975259
-35,-10,-19,25088,181976511
-40,-9,-28,25088,181977763
-37,-10,-33,25600,181979007
-32,-9,-27,25600,181980251
-38,-9,-20,25600,181981495
-29,-11,-45,25600,181982739
-36,-12,-24,25088,181983983
-32,-10,-19,25600,181985227
-31,-10,-22,25088,181986485
-34,-9,-24,25088,181987743
-36,-12,-26,25088,181989003
-32,-13,-26,25088,181990263
-34,-5,-18,25088,181991523
-32,-7,-28,25088,181992783
-31,-5,-21,25088,181994043
-33,-8,-14,25088,181995303
-31,-6,-17,25088,181996563
-34,-8,-21,25088,181997823
-33,-9,-21,25088,181999081
-30,-10,-23,25088,182000339
-35,-8,-17,25088,182001597
-35,-11,-30,25088,182002855
-31,-8,-26,25088,182004113
-35,-7,-23,25088,182005371
-36,-6,-25,25600,182006629
-34,-8,-24,25088,182007887
-38,-5,-24,25088,182009147
-35,-3,-25,25088,182010407
-41,-6,-15,25600,182011667
-36,-6,-30,25600,182012926
-31,-7,-17,25088,182014185
-37,-2,-5,25088,182015444
-33,-7,-23,25600,182016703
-35,-10,-21,25088,182017962
-29,-14,-19,25088,182019209
-32,-10,-22,25088,182020470
-38,-6,-16,25088,182021731
-34,-10,-27,25088,182022992
-31,-9,-19,25600,182024253
-34,-9,-21,25088,182025514
-33,-7,-25,25088,182026775
-33,-6,-29,25088,182028036
-31,-11,-29,25088,182029296
-33,-7,-29,25088,182030556
-37,-5,-18,25600,182031816
-33,-7,-32,25600,182033076
-31,-5,-20,25088,182034336
-29,-6,-25,25088,182035596
-29,-11,-30,25088,182036856
-29,-9,-25,25088,182038116
-34,-7,-25,25600,182039370
-33,-12,-23,25088,182040624
-38,-7,-20,25088,182041878
-32,-9,-24,25088,182043132
-32,-8,-19,25088,182044386
-32,-7,-17,25088,182045640
-31,-6,-23,25088,182046901
-32,-9,-27,25600,182048162
-43,-5,-14,25088,182049419
-34,-7,-31,25600,182050676
-29,-6,-28,25088,182051933
-29,-8,-29,25088,182053193
-30,-8,-22,25088,182054453
-31,-10,-16,25088,182055713
-30,-7,-32,25088,182056973
-33,-6,-24,25088,182058233
-32,-5,-17,25600,182059491
-33,-6,-21,25088,182060749
-35,-6,-27,25088,182062007
-36,-7,-26,25600,182063265
-39,-5,-17,25600,182064523
-37,-9,-22,25088,182065781
-32,-11,-25,25088,182067039
-30,-11,-28,25088,182068297
-32,-11,-25,25600,182069554
-33,-9,-26,25088,182070811
-34,-4,-27,25088,182072068
-26,-10,-22,25088,182073325
-34,-8,-20,25088,182074582
-35,-7,-28,25088,182075839
-31,-6,-24,25600,182077096
-31,-6,-21,25088,182078353
-35,-5,-26,25600,182079597
-38,-8,-21,25088,182080840
-38,-4,-22,25088,182082083
-35,-9,-17,25088,182083326
-32,-8,-23,25088,182084569
-30,-9,-25,25600,182085812
-31,-10,-30,25600,182087066
-29,-7,-32,25088,182088320
-32,-5,-22,25088,182089573
-32,-8,-28,25088,182090826
-30,-12,-34,25088,182092079
-28,-7,-28,25088,182093332
-33,-7,-18,25088,182094585
-31,-4,-19,25088,182095838
-30,-2,-21,25600,182097091
-32,-4,-17,25600,182098344
-29,-6,-19,25088,182099596
-38,-6,-19,25088,182100848
-38,0,-29,25600,182102100
-31,-6,-21,25088,182103352
-30,-6,-25,25088,182104604
-32,-6,-21,25600,182105856
-31,-8,-25,25088,182107108
-30,-9,-26,25088,182108360
-31,-9,-24,25088,182109591
-32,-11,-23,25600,182110822
-34,-9,-27,25088,182112053
-26,-9,-21,25088,182113284
-28,-10,-20,25088,182114534
-31,-7,-26,25088,182115784
-34,-7,-26,25088,182117034
-37,-9,-27,25088,182118284
-34,-6,-24,25088,182119511
-36,-7,-20,25088,182120759
-34,-7,-24,25088,182122007
-35,-11,-21,25088,182123255
-36,-9,-21,25088,182124503
-34,-11,-31,25088,182125751
-35,-7,-29,25088,182126999
-33,-7,-22,25600,182128247
-29,-4,-21,25600,182129495
-28,-5,-19,25088,182130743
-35,-5,-17,25088,182131991
-29,-10,-17,25088,182133239
-29,-10,-24,25088,182134487
-32,-10,-22,25088,182135735
-33,-6,-20,25600,182136983
-33,-6,-24,25088,182138231
-36,-5,-20,25600,182139473
-32,-8,-21,25088,182140715
-32,-7,-23,25088,182141957
-31,-10,-16,25088,182143199
-30,-7,-24,25600,182144441
-33,-7,-22,25088,182145683
-31,-10,-28,25088,182146907
-30,-10,-28,25600,182148131
-31,-9,-27,25088,182149355
-30,-9,-26,25088,182150600
-33,-6,-21,25088,182151845
-33,-8,-22,25088,182153062
-30,-8,-27,25088,182154279
-34,-5,-27,25088,182155496
-30,-5,-18,25600,182156713
-27,-9,-20,25088,182157930
-28,-8,-23,25088,182159147
-30,-8,-24,25088,182160369
-36,-8,-21,25600,182161591
-32,-9,-25,25600,182162813
-31,-8,-23,25088,182164035
-29,-6,-22,25088,182165257
-32,-4,-24,25088,182166479
-33,-7,-23,25088,182167701
-30,-9,-27,25600,182168923
-26,-9,-23,25088,182170148
-25,-11,-25,25088,182171373
-38,-11,-25,25600,182172598
-35,-10,-26,25088,182173823
-34,-8,-28,25088,182175048
-32,-9,-31,25088,182176273
-32,-5,-20,25088,182177498
-29,-7,-22,25088,182178723
-35,-8,-19,25600,182179962
-29,-6,-21,25088,182181201
-36,-3,-18,25600,182182440
-36,-5,-20,25600,182183679
-34,-5,-24,25600,182184918
-31,-5,-33,25088,182186143
-30,-8,-27,25088,182187368
-36,-12,-17,25088,182188593
-37,-9,-28,25088,182189818
-35,-6,-12,25088,182191043
-35,-5,-15,25088,182192268
-32,-6,-28,25600,182193493
-35,-4,-25,25088,182194718
-33,-6,-28,25088,182195943
-29,-8,-26,25088,182197168
-29,-7,-20,25088,182198393
-29,-9,-23,25600,182199620
-27,-13,-24,25088,182200847
-38,-7,-19,25088,182202074
-33,-8,-22,25088,182203301
-34,-13,-29,25600,182204528
-35,-12,-29,25600,182205755
-37,-7,-25,25088,182206982
-33,-10,-26,25088,182208209
-36,-8,-29,25088,182209439
-27,-11,-25,25088,182210669
-36,-7,-19,25600,182211899
-29,-12,-22,25600,182213129
-25,-10,-25,25088,182214359
-34,-9,-29,25088,182215589
-33,-4,-21,25088,182216819
-30,-8,-24,25600,182218049
-32,-4,-25,25600,182219283
-27,-8,-15,25088,182220517
-35,-7,-16,25088,182221751
-34,-7,-17,25088,182222985
-37,-5,-19,25600,182224219
-36,-7,-22,25088,182225453
-35,-4,-21,25088,182226687
-35,-9,-21,25600,182227921
-35,-8,-28,25088,182229159
-29,-5,-30,25088,182230397
-39,-3,-23,25088,182231635
-25,-10,-34,25088,182232873
-30,-8,-29,25600,182234111
-27,-5,-25,25088,182235349
-36,-5,-18,25088,182236587
-36,-5,-15,25088,182237825
-37,-5,-20,25088,182239060
-31,-5,-23,25088,182240295
-43,-3,-15,25600,182241530
-36,-10,-27,25088,182242765
-39,-5,-30,25088,182244000
-36,-5,-20,25088,182245235
-34,-5,-20,25088,182246477
-35,-5,-15,25600,182247719
-31,-9,-25,25088,182248960
-29,-8,-29,25088,182250201
-33,-13,-31,25088,182251442
-34,-11,-21,25088,182252689
-32,-5,-18,25088,182253936
-33,-6,-23,25088,182255183
-37,-2,-22,25088,182256430
-40,-5,-23,25600,182257677
-34,-7,-25,25088,182258928
-31,-8,-23,25088,182260179
-39,-9,-20,25088,182261430
-32,-9,-28,25600,182262681
-37,-6,-28,25088,182263932
-37,-6,-25,25088,182265183
-37,-7,-25,25088,182266434
-33,-9,-29,25600,182267685
-31,-10,-28,25088,182268938
-27,-3,-28,25088,182270191
-39,1,-8,25088,182271444
-31,-7,-31,25088,182272697
-35,-8,-28,25088,182273950
-33,-8,-16,25600,182275203
-33,-11,-15,25600,182276456
-32,-9,-25,25088,182277709
-33,-8,-17,25088,182278953
-29,-7,-26,25600,182280197
-36,-2,-13,25088,182281441
-31,-6,-27,25600,182282685
-35,-9,-21,25088,182283929
-33,-7,-23,25088,182285173
-29,-9,-29,25600,182286431
-35,-5,-33,25088,182287689
-32,-6,-28,25088,182288948
-32,-6,-33,25600,182290207
-37,-1,-30,25600,182291466
-33,-8,-32,25088,182292725
-33,-12,-24,25088,182293984
-30,-11,-24,25600,182295243
-31,-7,-19,25088,182296502
-30,-12,-18,25600,182297761
-34,-11,-23,25600,182299021
-31,-8,-26,25088,182300281
-39,-5,-15,25088,182301541
-28,-8,-33,25088,182302801
-34,-8,-20,25088,182304061
-35,-8,-21,25088,182305321
-33,-5,-21,25088,182306581
-34,-8,-22,25088,182307841
-29,-9,-23,25088,182309102
-30,-9,-25,25088,182310363
-36,-6,-17,25600,182311624
-34,-10,-28,25088,182312885
-36,-10,-23,25088,182314146
-44,-12,-9,25088,182315407
-38,-9,-31,25088,182316668
-34,-8,-29,25088,182317929
-35,-12,-22,25088,182319190
-28,-5,-25,25088,182320451
-33,-5,-17,25088,182321712
-28,-9,-30,25088,182322973
-30,-10,-25,25088,182324234
-30,-9,-21,25088,182325495
-29,-7,-24,25088,182326756
-31,-9,-21,25600,182328017
-35,-10,-18,25088,182329277
-35,-11,-16,25600,182330537
-41,-8,-15,25088,182331797
-36,-10,-22,25088,182333057
-38,-11,-12,25088,182334317
-38,-7,-16,25088,182335577
-36,-10,-21,25600,182336837
-34,-8,-24,25600,182338097
-32,-7,-22,25088,182339348
-36,-6,-24,25600,182340599
-37,-6,-26,25088,182341850
-31,-8,-32,25088,182343101
-33,-10,-19,25088,182344352
-33,-11,-19,25088,182345603
-31,-7,-27,25088,182346865
-26,-5,-27,25600,182348127
-40,-4,-19,25088,182349385
-34,-11,-25,25088,182350643
-34,-8,-24,25088,182351901
-38,-9,-27,25088,182353161
-34,-5,-15,25088,182354421
-37,-5,-7,25600,182355681
-30,-12,-32,25088,182356941
-35,-10,-23,25088,182358201
-33,-9,-21,25600,182359460
-33,-7,-22,25088,182360719
-34,-10,-21,25088,182361978
-34,-10,-22,25088,182363237
-33,-6,-13,25600,182364496
-34,-9,-15,25088,182365755
-35,-9,-21,25088,182367014
-37,-8,-25,25088,182368273
-39,-11,-27,25600,182369531
-36,-11,-29,25088,182370789
-37,-9,-30,25088,182372047
-32,-12,-19,25088,182373305
-35,-12,-20,25600,182374563
-31,-11,-27,25088,182375821
-31,-8,-29,25088,182377079
-34,-8,-26,25600,182378337
-33,-10,-22,25088,182379582
-36,-7,-19,25088,182380825
-38,-6,-26,25088,182382068
-35,-9,-20,25088,182383311
-36,-6,-15,25088,182384554
-34,-6,-21,25088,182385797
-40,-9,-22,25600,182387052
-32,-8,-25,25600,182388307
-39,-6,-19,25600,182389561
-34,-8,-23,25088,182390815
-36,-11,-30,25088,182392069
-33,-9,-28,25088,182393323
-35,-8,-14,25600,182394577
-33,-9,-23,25088,182395831
-33,-5,-27,25600,182397085
-34,-7,-23,25088,182398339
-31,-4,-23,25088,182399591
-33,-5,-23,25088,182400843
-41,-3,-24,25088,182402095
-32,-8,-14,25600,182403347
-33,-8,-26,25088,182404599
-34,-6,-21,25088,182405851
-35,-5,-25,25600,182407103
-36,-8,-24,25600,182408355
-37,-9,-25,25600,182409603
-37,-9,-20,25600,182410851
-39,-5,-27,25088,182412099
-31,-7,-20,25088,182413350
-35,-8,-21,25088,182414601
-35,-9,-23,25088,182415852
-34,-10,-31,25088,182417103
-37,-8,-21,25600,182418354
-37,-10,-21,25088,182419584
-35,-8,-25,25088,182420833
-39,-8,-24,25088,182422082
-36,-9,-20,25088,182423331
-37,-9,-22,25600,182424580
-38,-5,-25,25600,182425829
-37,-7,-23,25088,182427078
-31,-11,-22,25088,182428327
-37,-10,-24,25088,182429575
-39,-9,-26,25088,182430823
-39,-10,-25,25088,182432071
-38,-13,-21,25088,182433319
-37,-12,-24,25088,182434567
-33,-11,-25,25088,182435815
-36,-10,-27,25088,182437063
-34,-10,-23,25088,182438311
-36,-9,-26,25088,182439548
-37,-11,-21,25088,182440785
-40,-8,-20,25088,182442022
-38,-9,-18,25600,182443259
-37,-9,-24,25088,182444496
-39,-7,-28,25600,182445733
-37,-9,-26,25600,182446957
-40,-9,-22,25088,182448181
-43,-6,-11,25088,182449405
-38,-7,-27,25088,182450649
-44,-8,-22,25088,182451893
-40,-7,-12,25088,182453110
-33,-9,-26,25088,182454327
-35,-10,-34,25088,182455544
-34,-8,-21,25088,182456761
-36,-10,-18,25088,182457978
-38,-9,-26,25088,182459195
-37,-6,-27,25088,182460416
-39,-8,-18,25088,182461637
-34,-9,-21,25088,182462858
-33,-7,-31,25088,182464079
-35,-7,-27,25600,182465300
-35,-12,-27,25600,182466521
-34,-13,-29,25088,182467742
-37,-11,-22,25088,182468963
-40,-7,-21,25088,182470186
-34,-3,-17,25088,182471409
-36,-5,-25,25088,182472632
-36,-6,-19,25088,182473855
-35,-11,-18,25088,182475078
-40,-12,-26,25088,182476301
-39,-9,-21,25088,182477524
-40,-5,-19,25600,182478747
-41,-6,-18,25600,182479985
-36,-8,-19,25600,182481223
-40,-4,-22,25088,182482461
-40,-9,-24,25088,182483699
-37,-7,-22,25088,182484937
-34,-5,-26,25088,182486161
-31,-8,-27,25088,182487385
-34,-7,-22,25600,182488609
-37,-9,-32,25088,182489833
-41,-7,-20,25600,182491057
-40,-8,-16,25600,182492281
-39,-6,-26,25600,182493505
-43,-4,-25,25088,182494729
-37,-6,-27,25600,182495953
-38,-9,-27,25600,182497177
-39,-13,-26,25088,182498401
-42,-12,-24,25088,182499627
-36,-10,-20,25088,182500853
-37,-8,-19,25088,182502079
-37,-5,-21,25600,182503305
-39,-8,-23,25088,182504531
-36,-6,-19,25600,182505757
-34,-10,-19,25088,182506983
-40,-11,-10,25088,182508209
-40,-12,-18,25088,182509433
-36,-12,-21,25088,182510657
-40,-9,-19,25088,182511881
-36,-9,-24,25088,182513110
-37,-11,-30,25088,182514339
-37,-12,-21,25088,182515568
-38,-11,-24,25088,182516797
-37,-11,-25,25600,182518026
-34,-13,-29,25088,182519260
-31,-7,-27,25600,182520494
-37,-5,-24,25088,182521728
-34,-7,-20,25088,182522962
-37,-9,-26,25088,182524196
-39,-11,-22,25600,182525430
-39,-10,-16,25088,182526664
-35,-9,-16,25088,182527898
-35,-13,-17,25088,182529135
-36,-12,-14,25088,182530372
-48,-12,-8,25088,182531609
-40,-13,-27,25600,182532846
-40,-12,-27,25600,182534083
-38,-16,-16,25088,182535320
-36,-14,-21,25600,182536557
-36,-9,-22,25088,182537794
-36,-12,-22,25088,182539047
-30,-10,-28,25088,182540300
-42,-7,-19,25600,182541553
-31,-12,-31,25088,182542806
-34,-13,-28,25600,182544059
-33,-11,-24,25088,182545301
-40,-9,-27,25600,182546543
-41,-10,-29,25088,182547785
-35,-13,-18,25088,182549025
-34,-7,-16,25600,182550265
-42,-8,-20,25600,182551505
-39,-11,-19,25600,182552752
-34,-11,-23,25088,182553999
-35,-12,-27,25088,182555246
-30,-11,-21,25088,182556493
-33,-10,-22,25088,182557740
-37,-11,-24,25600,182558991
-32,-9,-23,25088,182560242
-43,-6,-13,25088,182561493
-37,-8,-19,25600,182562744
-39,-10,-26,25088,182563995
-40,-9,-22,25600,182565246
-39,-8,-17,25088,182566497
-36,-10,-16,25088,182567748
-36,-10,-25,25088,182569001
-34,-10,-29,25088,182570254
-45,-6,-16,25088,182571507
-39,-11,-33,25088,182572760
-39,-9,-29,25600,182574013
-38,-7,-20,25600,182575266
-33,-7,-28,25600,182576519
-33,-6,-29,25600,182577772
-31,-8,-25,25088,182579016
-27,-8,-25,25600,182580260
-38,-5,-11,25600,182581504
-36,-11,-24,25088,182582748
-39,-10,-17,25088,182583992
-38,-8,-14,25088,182585236
-39,-10,-13,25088,182586494
-41,-10,-16,25600,182587752
-37,-14,-16,25088,182589012
-35,-11,-22,25088,182590272
-39,-8,-21,25088,182591532
-39,-9,-24,25600,182592792
-42,-13,-29,25088,182594052
-39,-12,-26,25600,182595312
-38,-10,-19,25088,182596572
-34,-10,-22,25088,182597832
-39,-12,-30,25088,182599090
-35,-12,-32,25088,182600348
-41,-12,-12,25088,182601606
-38,-13,-31,25088,182602864
-37,-11,-19,25088,182604122
-35,-10,-18,25600,182605380
-36,-8,-21,25088,182606638
-39,-9,-28,25088,182607896
-38,-7,-23,25088,182609151
-34,-10,-19,25600,182610406
-40,-9,-10,25088,182611661
-37,-11,-31,25088,182612921
-38,-13,-17,25088,182614181
-39,-10,-16,25088,182615441
-38,-8,-17,25088,182616701
-38,-13,-26,25088,182617961
-36,-11,-28,25088,182619221
-35,-12,-26,25088,182620481
-42,-6,-11,25088,182621741
-39,-5,-35,25088,182623001
-42,-11,-30,25600,182624261
-40,-12,-20,25600,182625521
-37,-10,-24,25088,182626781
-37,-9,-32,25088,182628041
-34,-8,-24,25088,182629300
-34,-9,-23,25088,182630559
-40,-10,-21,25088,182631818
-32,-10,-29,25088,182633077
-33,-10,-21,25600,182634336
-36,-14,-15,25600,182635595
-38,-13,-17,25088,182636854
-40,-10,-20,25088,182638113
-40,-10,-18,25088,182639361
-36,-11,-21,25088,182640609
-38,-9,-16,25088,182641857
-39,-10,-30,25088,182643105
-40,-10,-17,25088,182644353
-39,-9,-23,25600,182645601
-38,-7,-23,25600,182646862
-36,-7,-16,25600,182648123
-38,-10,-25,25088,182649380
-37,-13,-25,25600,182650637
-38,-8,-25,25088,182651894
-35,-7,-35,25088,182653153
-35,-8,-22,25088,182654412
-39,-9,-8,25600,182655671
-34,-10,-29,25088,182656930
-37,-11,-27,25600,182658189
-33,-12,-22,25088,182659447
-34,-11,-20,25600,182660705
-38,-8,-18,25088,182661963
-35,-12,-25,25088,182663221
-34,-12,-19,25088,182664479
-38,-8,-22,25600,182665737
-36,-10,-33,25088,182666995
-38,-7,-25,25088,182668253
-38,-13,-24,25088,182669510
-33,-9,-24,25600,182670767
-40,-7,-24,25088,182672024
-39,-10,-19,25088,182673281
-42,-10,-11,25600,182674538
-39,-11,-19,25088,182675795
-38,-13,-25,25088,182677052
-40,-8,-21,25088,182678309
-39,-6,-21,25600,182679554
-34,-9,-27,25088,182680797
-38,-9,-27,25600,182682040
-32,-8,-18,25600,182683283
-32,-12,-17,25088,182684526
-34,-10,-22,25088,182685769
-39,-7,-28,25600,182687024
-34,-7,-21,25088,182688279
-45,-6,-16,25088,182689533
-44,-9,-21,25088,182690787
-41,-5,-28,25088,182692041
-42,-10,-27,25088,182693295
-41,-10,-16,25088,182694549
-44,-9,-19,25088,182695803
-41,-5,-23,25088,182697057
-37,-9,-27,25088,182698311
-36,-13,-24,25088,182699563
-34,-14,-26,25088,182700815
-38,-10,-29,25088,182702067
-32,-14,-22,25600,182703319
-30,-12,-20,25088,182704571
-36,-12,-25,25600,182705823
-37,-11,-30,25088,182707075
-36,-9,-24,25088,182708327
-39,-12,-18,25600,182709575
-35,-13,-18,25600,182710823
-41,-11,-15,25088,182712071
-36,-15,-11,25088,182713323
-36,-10,-17,25088,182714575
-37,-10,-19,25088,182715827
-38,-13,-23,25088,182717079
-36,-17,-21,25088,182718331
-33,-12,-22,25088,182719561
-33,-10,-26,25600,182720810
-38,-9,-22,25088,182722059
-33,-20,-15,25088,182723308
-35,-13,-18,25600,182724557
-38,-10,-25,25600,182725806
-38,-10,-28,25600,182727055
-35,-8,-30,25088,182728304
-37,-10,-27,25600,182729553
-35,-9,-19,25088,182730802
-39,-14,-19,25088,182732051
-35,-15,-14,25088,182733300
-32,-9,-22,25088,182734549
-32,-7,-22,25088,182735798
-36,-10,-22,25088,182737047
-34,-9,-24,25088,182738296
-32,-12,-15,25088,182739533
-35,-14,-18,25088,182740770
-40,-5,-19,25600,182742007
-37,-7,-16,25088,182743244
-36,-10,-23,25088,182744481
-41,-12,-20,25088,182745718
-38,-14,-16,25088,182746968
-35,-15,-26,25088,182748218
-46,-10,-12,25088,182749463
-39,-12,-27,25088,182750708
-40,-11,-32,25088,182751953
-40,-10,-19,25600,182753171
-42,-7,-26,25088,182754389
-39,-2,-30,25600,182755607
-34,-5,-20,25088,182756825
-31,-7,-19,25088,182758043
-35,-5,-23,25600,182759261
-36,-12,-26,25088,182760483
-39,-11,-17,25088,182761705
-39,-14,-14,25088,182762927
-39,-11,-24,25088,182764149
-37,-9,-19,25088,182765371
-38,-7,-21,25088,182766593
-37,-8,-15,25088,182767815
-37,-7,-23,25088,182769037
-34,-9,-24,25088,182770261
-38,-6,-20,25600,182771485
-42,-7,-20,25088,182772709
-37,-12,-27,25088,182773933
-40,-8,-28,25088,182775157
-42,-9,-23,25088,182776381
-38,-8,-21,25088,182777605
-39,-10,-16,25088,182778829
-38,-7,-21,25088,182780069
-38,-9,-22,25088,182781309
-43,-13,-21,25600,182782549
-37,-12,-28,25088,182783789
-35,-10,-26,25088,182785029
-37,-9,-30,25088,182786253
-37,-9,-24,25088,182787477
-36,-9,-25,25088,182788701
-33,-12,-26,25088,182789925
-31,-7,-9,25088,182791149
-35,-10,-11,25088,182792373
-37,-12,-20,25088,182793597
-39,-10,-14,25088,182794821
-42,-8,-14,25088,182796045
-43,-6,-16,25600,182797269
-46,-5,-15,25600,182798493
-40,-9,-22,25088,182799719
-36,-7,-20,25088,182800945
-41,-8,-22,25088,182802171
-32,-11,-25,25088,182803397
-34,-13,-26,25600,182804623
-33,-8,-30,25088,182805849
-36,-10,-26,25088,182807075
-35,-8,-25,25600,182808301
-36,-10,-24,25088,182809524
-35,-9,-25,25088,182810747
-39,-7,-19,25088,182811970
-35,-12,-23,25600,182813198
-38,-8,-20,25088,182814426
-38,-9,-18,25600,182815654
-41,-7,-16,25600,182816882
-35,-9,-21,25088,182818110
-38,-8,-16,25088,182819342
-37,-10,-23,25088,182820574
-40,-8,-27,25088,182821806
-37,-6,-21,25088,182823038
-37,-9,-22,25088,182824270
-35,-12,-23,25088,182825502
-32,-11,-23,25088,182826734
-33,-9,-18,25088,182827966
-36,-12,-18,25088,182829201
-29,-10,-26,25600,182830436
-42,-7,-24,25600,182831671
-37,-11,-29,25600,182832906
-38,-10,-31,25088,182834141
-38,-12,-24,25088,182835376
-39,-12,-22,25088,182836611
-38,-11,-26,25088,182837846
-37,-11,-24,25600,182839098
-30,-7,-23,25600,182840350
-40,-6,-15,25088,182841602
-29,-10,-26,25088,182842854
-32,-12,-27,25088,182844106
-32,-13,-19,25088,182845347
-28,-10,-21,25600,182846588
-38,-4,-23,25088,182847829
-37,-11,-19,25088,182849067
-32,-13,-17,25088,182850305
-38,-6,-16,25088,182851543
-34,-5,-19,25088,182852788
-36,-8,-22,25088,182854033
-39,-10,-27,25088,182855278
-38,-6,-22,25088,182856523
-37,-5,-17,25088,182857768
-33,-8,-30,25088,182859017
-33,-9,-31,25088,182860266
-38,-5,-20,25600,182861515
-27,-7,-25,25600,182862764
-26,-8,-32,25088,182864013
-29,-6,-28,25088,182865262
-34,-7,-19,25088,182866511
-27,-11,-18,25088,182867760
-32,-8,-21,25600,182869011
-28,-9,-24,25088,182870262
-42,-10,-8,25088,182871513
-36,-12,-22,25088,182872764
-35,-11,-20,25088,182874015
-35,-10,-13,25088,182875266
-35,-10,-22,25600,182876517
-37,-10,-23,25088,182877768
-33,-13,-27,25088,182879033
-28,-9,-29,25088,182880298
-40,-9,-16,25600,182881563
-35,-15,-36,25088,182882828
-36,-10,-27,25088,182884093
-31,-7,-18,25088,182885350
-33,-9,-24,25088,182886607
-40,-6,-27,25088,182887864
-37,-11,-17,25088,182889123
-37,-10,-23,25088,182890382
-42,-4,-19,25088,182891641
-36,-4,-22,25088,182892900
-37,-5,-24,25088,182894159
-36,-9,-20,25600,182895418
-37,-12,-18,25600,182896677
-37,-10,-19,25600,182897936
-35,-12,-25,25088,182899194
-33,-7,-22,25088,182900452
-36,-8,-12,25088,182901710
-28,-11,-31,25088,182902968
-35,-7,-20,25088,182904226
-33,-7,-15,25600,182905484
-37,-8,-18,25088,182906742
-34,-9,-24,25088,182908000
-36,-9,-24,25088,182909254
-35,-10,-25,25088,182910508
-45,-5,-14,25088,182911762
-36,-5,-33,25088,182913021
-34,-5,-20,25600,182914280
-38,-5,-16,25600,182915539
-36,-9,-27,25088,182916798
-30,-9,-32,25600,182918057
-34,-10,-25,25088,182919316
-32,-12,-25,25088,182920575
-37,-8,-15,25600,182921834
-31,-10,-28,25088,182923093
-31,-10,-26,25088,182924352
-34,-8,-17,25600,182925611
-33,-5,-20,25600,182926870
-37,-6,-25,25088,182928129
-37,-7,-22,25088,182929387
-35,-6,-28,25088,182930645
-41,-5,-13,25088,182931903
-34,-9,-28,25088,182933161
-37,-11,-13,25088,182934419
-36,-10,-13,25088,182935677
-35,-8,-24,25088,182936935
-35,-9,-29,25088,182938193
-37,-5,-20,25088,182939442
-34,-6,-19,25088,182940691
-40,-5,-19,25600,182941940
-33,-9,-33,25600,182943189
-34,-9,-20,25088,182944438
-36,-8,-16,25088,182945687
-30,-12,-24,25088,182946946
-32,-9,-22,25088,182948205
-35,-5,-21,25600,182949459
-30,-8,-18,25088,182950713
-34,-8,-20,25088,182951967
-31,-11,-32,25088,182953224
-32,-12,-19,25088,182954481
-35,-9,-12,25088,182955738
-32,-11,-24,25088,182956995
-33,-8,-29,25088,182958252
-37,-7,-18,25600,182959508
-30,-8,-19,25088,182960764
-38,-6,-14,25088,182962020
-34,-10,-28,25088,182963276
-33,-9,-15,25088,182964532
-34,-9,-22,25600,182965788
-33,-9,-26,25088,182967044
-30,-7,-27,25088,182968300
-33,-8,-20,25088,182969555
-34,-5,-23,25600,182970810
-37,-5,-33,25088,182972065
-30,-6,-23,25088,182973320
-35,-4,-18,25600,182974575
-35,-8,-25,25088,182975830
-32,-5,-30,25088,182977085
-30,-9,-25,25088,182978340
-35,0,-22,25088,182979582
-31,-7,-21,25088,182980822
-37,-8,-20,25088,182982062
-31,-9,-15,25088,182983302
-28,-10,-19,25088,182984542
-29,-8,-27,25600,182985782
-30,-6,-30,25088,182987035
-22,-8,-24,25088,182988288
-30,-7,-27,25088,182989541
-30,-4,-20,25088,182990794
-30,-8,-25,25088,182992047
-27,-7,-26,25088,182993300
-33,-4,-16,25088,182994553
-35,-5,-12,25600,182995806
-38,-5,-22,25600,182997059
-33,-3,-24,25600,182998312
-34,-10,-24,25088,182999563
-38,-12,-27,25088,183000814
-40,-13,-29,25088,183002065
-36,-15,-19,25088,183003316
-33,-7,-22,25088,183004567
-29,-7,-24,25600,183005818
-25,-9,-24,25088,183007069
-32,-6,-26,25600,183008320
-30,-8,-24,25088,183009567
-30,-8,-19,25088,183010814
-35,-2,-30,25088,183012061
-31,-9,-15,25088,183013312
-28,-7,-14,25088,183014563
-35,-7,-22,25088,183015814
-33,-7,-26,25088,183017065
-34,-5,-20,25088,183018316
-37,-8,-17,25088,183019546
-40,-6,-25,25600,183020795
-37,-5,-29,25088,183022044
-31,-7,-18,25088,183023293
-28,-10,-26,25088,183024542
-27,-11,-27,25600,183025791
-30,-7,-25,25088,183027040
-27,-9,-25,25088,183028289
-29,-9,-21,25088,183029537
-30,-6,-18,25600,183030785
-36,-5,-22,25088,183032033
-33,-6,-13,25088,183033281
-31,-8,-22,25088,183034529
-34,-7,-22,25088,183035777
-34,-5,-20,25088,183037025
-35,-6,-19,25088,183038273
-35,-9,-23,25088,183039510
-31,-8,-21,25088,183040747
-33,-4,-26,25600,183041984
-31,-7,-25,25088,183043221
-33,-5,-27,25088,183044458
-29,-2,-23,25088,183045695
-28,-4,-32,25600,183046945
-27,-6,-34,25088,183048195
-39,-6,-15,25088,183049440
-34,-9,-30,25088,183050685
-33,-10,-27,25088,183051930
-34,-11,-13,25088,183053179
-33,-11,-21,25088,183054428
-32,-9,-30,25088,183055677
-32,-6,-24,25600,183056926
-30,-3,-19,25600,183058175
-38,-5,-21,25600,183059397
-39,-7,-25,25088,183060619
-40,-7,-22,25600,183061841
-28,-11,-16,25088,183063063
-32,-11,-25,25600,183064285
-31,-9,-28,25600,183065507
-31,-6,-22,25600,183066729
-33,-10,-26,25088,183067951
-36,-9,-26,25600,183069173
-35,-5,-17,25088,183070397
-31,-4,-16,25088,183071621
-35,-4,-15,25088,183072845
-30,-7,-27,25088,183074069
-30,-9,-24,25088,183075293
-32,-8,-20,25088,183076517
-30,-11,-21,25088,183077741
-36,-6,-23,25088,183078965
-33,-5,-27,25088,183080204
-35,-4,-21,25088,183081443
-36,-8,-22,25600,183082682
-29,-6,-25,25088,183083921
-30,-3,-25,25600,183085160
-30,-8,-22,25600,183086385
-31,-9,-22,25088,183087610
-36,-4,-15,25088,183088835
-32,-7,-25,25088,183090060
-33,-7,-21,25088,183091285
-30,-9,-19,25088,183092510
-28,-8,-29,25088,183093735
-29,-7,-24,25600,183094960
-29,-12,-27,25088,183096185
-34,-5,-22,25088,183097410
-34,-8,-20,25088,183098635
-36,-7,-18,25088,183099861
-32,-6,-15,25088,183101087
-37,-2,-19,25088,183102313
-30,-7,-26,25600,183103539
-32,-3,-24,25088,183104765
-36,-3,-28,25600,183105991
-35,-8,-27,25600,183107217
-33,-9,-23,25088,183108443
-32,-7,-21,25088,183109666
-30,-10,-21,25088,183110889
-36,-6,-24,25088,183112112
-32,-8,-23,25088,183113340
-33,-7,-30,25088,183114568
-36,-6,-20,25088,183115796
-33,-8,-26,25088,183117024
-32,-8,-24,25088,183118252
-33,-6,-21,25600,183119482
-32,-6,-20,25088,183120712
-35,-6,-23,25088,183121942
-32,-6,-25,25600,183123172
-33,-8,-22,25600,183124402
-35,-6,-23,25600,183125632
-35,-5,-22,25600,183126862
-34,-9,-25,25600,183128092
-28,-9,-19,25088,183129325
-24,-7,-21,25088,183130558
-39,-2,-16,25088,183131791
-33,-7,-30,25088,183133024
-37,-4,-29,25088,183134257
-36,-5,-19,25088,183135490
-33,-4,-20,25088,183136723
-38,-5,-21,25088,183137956
-35,-4,-23,25088,183139205
-28,-5,-25,25088,183140454
-39,-4,-19,25088,183141703
-31,-7,-22,25088,183142952
-34,-5,-30,25088,183144201
-31,-6,-25,25088,183145439
-32,-6,-13,25088,183146677
-33,-6,-28,25088,183147915
-27,-8,-25,25088,183149150
-28,-6,-14,25600,183150385
-33,-3,-27,25088,183151620
-29,-6,-23,25088,183152862
-29,-6,-22,25600,183154104
-33,-5,-24,25088,183155346
-34,-8,-24,25088,183156588
-38,-7,-22,25088,183157830
-35,-7,-22,25600,183159076
-30,-6,-26,25088,183160322
-39,-3,-20,25088,183161568
-35,-5,-23,25600,183162814
-29,-4,-34,25600,183164060
-30,-4,-34,25088,183165306
-30,-8,-22,25088,183166552
-30,-5,-27,25088,183167798
-28,-8,-34,25088,183169047
-26,-6,-26,25088,183170296
-40,-6,-14,25600,183171545
-33,-6,-34,25088,183172794
-33,-5,-29,25600,183174043
-34,-3,-21,25088,183175292
-32,-4,-18,25088,183176541
-32,-8,-17,25088,183177790
-37,-6,-28,25088,183179053
-31,-9,-27,25088,183180316
-38,-6,-16,25088,183181579
-32,-9,-33,25600,183182842
-34,-6,-28,25600,183184105
-30,-5,-21,25088,183185359
-32,-8,-17,25088,183186613
-36,-4,-23,25088,183187867
-35,-6,-15,25600,183189124
-33,-9,-22,25088,183190381
-38,-5,-18,25088,183191638
-35,-4,-21,25088,183192895
-35,-7,-25,25088,183194152
-32,-9,-21,25088,183195409
-29,-5,-17,25088,183196666
-32,-5,-19,25088,183197923
-29,-4,-25,25088,183199179
-27,-7,-29,25088,183200435
-35,-5,-22,25088,183201691
-24,-7,-37,25088,183202947
-28,-3,-22,25088,183204203
-27,-4,-19,25088,183205459
-33,-8,-24,25600,183206715
-33,-6,-29,25088,183207971
-38,-5,-26,25600,183209224
-32,-6,-25,25600,183210477
-41,-5,-15,25088,183211730
-28,-8,-36,25088,183212987
-30,-5,-19,25088,183214244
-34,-6,-20,25088,183215501
-31,-7,-27,25600,183216758
-31,-6,-30,25088,183218015
-29,-9,-26,25088,183219273
-27,-8,-25,25600,183220531
-37,-6,-7,25600,183221789
-31,-8,-32,25088,183223047
-34,-9,-33,25088,183224305
-33,-5,-24,25088,183225563
-31,-1,-19,25088,183226821
-32,-6,-24,25088,183228079
-35,-8,-26,25600,183229337
-35,-11,-24,25088,183230595
-38,-6,-19,25600,183231853
-31,-6,-37,25600,183233111
-33,-6,-25,25088,183234369
-33,-8,-25,25088,183235627
-29,-5,-32,25088,183236885
-31,-6,-26,25088,183238143
-36,-7,-23,25088,183239390
-36,-10,-27,25600,183240637
-37,-5,-21,25088,183241884
-30,-7,-27,25088,183243131
-30,-7,-16,25088,183244378
-31,-6,-20,25088,183245625
-32,-4,-26,25088,183246884
-37,0,-16,25088,183248143
-35,-4,-22,25600,183249397
-33,-6,-19,25600,183250651
-37,-3,-21,25088,183251905
-35,-7,-30,25088,183253162
-33,-6,-30,25088,183254419
-36,-3,-13,25600,183255676
-26,-5,-25,25088,183256933
-33,-5,-26,25088,183258190
-33,-5,-29,25088,183259446
-31,-9,-24,25088,183260702
-37,-10,-24,25088,183261958
-36,-8,-30,25088,183263214
-33,-2,-19,25088,183264470
-34,-4,-19,25088,183265726
-36,-6,-27,25600,183266982
-32,-5,-29,25088,183268238
-36,-2,-22,25088,183269494
-32,-7,-27,25600,183270750
-36,-7,-28,25088,183272006
-25,-6,-26,25088,183273262
-29,-7,-12,25600,183274518
-28,-9,-22,25088,183275774
-32,-12,-21,25088,183277030
-37,-6,-20,25600,183278286
-30,-6,-23,25088,183279529
-31,-7,-27,25600,183280771
-37,-8,-21,25088,183282013
-36,-11,-18,25088,183283255
-38,-10,-18,25088,183284497
-39,-8,-26,25088,183285739
-38,-7,-23,25088,183286993
-27,-6,-26,25088,183288247
-37,-2,-22,25088,183289501
-32,-7,-26,25088,183290755
-32,-8,-32,25088,183292009
-32,-7,-34,25088,183293263
-33,-5,-21,25088,183294517
-32,-6,-18,25088,183295771
-31,-5,-24,25088,183297025
-33,-5,-22,25088,183298279
-34,-6,-23,25088,183299531
-33,-5,-21,25088,183300783
-40,-4,-19,25600,183302035
-35,-12,-15,25600,183303287
-36,-11,-18,25600,183304539
-32,-10,-24,25600,183305791
-33,-7,-27,25088,183307043
-40,-5,-22,25600,183308295
-38,-7,-22,25088,183309543
-38,-8,-25,25088,183310791
-38,-4,-26,25600,183312039
-31,-9,-21,25088,183313291
-33,-5,-28,25088,183314543
-31,-8,-21,25088,183315795
-29,-10,-31,25088,183317047
-32,-7,-23,25088,183318299
-33,-8,-19,25600,183319530
-35,-7,-23,25088,183320780
-36,-5,-27,25088,183322030
-36,-9,-21,25600,183323280
-33,-10,-21,25088,183324530
-36,-10,-27,25088,183325780
-32,-12,-25,25088,183327030
-33,-8,-21,25088,183328280
-34,-9,-18,25088,183329529
-34,-7,-25,25088,183330778
-41,-5,-24,25088,183332027
-36,-8,-15,25088,183333276
-36,-8,-25,25600,183334525
-35,-9,-25,25088,183335774
-36,-10,-26,25088,183337023
-33,-9,-25,25088,183338272
-31,-7,-17,25088,183339509
-35,-6,-20,25600,183340746
-41,-5,-21,25088,183341983
-37,-5,-19,25600,183343220
-34,-9,-27,25088,183344457
-30,-4,-31,25088,183345694
-32,-5,-27,25088,183346945
-34,-2,-28,25088,183348196
-40,-7,-13,25088,183349442
-32,-8,-29,25088,183350688
-36,-5,-33,25088,183351934
-35,-6,-23,25600,183353183
-33,-6,-22,25088,183354432
-35,-4,-27,25088,183355681
-36,-8,-21,25088,183356930
-34,-12,-16,25088,183358179
-36,-11,-23,25088,183359402
-37,-7,-20,25088,183360625
-42,-5,-20,25088,183361848
-34,-5,-14,25088,183363071
-33,-5,-21,25088,183364294
-36,-2,-21,25600,183365517
-40,-2,-21,25600,183366740
-38,-7,-22,25088,183367963
-36,-8,-25,25088,183369186
-32,-8,-19,25088,183370410
-33,-6,-16,25088,183371634
-36,-6,-17,25088,183372858
-32,-6,-22,25600,183374082
-37,-8,-23,25088,183375306
-35,-9,-23,25088,183376530
-37,-9,-22,25088,183377754
-34,-13,-23,25088,183378978
-31,-10,-23,25088,183380217
-35,-8,-17,25088,183381456
-39,-6,-21,25088,183382695
-38,-9,-26,25088,183383934
-40,-14,-25,25088,183385173
-34,-12,-26,25088,183386398
-37,-7,-21,25088,183387623
-42,-7,-10,25088,183388848
-36,-9,-33,25088,183390073
-39,-5,-14,25088,183391298
-38,-7,-17,25088,183392523
-39,-4,-27,25088,183393748
-36,-4,-24,25088,183394973
-31,-9,-21,25088,183396198
-37,-5,-20,25088,183397423
-31,-8,-24,25088,183398648
-36,-8,-22,25088,183399874
-33,-8,-21,25088,183401100
-41,-5,-23,25600,183402326
-38,-6,-27,25088,183403552
-35,-6,-29,25088,183404778
-38,-7,-22,25088,183406004
-39,-3,-18,25088,183407230
-41,-10,-15,25600,183408456
-37,-12,-22,25088,183409703
-33,-7,-19,25088,183410950
-43,-8,-21,25088,183412178
-36,-7,-30,25088,183413406
-39,-9,-27,25088,183414634
-36,-11,-20,25088,183415862
-33,-11,-19,25088,183417090
-33,-9,-23,25088,183418318
-32,-9,-23,25600,183419548
-30,-10,-26,25088,183420778
-42,-10,-23,25088,183422008
-43,-10,-21,25088,183423238
-43,-7,-22,25088,183424468
-41,-8,-25,25088,183425698
-42,-5,-21,25600,183426928
-38,-5,-17,25088,183428158
-38,-4,-27,25088,183429391
-36,-4,-24,25088,183430624
-41,-8,-20,25088,183431857
-36,-9,-32,25088,183433090
-34,-10,-31,25088,183434323
-31,-8,-28,25088,183435556
-35,-10,-22,25088,183436789
-37,-5,-20,25088,183438022
-38,-6,-21,25088,183439274
-33,-6,-24,25088,183440526
-46,-5,-16,25600,183441778
-38,-9,-24,25600,183443030
-34,-9,-25,25088,183444282
-37,-8,-22,25088,183445520
-40,-9,-20,25088,183446758
-42,-8,-21,25088,183447996
-37,-7,-21,25088,183449231
-38,-8,-22,25600,183450466
-36,-10,-26,25088,183451701
-32,-8,-20,25600,183452943
-34,-6,-21,25600,183454185
-38,-13,-24,25088,183455427
-35,-6,-22,25088,183456669
-36,-6,-22,25088,183457911
-36,-5,-25,25600,183459157
-36,-8,-23,25600,183460403
-45,-8,-20,25088,183461649
-38,-11,-19,25088,183462895
-36,-17,-25,25088,183464141
-38,-12,-27,25600,183465387
-39,-10,-18,25600,183466633
-37,-9,-18,25088,183467879
-36,-7,-25,25088,183469126
-31,-7,-31,25088,183470373
-44,-7,-16,25088,183471620
-36,-7,-28,25088,183472867
-34,-8,-26,25088,183474114
-34,-9,-16,25088,183475361
-39,-7,-17,25088,183476608
-41,-9,-22,25600,183477855
-39,-7,-24,25600,183479116
-34,-5,-25,25088,183480377
-42,-4,-18,25088,183481638
-34,-12,-32,25088,183482899
-39,-11,-20,25088,183484160
-40,-11,-24,25600,183485413
-35,-10,-25,25088,183486666
-43,-4,-26,25088,183487919
-38,-8,-22,25088,183489174
-32,-10,-29,25600,183490429
-40,-9,-21,25088,183491684
-35,-11,-22,25088,183492939
-33,-10,-28,25088,183494194
-34,-8,-27,25088,183495449
-38,-7,-20,25088,183496704
-38,-9,-14,25088,183497959
-42,-9,-20,25088,183499213
-36,-12,-27,25088,183500467
-48,-8,-10,25088,183501721
-36,-11,-28,25088,183502975
-39,-12,-18,25088,183504229
-37,-12,-16,25088,183505483
-37,-11,-22,25088,183506737
-40,-8,-24,25600,183507991
-39,-8,-21,25600,183509246
-36,-12,-24,25088,183510501
-42,-10,-6,25088,183511756
-37,-8,-26,25088,183513012
-36,-7,-22,25600,183514268
-41,-8,-6,25088,183515524
-37,-9,-22,25088,183516780
-36,-9,-25,25088,183518036
-38,-11,-23,25088,183519293
-35,-11,-27,25088,183520550
-43,-8,-9,25088,183521807
-37,-6,-28,25088,183523064
-36,-6,-28,25088,183524321
-31,-8,-17,25088,183525578
-32,-8,-20,25088,183526835
-33,-8,-25,25088,183528092
-35,-11,-28,25088,183529348
-38,-11,-25,25600,183530604
-41,-6,-14,25088,183531860
-35,-7,-28,25088,183533116
-40,-7,-18,25088,183534372
-41,-11,-18,25088,183535628
-44,-7,-21,25088,183536884
-40,-9,-29,25088,183538140
-37,-10,-30,25088,183539390
-33,-11,-23,25088,183540640
-38,-9,-15,25088,183541890
-34,-9,-35,25088,183543140
-40,-6,-21,25600,183544390
-39,-7,-23,25600,183545640
-35,-13,-25,25600,183546901
-35,-7,-26,25088,183548162
-44,-5,-12,25088,183549423
-36,-7,-24,25088,183550677
-40,-7,-29,25600,183551931
-38,-11,-23,25600,183553188
-35,-11,-19,25088,183554445
-43,-9,-11,25088,183555702
-39,-10,-23,25088,183556959
-38,-10,-24,25088,183558216
-37,-8,-17,25088,183559472
-33,-6,-21,25088,183560728
-37,-7,-16,25088,183561984
-34,-13,-27,25088,183563240
-38,-12,-14,25088,183564496
-39,-9,-12,25600,183565752
-39,-9,-21,25088,183567008
-41,-12,-22,25600,183568264
-39,-9,-27,25088,183569519
-41,-12,-25,25088,183570774
-43,-6,-22,25088,183572029
-38,-7,-22,25088,183573284
-37,-9,-13,25600,183574539
-34,-11,-16,25088,183575794
-33,-9,-24,25600,183577049
-33,-7,-30,25088,183578304
-36,-11,-23,25600,183579547
-35,-8,-20,25088,183580789
-37,-6,-21,25088,183582031
-35,-8,-22,25088,183583273
-40,-6,-14,25088,183584515
-38,-11,-18,25088,183585757
-38,-14,-20,25088,183587011
-37,-8,-16,25088,183588265
-44,-9,-18,25088,183589518
-41,-9,-25,25088,183590771
-40,-10,-18,25088,183592024
-38,-9,-28,25088,183593277
-35,-11,-22,25088,183594530
-36,-7,-16,25088,183595783
-38,-10,-24,25600,183597036
-30,-11,-23,25600,183598289
-33,-10,-23,25088,183599540
-33,-13,-25,25088,183600791
-38,-7,-27,25088,183602042
-36,-5,-22,25088,183603293
-36,-11,-18,25088,183604544
-35,-8,-20,25088,183605795
-39,-7,-22,25600,183607046
-37,-12,-20,25088,183608297
-40,-11,-14,25088,183609549
-36,-12,-19,25088,183610801
-38,-10,-22,25088,183612053
-35,-10,-21,25088,183613305
-34,-10,-17,25088,183614557
-39,-8,-19,25600,183615809
-42,-7,-18,25088,183617061
-39,-5,-25,25600,183618313
-38,-8,-21,25088,183619552
-38,-10,-12,25600,183620802
-43,-8,-21,25088,183622052
-37,-12,-15,25088,183623302
-38,-11,-16,25088,183624552
-40,-9,-22,25088,183625802
-38,-9,-24,25600,183627052
-37,-8,-24,25088,183628302
-39,-8,-26,25088,183629551
-41,-11,-21,25600,183630800
-40,-8,-28,25088,183632049
-33,-13,-14,25088,183633298
-34,-13,-20,25088,183634547
-36,-7,-25,25088,183635796
-35,-6,-22,25600,183637045
-32,-12,-21,25088,183638294
-38,-13,-18,25088,183639545
-36,-10,-17,25088,183640796
-43,-7,-18,25600,183642047
-37,-11,-12,25600,183643298
-35,-8,-18,25600,183644549
-40,-8,-22,25088,183645800
-38,-9,-23,25088,183647051
-39,-12,-28,25088,183648302
-38,-11,-23,25088,183649549
-37,-11,-21,25600,183650796
-39,-7,-21,25088,183652043
-37,-10,-28,25088,183653293
-37,-8,-20,25088,183654543
-34,-8,-26,25088,183655793
-35,-10,-25,25088,183657043
-38,-9,-20,25600,183658293
-34,-9,-23,25088,183659521
-40,-6,-23,25600,183660749
-40,-6,-20,25600,183661977
-35,-12,-14,25088,183663205
-38,-9,-19,25088,183664433
-40,-7,-22,25088,183665661
-41,-11,-19,25088,183666889
-39,-13,-18,25600,183668117
-37,-14,-19,25088,183669345
-40,-10,-23,25088,183670574
-43,-8,-18,25088,183671803
-44,-10,-20,25600,183673032
-40,-12,-25,25600,183674261
-42,-11,-22,25088,183675490
-37,-12,-25,25088,183676719
-35,-10,-26,25600,183677948
-38,-10,-24,25088,183679177
-39,-10,-24,25088,183680415
-36,-13,-20,25088,183681653
-40,-12,-27,25088,183682891
-37,-11,-28,25088,183684129
-40,-14,-25,25088,183685367
-40,-14,-27,25088,183686594
-38,-16,-26,25088,183687821
-41,-10,-17,25088,183689048
-38,-11,-31,25088,183690276
-41,-13,-15,25088,183691504
-37,-14,-9,25088,183692732
-38,-11,-15,25088,183693960
-33,-11,-19,25600,183695188
-37,-8,-23,25088,183696416
-39,-10,-24,25600,183697644
-39,-8,-21,25600,183698872
-37,-13,-21,25600,183700099
-36,-13,-23,25088,183701326
-43,-12,-18,25088,183702553
-39,-11,-21,25088,183703780
-34,-12,-28,25088,183705007
-37,-13,-24,25088,183706234
-34,-11,-24,25088,183707461
-38,-9,-21,25600,183708688
-37,-10,-21,25600,183709915
-35,-12,-19,25088,183711142
-42,-9,-19,25088,183712369
-39,-14,-20,25088,183713596
-35,-13,-23,25088,183714823
-36,-13,-33,25088,183716050
-37,-11,-20,25600,183717277
-37,-8,-20,25088,183718504
-33,-10,-26,25088,183719733
-35,-8,-20,25600,183720962
-41,-8,-19,25088,183722191
-35,-9,-23,25600,183723420
-40,-10,-21,25088,183724649
-38,-13,-17,25088,183725878
-44,-14,-13,25088,183727107
-37,-11,-15,25600,183728336
-38,-14,-20,25088,183729566
-37,-8,-21,25600,183730796
-43,-7,-16,25088,183732026
-35,-12,-24,25600,183733256
-32,-10,-26,25088,183734486
-36,-10,-27,25600,183735716
-34,-12,-22,25088,183736946
-34,-10,-22,25088,183738176
-35,-10,-22,25600,183739410
-34,-8,-25,25088,183740644
-40,-6,-23,25600,183741878
-35,-8,-24,25088,183743112
-38,-6,-21,25600,183744346
-40,-9,-17,25088,183745580
-38,-13,-18,25088,183746814
-38,-11,-14,25600,183748048
-40,-13,-20,25088,183749280
-36,-12,-20,25088,183750512
-45,-7,-14,25088,183751744
-35,-13,-29,25088,183752979
-36,-10,-29,25088,183754214
-35,-10,-24,25088,183755449
-38,-9,-18,25088,183756684
-35,-8,-19,25088,183757919
-31,-10,-25,25088,183759157
-34,-9,-24,25088,183760395
-38,-9,-18,25088,183761633
-36,-9,-16,25088,183762871
-35,-12,-22,25088,183764109
-34,-9,-25,25088,183765347
-36,-12,-21,25600,183766585
-36,-10,-14,25600,183767823
-35,-13,-22,25088,183769064
-31,-12,-25,25088,183770305
-42,-14,-11,25600,183771546
-35,-15,-30,25088,183772787
-36,-13,-34,25088,183774028
-34,-10,-23,25088,183775269
-34,-7,-21,25600,183776510
-34,-8,-26,25088,183777751
-33,-9,-24,25088,183779005
-30,-9,-22,25088,183780259
-43,-7,-5,25088,183781513
-34,-7,-28,25088,183782767
-36,-11,-24,25600,183784021
-33,-8,-12,25600,183785267
-37,-7,-12,25600,183786513
-40,-8,-21,25600,183787759
-38,-10,-12,25600,183789008
-37,-13,-18,25088,183790257
-42,-12,-21,25600,183791506
-36,-11,-25,25600,183792755
-35,-13,-30,25088,183794004
-35,-11,-26,25088,183795253
-30,-9,-17,25600,183796502
-33,-14,-22,25600,183797751
-37,-12,-22,25600,183799002
-30,-8,-22,25088,183800253
-44,-5,-12,25600,183801504
-35,-13,-30,25088,183802755
-45,-10,-17,25088,183804006
-39,-11,-12,25088,183805257
-39,-9,-21,25088,183806508
-40,-12,-25,25088,183807759
-40,-10,-21,25600,183809012
-35,-12,-23,25088,183810265
-41,-11,-12,25088,183811518
-33,-12,-35,25088,183812771
-33,-9,-22,25088,183814024
-33,-10,-16,25088,183815277
-36,-8,-19,25600,183816530
-34,-6,-21,25088,183817783
-32,-12,-21,25088,183819027
-33,-9,-20,25088,183820283
-39,-9,-10,25088,183821539
-36,-12,-22,25088,183822795
-34,-12,-20,25600,183824051
-37,-9,-19,25088,183825307
-35,-11,-20,25088,183826563
-39,-11,-23,25088,183827819
-40,-9,-21,25600,183829077
-34,-10,-28,25088,183830335
-41,-7,-15,25088,183831593
-36,-11,-33,25088,183832851
-36,-9,-23,25088,183834109
-32,-11,-17,25088,183835367
-32,-12,-19,25088,183836625
-37,-11,-28,25088,183837883
-36,-10,-30,25088,183839142
-34,-11,-19,25088,183840401
-38,-7,-14,25088,183841660
-31,-10,-32,25088,183842919
-35,-10,-16,25088,183844178
-37,-11,-7,25088,183845437
-33,-10,-21,25088,183846696
-32,-8,-24,25088,183847955
-33,-6,-14,25600,183849218
-36,-7,-22,25088,183850481
-45,-8,-19,25088,183851744
-35,-11,-28,25088,183853003
-36,-7,-16,25088,183854262
-33,-8,-19,25600,183855521
-35,-5,-21,25088,183856780
-40,-8,-16,25088,183858039
-37,-10,-20,25088,183859298
-33,-8,-28,25088,183860557
-36,-9,-19,25088,183861816
-36,-7,-27,25088,183863075
-36,-11,-18,25600,183864334
-34,-12,-15,25088,183865593
-34,-15,-23,25088,183866852
-34,-11,-27,25088,183868111
-37,-8,-15,25600,183869371
-37,-11,-21,25088,183870631
-39,-9,-22,25600,183871891
-35,-9,-14,25088,183873151
-35,-4,-11,25600,183874411
-36,-5,-22,25600,183875671
-37,-4,-25,25088,183876931
-36,-9,-22,25088,183878191
-35,-8,-23,25088,183879442
-35,-9,-17,25088,183880693
-36,-11,-21,25088,183881944
-35,-11,-22,25088,183883195
-34,-8,-15,25088,183884446
-35,-10,-24,25088,183885697
-35,-11,-28,25600,183886956
-30,-10,-24,25088,183888215
-41,-7,-11,25088,183889473
-35,-12,-27,25088,183890731
-39,-13,-29,25088,183891989
-33,-13,-27,25088,183893247
-35,-11,-15,25088,183894505
-37,-11,-21,25088,183895763
-31,-10,-29,25088,183897021
-32,-12,-25,25088,183898279
-32,-9,-19,25088,183899536
-32,-10,-23,25088,183900793
-32,-5,-25,25088,183902050
-28,-8,-15,25088,183903307
-32,-7,-13,25088,183904564
-33,-5,-22,25088,183905821
-35,-8,-25,25088,183907078
-39,-7,-23,25088,183908335
-36,-11,-22,25088,183909590
