static ot_u16 g_imx623_seq[][2] = {
    {0xFFFF, 0x00}, // system param
    {0x0004, 0x4C},
    {0x0005, 0x04},
    {0x001C, 0xFF},
    {0x001D, 0xFF},
    {0x001E, 0x00},
    {0x0048, 0x5E},
    {0x0049, 0x06},
    {0x004A, 0x00},
    {0x0062, 0x84},
    {0x0063, 0x00},
    {0x0082, 0xD1},
    {0x0083, 0x03},
    {0x0098, 0x98},
    {0x0099, 0x08},
    {0x00A0, 0x5F},
    {0x00A1, 0x00},
    {0x00A4, 0x1F},
    {0x00A5, 0x00},
    {0x00A6, 0x1F},
    {0x00A7, 0x00},
    {0x00A8, 0x7F},
    {0x00A9, 0x00},
    {0x00AA, 0x2F},
    {0x00AB, 0x00},
    {0x00AC, 0x27},
    {0x00AD, 0x00},
    {0x00AE, 0x3F},
    {0x00AF, 0x00},
    {0x00B0, 0x27},
    {0x00B1, 0x00},
    {0x00D2, 0x00},
    {0x00D3, 0x00},
    {0x00F9, 0x01},
    {0x0541, 0x03},
    {0x08B8, 0x29},
    {0x08B9, 0x05},
    {0x08BA, 0xA8},
    {0x08BB, 0x07},
    {0x0A14, 0x05},
    {0x0A15, 0x0A},
    {0x0A16, 0x0A},
    {0x0A17, 0x05},
    {0x0A5C, 0x03},
    {0x0A5D, 0x03},
    {0x0A5E, 0x01},
    {0x0A5F, 0x01},
    {0x0A6A, 0xFE},
    {0x0A6B, 0x06},
    {0x0A6C, 0xFE},
    {0x0A6D, 0x03},
    {0x0A6E, 0xFE},
    {0x0A6F, 0x06},
    {0x0A70, 0xFE},
    {0x0A71, 0x06},
    {0x0C18, 0xF6},
    {0x0C19, 0x01},
    {0x0C1A, 0xDE},
    {0x0C1B, 0x01},
    {0x0C20, 0xF6},
    {0x0C21, 0x01},
    {0x0C22, 0xDE},
    {0x0C23, 0x01},
    {0x0C30, 0xF7},
    {0x0C31, 0x01},
    {0x0C32, 0xDD},
    {0x0C33, 0x01},
    {0x0C38, 0xF7},
    {0x0C39, 0x01},
    {0x0C3A, 0xDD},
    {0x0C3B, 0x01},
    {0x12F0, 0x70},
    {0x12F1, 0x00},
    {0x12F2, 0x72},
    {0x12F3, 0x00},
    {0x12F4, 0xEE},
    {0x12F5, 0x00},
    {0x12F6, 0xF0},
    {0x12F7, 0x00},
    {0x12F8, 0x64},
    {0x12F9, 0x02},
    {0x12FA, 0x66},
    {0x12FB, 0x02},
    {0x12FC, 0x46},
    {0x12FD, 0x03},
    {0x12FE, 0x48},
    {0x12FF, 0x03},
    {0x1738, 0xFF},
    {0x1739, 0x0F},
    {0x173A, 0xFF},
    {0x173B, 0x0F},
    {0x173C, 0xFF},
    {0x173D, 0x0F},
    {0x173E, 0xFF},
    {0x173F, 0x0F},
    {0x1740, 0xFF},
    {0x1741, 0x0F},
    {0x1742, 0xFF},
    {0x1743, 0x0F},
    {0x1744, 0xFF},
    {0x1745, 0x0F},
    {0x1746, 0xFF},
    {0x1747, 0x0F},
    {0x185E, 0xFF},
    {0x185F, 0x0F},
    {0x1860, 0x00},
    {0x1861, 0x00},
    {0x1A48, 0xFF},
    {0x1A49, 0xFF},
    {0x8A84, 0x02},
    {0x8AC4, 0x04},
    {0x8ADA, 0x02},
    {0xABFA, 0x00},
    {0xABFB, 0x00},
    {0xABFC, 0x00},
    {0xABFD, 0x00},
    {0xABFE, 0x64},
    {0xABFF, 0x00},
    {0xAC00, 0x00},
    {0xAC01, 0x00},
    {0xB35C, 0xA0},
    {0xB35D, 0x78},
    {0xB35E, 0x50},
    {0xB35F, 0x14},
    {0xB360, 0xA0},
    {0xB361, 0x78},
    {0xB362, 0x50},
    {0xB363, 0x14},
    {0xB364, 0xA0},
    {0xB365, 0x78},
    {0xB366, 0x50},
    {0xB367, 0x14},
    {0xB368, 0xA0},
    {0xB369, 0x78},
    {0xB36A, 0x50},
    {0xB36B, 0x14},
    {0xB488, 0x01},
    {0xBDA9, 0x01},
    {0xBDAA, 0x08},
    {0xBDAB, 0x01},
    {0xBDB0, 0x00},
    {0xBDB1, 0x05},
    {0xBDB4, 0xC0},
    {0xBDB5, 0x03},
    {0xBDE0, 0x01},
    {0xBDE1, 0xAE},
    {0xBDE2, 0x28},
    {0xBDE3, 0x00},
    {0xBDE4, 0x01},
    {0xBDE5, 0xAE},
    {0xBDE6, 0x29},
    {0xBDE7, 0x00},
    {0xBDE8, 0x01},
    {0xBDE9, 0xAE},
    {0xBDEA, 0x2A},
    {0xBDEB, 0x00},
    {0xBDEC, 0x01},
    {0xBDED, 0xAE},
    {0xBDEE, 0x30},
    {0xBDEF, 0x00},
    {0xBDF0, 0x01},
    {0xBDF1, 0xAE},
    {0xBDF2, 0x31},
    {0xBDF3, 0x00},
    {0xBDF4, 0x01},
    {0xBDF5, 0xAE},
    {0xBDF6, 0x32},
    {0xBDF7, 0x00},
    {0xBDFB, 0x12},
    {0xBDFC, 0x12},
    {0xBDFD, 0x37},
    {0xBDFE, 0x2C},
    {0xBDFF, 0x3F},
    {0xBE02, 0x01},
    {0xBE03, 0x02},
    {0xBE04, 0x02},
    {0xBE06, 0x04},
    {0xBE08, 0x90},
    {0xBE09, 0x07},
    {0xBE0A, 0x10},
    {0xBE0B, 0x06},
    {0xBE0C, 0x08},
    {0xBE17, 0x01},
    {0xBE28, 0x10},
    {0xBE29, 0x10},
    {0xBE2A, 0x10},
    {0xBE2B, 0x10},
    {0xBE60, 0xCC},
    {0xBE61, 0xFA},
    {0xBE62, 0x94},
    {0xBE63, 0x03},
    {0xBF1C, 0x01},
    {0xBF21, 0x01},
    {0xBF27, 0x01},
    {0xBF34, 0x55},
    {0xBF35, 0x40},
    {0xBF36, 0x05},
    {0xBF38, 0x54},
    {0xBF39, 0x55},
    {0xBF3A, 0x05},
    {0xBF3B, 0x50},
    {0xBF3C, 0x55},
    {0xBF3D, 0x05},
    {0xBF3E, 0x01},
    {0xD356, 0x4E},
    {0xD357, 0x00},
    {0xD358, 0x4E},
    {0xD359, 0x00},
    {0xD35A, 0x8D},
    {0xD35B, 0x00},
    {0xD35C, 0x8D},
    {0xD35D, 0x00},
    {0xD35E, 0xC5},
    {0xD35F, 0x00},
    {0xD360, 0xC5},
    {0xD361, 0x00},
    {0xD362, 0xF8},
    {0xD363, 0x00},
    {0xD364, 0xF8},
    {0xD365, 0x00},
    {0xD366, 0x29},
    {0xD367, 0x01},
    {0xD368, 0x29},
    {0xD369, 0x01},
    {0xD36A, 0x57},
    {0xD36B, 0x01},
    {0xD36C, 0x57},
    {0xD36D, 0x01},
    {0xD36E, 0x83},
    {0xD36F, 0x01},
    {0xD370, 0x83},
    {0xD371, 0x01},
    {0xD372, 0xAD},
    {0xD373, 0x01},
    {0xD374, 0xAD},
    {0xD375, 0x01},
    {0xD376, 0x39},
    {0xD377, 0x02},
    {0xD378, 0x39},
    {0xD379, 0x02},
    {0xD37A, 0xA0},
    {0xD37B, 0x02},
    {0xD37C, 0xA0},
    {0xD37D, 0x02},
    {0xD37E, 0xF1},
    {0xD37F, 0x02},
    {0xD380, 0xF1},
    {0xD381, 0x02},
    {0xD382, 0x30},
    {0xD383, 0x03},
    {0xD384, 0x30},
    {0xD385, 0x03},
    {0xD386, 0x5B},
    {0xD387, 0x03},
    {0xD388, 0x5B},
    {0xD389, 0x03},
    {0xD38A, 0x7B},
    {0xD38B, 0x03},
    {0xD38C, 0x7B},
    {0xD38D, 0x03},
    {0xD38E, 0x95},
    {0xD38F, 0x03},
    {0xD390, 0x95},
    {0xD391, 0x03},
    {0xD392, 0xAA},
    {0xD393, 0x03},
    {0xD394, 0xAA},
    {0xD395, 0x03},
    {0xD396, 0xBD},
    {0xD397, 0x03},
    {0xD398, 0xBD},
    {0xD399, 0x03},
    {0xD39A, 0xCF},
    {0xD39B, 0x03},
    {0xD39C, 0xCF},
    {0xD39D, 0x03},
    {0xD39E, 0xDF},
    {0xD39F, 0x03},
    {0xD3A0, 0xDF},
    {0xD3A1, 0x03},
    {0xD3A2, 0xEF},
    {0xD3A3, 0x03},
    {0xD3A4, 0xEF},
    {0xD3A5, 0x03},
    {0xD3A6, 0xFF},
    {0xD3A7, 0x03},
    {0xD3A8, 0xFF},
    {0xD3A9, 0x03},
    {0xD828, 0xCC},
    {0xD829, 0xFA},
    {0xD82A, 0x94},
    {0xD82B, 0x03},
    {0xD82D, 0x05},
    {0xD83C, 0x02},
    {0xD88B, 0x2E},
    {0xD8A4, 0x34},
    {0xD8A5, 0x01},
    {0xD8A8, 0x1A},
    {0xD8A9, 0x07},
    {0xD8AA, 0x1A},
    {0xD8AB, 0x07},
    {0x8AD7, 0x00},
    {0x8A55, 0x04},
    {0xD800, 0x49},
    {0xD801, 0x30},
    {0xFFFF, 0xF3}, // es3 param
    {0x0000, 0xAB},
    {0x0001, 0xBA},
    {0x0002, 0xE4},
    {0x0003, 0x17},
    {0x0004, 0x00},
    {0x0005, 0x10},
    {0x0006, 0xD4},
    {0x0007, 0x00},
    {0x0008, 0x55},
    {0x0009, 0x88},
    {0x000A, 0x27},
    {0x000B, 0x00},
    {0x000C, 0x8E},
    {0x000D, 0xF1},
    {0x000E, 0x3A},
    {0x000F, 0xFC},
    {0x0010, 0x55},
    {0x0011, 0x50},
    {0x0012, 0x65},
    {0x0013, 0x01},
    {0x0014, 0x7A},
    {0x0015, 0xF1},
    {0x0016, 0x5A},
    {0x0017, 0xFD},
    {0x0018, 0x55},
    {0x0019, 0xF0},
    {0x001A, 0x22},
    {0x001B, 0x02},
    {0x001C, 0x6E},
    {0x001D, 0xF1},
    {0x001E, 0x8E},
    {0x001F, 0xFE},
    {0x0020, 0x55},
    {0x0021, 0x58},
    {0x0022, 0x5E},
    {0x0023, 0x01},
    {0x0024, 0x7B},
    {0x0025, 0xF1},
    {0x0026, 0xF0},
    {0x0027, 0xF8},
    {0x0028, 0x55},
    {0x0029, 0xFC},
    {0x002A, 0x67},
    {0x002B, 0x01},
    {0x002C, 0x7A},
    {0x002D, 0xF1},
    {0x002E, 0x0C},
    {0x002F, 0xFC},
    {0x0030, 0x55},
    {0x0031, 0xEC},
    {0x0032, 0xEB},
    {0x0033, 0x00},
    {0x0034, 0x82},
    {0x0035, 0xF1},
    {0x0036, 0x18},
    {0x0037, 0xFA},
    {0x0038, 0x55},
    {0x0039, 0x78},
    {0x003A, 0x03},
    {0x003B, 0x01},
    {0x003C, 0x80},
    {0x003D, 0xF1},
    {0x003E, 0x56},
    {0x003F, 0xFE},
    {0x0040, 0x55},
    {0x0041, 0x3C},
    {0x0042, 0x6F},
    {0x0043, 0x01},
    {0x0044, 0x7A},
    {0x0045, 0xF1},
    {0x0046, 0x79},
    {0x0047, 0xF8},
    {0x0048, 0x55},
    {0x0049, 0x6C},
    {0x004A, 0x58},
    {0x004B, 0x01},
    {0x004C, 0x7B},
    {0x004D, 0xF1},
    {0x004E, 0xEB},
    {0x004F, 0xFB},
    {0x0050, 0x55},
    {0x0051, 0xF8},
    {0x0052, 0xC2},
    {0x0053, 0x00},
    {0x0054, 0x85},
    {0x0055, 0xF1},
    {0x0056, 0x3E},
    {0x0057, 0xFE},
    {0x0058, 0x55},
    {0x0059, 0xD0},
    {0x005A, 0x9F},
    {0x005B, 0x00},
    {0x005C, 0x87},
    {0x005D, 0xF1},
    {0x005E, 0xD6},
    {0x005F, 0xFF},
    {0x0060, 0x55},
    {0x0061, 0xD0},
    {0x0062, 0x64},
    {0x0063, 0x01},
    {0x0064, 0x7B},
    {0x0065, 0xF1},
    {0x0066, 0x5A},
    {0x0067, 0xFD},
    {0x0068, 0x55},
    {0x0069, 0x44},
    {0x006A, 0x55},
    {0x006B, 0x00},
    {0x006C, 0x8C},
    {0x006D, 0xF1},
    {0x006E, 0x25},
    {0x006F, 0xFD},
    {0x0070, 0x00},
    {0x0071, 0x00},
    {0x0072, 0x00},
    {0x0073, 0x00},
    {0x0074, 0x00},
    {0x0075, 0x00},
    {0x0076, 0x00},
    {0x0077, 0x00},
    {0x0078, 0x00},
    {0x0079, 0x00},
    {0x007A, 0x00},
    {0x007B, 0x00},
    {0x007C, 0x00},
    {0x007D, 0x00},
    {0x007E, 0x00},
    {0x007F, 0x00},
    {0x0080, 0x00},
    {0x0081, 0x00},
    {0x0082, 0x00},
    {0x0083, 0x00},
    {0x0084, 0x00},
    {0x0085, 0x00},
    {0x0086, 0x00},
    {0x0087, 0x00},
    {0x1000, 0x00},
    {0x1001, 0xF0},
    {0x1002, 0xFF},
    {0x1003, 0xFA},
    {0x1004, 0x71},
    {0x1005, 0xF6},
    {0x1006, 0x01},
    {0x1007, 0xFC},
    {0x1008, 0x00},
    {0x1009, 0xF0},
    {0x100A, 0x58},
    {0x100B, 0xFC},
    {0x100C, 0x85},
    {0x100D, 0xF6},
    {0x100E, 0xED},
    {0x100F, 0xFA},
    {0x1010, 0x00},
    {0x1011, 0xF0},
    {0x1012, 0x3E},
    {0x1013, 0xF8},
    {0x1014, 0x91},
    {0x1015, 0xF6},
    {0x1016, 0x6E},
    {0x1017, 0xF9},
    {0x1018, 0x00},
    {0x1019, 0xF0},
    {0x101A, 0xCC},
    {0x101B, 0xF8},
    {0x101C, 0x85},
    {0x101D, 0xF6},
    {0x101E, 0x20},
    {0x101F, 0xFC},
    {0x1020, 0x00},
    {0x1021, 0xF0},
    {0x1022, 0x44},
    {0x1023, 0xFB},
    {0x1024, 0x7D},
    {0x1025, 0xF6},
    {0x1026, 0xF2},
    {0x1027, 0xFD},
    {0x1028, 0x30},
    {0x1029, 0x1C},
    {0x102A, 0x00},
    {0x102B, 0xF0},
    {0x102C, 0x70},
    {0x102D, 0xFB},
    {0x102E, 0x7F},
    {0x102F, 0xF6},
    {0x1030, 0xA6},
    {0x1031, 0xF9},
    {0x1032, 0x40},
    {0x1033, 0x39},
    {0x1034, 0x00},
    {0x1035, 0xF0},
    {0x1036, 0x87},
    {0x1037, 0xF9},
    {0x1038, 0x85},
    {0x1039, 0xF6},
    {0x103A, 0x83},
    {0x103B, 0xFF},
    {0x103C, 0x20},
    {0x103D, 0x1C},
    {0x103E, 0x00},
    {0x103F, 0xF0},
    {0x1040, 0x04},
    {0x1041, 0xF9},
    {0x1042, 0x84},
    {0x1043, 0xF6},
    {0x1044, 0x0C},
    {0x1045, 0xFF},
    {0x1046, 0x00},
    {0x1047, 0xF0},
    {0x1048, 0xE3},
    {0x1049, 0xFB},
    {0x104A, 0x84},
    {0x104B, 0xF6},
    {0x104C, 0x2E},
    {0x104D, 0xFC},
    {0x104E, 0x00},
    {0x104F, 0x00},
    {0x1050, 0x09},
    {0x1051, 0x48},
    {0x1052, 0x00},
    {0x1053, 0x7B},
    {0x1054, 0x01},
    {0x1055, 0x28},
    {0x1056, 0x0E},
    {0x1057, 0xD1},
    {0x1058, 0x09},
    {0x1059, 0x48},
    {0x105A, 0x08},
    {0x105B, 0x49},
    {0x105C, 0x41},
    {0x105D, 0x62},
    {0x105E, 0x09},
    {0x105F, 0x49},
    {0x1060, 0x81},
    {0x1061, 0x62},
    {0x1062, 0x03},
    {0x1063, 0x21},
    {0x1064, 0x09},
    {0x1065, 0x02},
    {0x1066, 0xC1},
    {0x1067, 0x62},
    {0x1068, 0x07},
    {0x1069, 0x49},
    {0x106A, 0xC1},
    {0x106B, 0x63},
    {0x106C, 0x07},
    {0x106D, 0x49},
    {0x106E, 0x01},
    {0x106F, 0x64},
    {0x1070, 0x01},
    {0x1071, 0x21},
    {0x1072, 0x49},
    {0x1073, 0x03},
    {0x1074, 0x41},
    {0x1075, 0x64},
    {0x1076, 0x70},
    {0x1077, 0x47},
    {0x1078, 0xA8},
    {0x1079, 0x1C},
    {0x107A, 0x18},
    {0x107B, 0x00},
    {0x107C, 0x01},
    {0x107D, 0x05},
    {0x107E, 0x03},
    {0x107F, 0x16},
    {0x1080, 0x00},
    {0x1081, 0x3D},
    {0x1082, 0x19},
    {0x1083, 0x00},
    {0x1084, 0x00},
    {0x1085, 0x3D},
    {0x1086, 0x19},
    {0x1087, 0x00},
    {0x1088, 0x01},
    {0x1089, 0x03},
    {0x108A, 0x03},
    {0x108B, 0x06},
    {0x108C, 0x00},
    {0x108D, 0x10},
    {0x108E, 0x19},
    {0x108F, 0x00},
    {0x1090, 0x70},
    {0x1091, 0xB5},
    {0x1092, 0x92},
    {0x1093, 0xF6},
    {0x1094, 0x0B},
    {0x1095, 0xFB},
    {0x1096, 0x90},
    {0x1097, 0xF6},
    {0x1098, 0x17},
    {0x1099, 0xFC},
    {0x109A, 0x42},
    {0x109B, 0x48},
    {0x109C, 0x10},
    {0x109D, 0x21},
    {0x109E, 0x81},
    {0x109F, 0x87},
    {0x10A0, 0x91},
    {0x10A1, 0xF6},
    {0x10A2, 0x26},
    {0x10A3, 0xFB},
    {0x10A4, 0x40},
    {0x10A5, 0x4C},
    {0x10A6, 0x60},
    {0x10A7, 0x7D},
    {0x10A8, 0x40},
    {0x10A9, 0x1C},
    {0x10AA, 0x60},
    {0x10AB, 0x75},
    {0x10AC, 0x3F},
    {0x10AD, 0x48},
    {0x10AE, 0x00},
    {0x10AF, 0x68},
    {0x10B0, 0x00},
    {0x10B1, 0x28},
    {0x10B2, 0x00},
    {0x10B3, 0xD0},
    {0x10B4, 0x80},
    {0x10B5, 0x47},
    {0x10B6, 0x94},
    {0x10B7, 0xF6},
    {0x10B8, 0xDD},
    {0x10B9, 0xFB},
    {0x10BA, 0xA0},
    {0x10BB, 0x7D},
    {0x10BC, 0x40},
    {0x10BD, 0x1C},
    {0x10BE, 0xA0},
    {0x10BF, 0x75},
    {0x10C0, 0x94},
    {0x10C1, 0xF6},
    {0x10C2, 0x2C},
    {0x10C3, 0xFC},
    {0x10C4, 0xE0},
    {0x10C5, 0x7C},
    {0x10C6, 0x40},
    {0x10C7, 0x1C},
    {0x10C8, 0xE0},
    {0x10C9, 0x74},
    {0x10CA, 0x94},
    {0x10CB, 0xF6},
    {0x10CC, 0x17},
    {0x10CD, 0xFC},
    {0x10CE, 0x94},
    {0x10CF, 0xF6},
    {0x10D0, 0x1F},
    {0x10D1, 0xFC},
    {0x10D2, 0x00},
    {0x10D3, 0x21},
    {0x10D4, 0x08},
    {0x10D5, 0x46},
    {0x10D6, 0x74},
    {0x10D7, 0xF6},
    {0x10D8, 0xFD},
    {0x10D9, 0xFF},
    {0x10DA, 0x33},
    {0x10DB, 0x4D},
    {0x10DC, 0x20},
    {0x10DD, 0x35},
    {0x10DE, 0x28},
    {0x10DF, 0x7C},
    {0x10E0, 0x40},
    {0x10E1, 0x1C},
    {0x10E2, 0x28},
    {0x10E3, 0x74},
    {0x10E4, 0x00},
    {0x10E5, 0x20},
    {0x10E6, 0x74},
    {0x10E7, 0xF6},
    {0x10E8, 0xB9},
    {0x10E9, 0xFD},
    {0x10EA, 0xA8},
    {0x10EB, 0x7C},
    {0x10EC, 0x40},
    {0x10ED, 0x1C},
    {0x10EE, 0xA8},
    {0x10EF, 0x74},
    {0x10F0, 0x83},
    {0x10F1, 0xF6},
    {0x10F2, 0x1C},
    {0x10F3, 0xFC},
    {0x10F4, 0xE0},
    {0x10F5, 0x7D},
    {0x10F6, 0x40},
    {0x10F7, 0x1C},
    {0x10F8, 0xE0},
    {0x10F9, 0x75},
    {0x10FA, 0x86},
    {0x10FB, 0xF6},
    {0x10FC, 0xA3},
    {0x10FD, 0xFB},
    {0x10FE, 0x20},
    {0x10FF, 0x7E},
    {0x1100, 0x40},
    {0x1101, 0x1C},
    {0x1102, 0x20},
    {0x1103, 0x76},
    {0x1104, 0x91},
    {0x1105, 0xF6},
    {0x1106, 0x24},
    {0x1107, 0xF8},
    {0x1108, 0x8F},
    {0x1109, 0xF6},
    {0x110A, 0x6A},
    {0x110B, 0xF9},
    {0x110C, 0x40},
    {0x110D, 0x3D},
    {0x110E, 0xA8},
    {0x110F, 0x6D},
    {0x1110, 0x00},
    {0x1111, 0x04},
    {0x1112, 0x1B},
    {0x1113, 0xD4},
    {0x1114, 0x90},
    {0x1115, 0xF6},
    {0x1116, 0xE8},
    {0x1117, 0xFE},
    {0x1118, 0x90},
    {0x1119, 0xF6},
    {0x111A, 0x04},
    {0x111B, 0xFF},
    {0x111C, 0x92},
    {0x111D, 0xF6},
    {0x111E, 0xB4},
    {0x111F, 0xFA},
    {0x1120, 0x92},
    {0x1121, 0xF6},
    {0x1122, 0x36},
    {0x1123, 0xFB},
    {0x1124, 0x90},
    {0x1125, 0xF6},
    {0x1126, 0xFE},
    {0x1127, 0xFC},
    {0x1128, 0xE0},
    {0x1129, 0x78},
    {0x112A, 0x40},
    {0x112B, 0x1C},
    {0x112C, 0xE0},
    {0x112D, 0x70},
    {0x112E, 0x90},
    {0x112F, 0xF6},
    {0x1130, 0x17},
    {0x1131, 0xFE},
    {0x1132, 0x90},
    {0x1133, 0xF6},
    {0x1134, 0x9D},
    {0x1135, 0xFC},
    {0x1136, 0x91},
    {0x1137, 0xF6},
    {0x1138, 0x3B},
    {0x1139, 0xF9},
    {0x113A, 0x90},
    {0x113B, 0xF6},
    {0x113C, 0x83},
    {0x113D, 0xFF},
    {0x113E, 0x91},
    {0x113F, 0xF6},
    {0x1140, 0x41},
    {0x1141, 0xFA},
    {0x1142, 0xA8},
    {0x1143, 0x6D},
    {0x1144, 0x80},
    {0x1145, 0x03},
    {0x1146, 0x01},
    {0x1147, 0xD4},
    {0x1148, 0x88},
    {0x1149, 0xF6},
    {0x114A, 0x8A},
    {0x114B, 0xFA},
    {0x114C, 0x40},
    {0x114D, 0x21},
    {0x114E, 0x00},
    {0x114F, 0x20},
    {0x1150, 0x71},
    {0x1151, 0xF6},
    {0x1152, 0xE8},
    {0x1153, 0xFC},
    {0x1154, 0x70},
    {0x1155, 0xBD},
    {0x1156, 0x08},
    {0x1157, 0xB5},
    {0x1158, 0x00},
    {0x1159, 0x21},
    {0x115A, 0x68},
    {0x115B, 0x46},
    {0x115C, 0x01},
    {0x115D, 0x70},
    {0x115E, 0x8F},
    {0x115F, 0xF6},
    {0x1160, 0x93},
    {0x1161, 0xFC},
    {0x1162, 0x01},
    {0x1163, 0x20},
    {0x1164, 0x8F},
    {0x1165, 0xF6},
    {0x1166, 0x4C},
    {0x1167, 0xFC},
    {0x1168, 0x91},
    {0x1169, 0xF6},
    {0x116A, 0x00},
    {0x116B, 0xF9},
    {0x116C, 0x0E},
    {0x116D, 0x49},
    {0x116E, 0x48},
    {0x116F, 0x7C},
    {0x1170, 0x40},
    {0x1171, 0x1C},
    {0x1172, 0x48},
    {0x1173, 0x74},
    {0x1174, 0x00},
    {0x1175, 0xF0},
    {0x1176, 0x20},
    {0x1177, 0xF9},
    {0x1178, 0x69},
    {0x1179, 0x46},
    {0x117A, 0x00},
    {0x117B, 0x20},
    {0x117C, 0x70},
    {0x117D, 0xF6},
    {0x117E, 0x9E},
    {0x117F, 0xFE},
    {0x1180, 0x68},
    {0x1181, 0x46},
    {0x1182, 0x01},
    {0x1183, 0x78},
    {0x1184, 0x0A},
    {0x1185, 0x48},
    {0x1186, 0x01},
    {0x1187, 0x77},
    {0x1188, 0x90},
    {0x1189, 0xF6},
    {0x118A, 0x06},
    {0x118B, 0xFF},
    {0x118C, 0x06},
    {0x118D, 0x49},
    {0x118E, 0x20},
    {0x118F, 0x31},
    {0x1190, 0x88},
    {0x1191, 0x79},
    {0x1192, 0x40},
    {0x1193, 0x1C},
    {0x1194, 0x88},
    {0x1195, 0x71},
    {0x1196, 0x04},
    {0x1197, 0x20},
    {0x1198, 0x92},
    {0x1199, 0xF6},
    {0x119A, 0x42},
    {0x119B, 0xFB},
    {0x119C, 0x00},
    {0x119D, 0x20},
    {0x119E, 0x70},
    {0x119F, 0xF6},
    {0x11A0, 0x09},
    {0x11A1, 0xFA},
    {0x11A2, 0x08},
    {0x11A3, 0xBD},
    {0x11A4, 0xC8},
    {0x11A5, 0x44},
    {0x11A6, 0x18},
    {0x11A7, 0x00},
    {0x11A8, 0x68},
    {0x11A9, 0x40},
    {0x11AA, 0x18},
    {0x11AB, 0x00},
    {0x11AC, 0x4C},
    {0x11AD, 0x01},
    {0x11AE, 0x18},
    {0x11AF, 0x00},
    {0x11B0, 0xA8},
    {0x11B1, 0x1C},
    {0x11B2, 0x18},
    {0x11B3, 0x00},
    {0x11B4, 0xFE},
    {0x11B5, 0xB5},
    {0x11B6, 0x04},
    {0x11B7, 0x46},
    {0x11B8, 0x01},
    {0x11B9, 0x20},
    {0x11BA, 0x0E},
    {0x11BB, 0x46},
    {0x11BC, 0x02},
    {0x11BD, 0x90},
    {0x11BE, 0x54},
    {0x11BF, 0x48},
    {0x11C0, 0x69},
    {0x11C1, 0x46},
    {0x11C2, 0x08},
    {0x11C3, 0x80},
    {0x11C4, 0x21},
    {0x11C5, 0x78},
    {0x11C6, 0x0D},
    {0x11C7, 0x03},
    {0x11C8, 0x61},
    {0x11C9, 0x78},
    {0x11CA, 0x00},
    {0x11CB, 0x29},
    {0x11CC, 0x01},
    {0x11CD, 0xD1},
    {0x11CE, 0x41},
    {0x11CF, 0x1C},
    {0x11D0, 0x6D},
    {0x11D1, 0x18},
    {0x11D2, 0x03},
    {0x11D3, 0x27},
    {0x11D4, 0xBF},
    {0x11D5, 0x02},
    {0x11D6, 0x6B},
    {0x11D7, 0x46},
    {0x11D8, 0x3A},
    {0x11D9, 0x46},
    {0x11DA, 0x31},
    {0x11DB, 0x46},
    {0x11DC, 0x92},
    {0x11DD, 0xF6},
    {0x11DE, 0xB2},
    {0x11DF, 0xFC},
    {0x11E0, 0x68},
    {0x11E1, 0x46},
    {0x11E2, 0x02},
    {0x11E3, 0x88},
    {0x11E4, 0xF1},
    {0x11E5, 0x19},
    {0x11E6, 0x20},
    {0x11E7, 0x46},
    {0x11E8, 0x85},
    {0x11E9, 0xF6},
    {0x11EA, 0xE2},
    {0x11EB, 0xF8},
    {0x11EC, 0x29},
    {0x11ED, 0x46},
    {0x11EE, 0x00},
    {0x11EF, 0x20},
    {0x11F0, 0x74},
    {0x11F1, 0xF6},
    {0x11F2, 0x9A},
    {0x11F3, 0xF9},
    {0x11F4, 0x47},
    {0x11F5, 0x49},
    {0x11F6, 0x00},
    {0x11F7, 0x24},
    {0x11F8, 0x09},
    {0x11F9, 0x7E},
    {0x11FA, 0x01},
    {0x11FB, 0x91},
    {0x11FC, 0x1B},
    {0x11FD, 0xE0},
    {0x11FE, 0x01},
    {0x11FF, 0x98},
    {0x1200, 0x00},
    {0x1201, 0x28},
    {0x1202, 0x01},
    {0x1203, 0xD0},
    {0x1204, 0x70},
    {0x1205, 0xF6},
    {0x1206, 0x9A},
    {0x1207, 0xFA},
    {0x1208, 0xA7},
    {0x1209, 0x02},
    {0x120A, 0x03},
    {0x120B, 0x2C},
    {0x120C, 0x09},
    {0x120D, 0xD2},
    {0x120E, 0x21},
    {0x120F, 0x02},
    {0x1210, 0x8A},
    {0x1211, 0x19},
    {0x1212, 0x0D},
    {0x1213, 0x21},
    {0x1214, 0x09},
    {0x1215, 0x02},
    {0x1216, 0x51},
    {0x1217, 0x18},
    {0x1218, 0x01},
    {0x1219, 0x22},
    {0x121A, 0xF0},
    {0x121B, 0x19},
    {0x121C, 0x92},
    {0x121D, 0x02},
    {0x121E, 0x84},
    {0x121F, 0xF6},
    {0x1220, 0x0A},
    {0x1221, 0xFC},
    {0x1222, 0x01},
    {0x1223, 0x23},
    {0x1224, 0xEA},
    {0x1225, 0x19},
    {0x1226, 0xF1},
    {0x1227, 0x19},
    {0x1228, 0x9B},
    {0x1229, 0x02},
    {0x122A, 0x00},
    {0x122B, 0x20},
    {0x122C, 0x74},
    {0x122D, 0xF6},
    {0x122E, 0x40},
    {0x122F, 0xFC},
    {0x1230, 0x64},
    {0x1231, 0x1C},
    {0x1232, 0x04},
    {0x1233, 0x2C},
    {0x1234, 0x02},
    {0x1235, 0xD2},
    {0x1236, 0x00},
    {0x1237, 0x28},
    {0x1238, 0xE1},
    {0x1239, 0xD0},
    {0x123A, 0x01},
    {0x123B, 0xE0},
    {0x123C, 0x00},
    {0x123D, 0x28},
    {0x123E, 0x02},
    {0x123F, 0xD0},
    {0x1240, 0x00},
    {0x1241, 0x20},
    {0x1242, 0x02},
    {0x1243, 0x90},
    {0x1244, 0xFE},
    {0x1245, 0xBD},
    {0x1246, 0x02},
    {0x1247, 0x98},
    {0x1248, 0xFE},
    {0x1249, 0xBD},
    {0x124A, 0xF0},
    {0x124B, 0xB5},
    {0x124C, 0x02},
    {0x124D, 0x46},
    {0x124E, 0x95},
    {0x124F, 0x68},
    {0x1250, 0x50},
    {0x1251, 0xCA},
    {0x1252, 0x89},
    {0x1253, 0xB0},
    {0x1254, 0x22},
    {0x1255, 0x05},
    {0x1256, 0x12},
    {0x1257, 0x0D},
    {0x1258, 0x05},
    {0x1259, 0x91},
    {0x125A, 0x03},
    {0x125B, 0x92},
    {0x125C, 0x2E},
    {0x125D, 0x49},
    {0x125E, 0x31},
    {0x125F, 0x22},
    {0x1260, 0x01},
    {0x1261, 0x20},
    {0x1262, 0x00},
    {0x1263, 0x27},
    {0x1264, 0x71},
    {0x1265, 0x18},
    {0x1266, 0x12},
    {0x1267, 0x03},
    {0x1268, 0x91},
    {0x1269, 0x42},
    {0x126A, 0x04},
    {0x126B, 0xD9},
    {0x126C, 0x2B},
    {0x126D, 0x49},
    {0x126E, 0x42},
    {0x126F, 0x03},
    {0x1270, 0x71},
    {0x1271, 0x18},
    {0x1272, 0x91},
    {0x1273, 0x42},
    {0x1274, 0x41},
    {0x1275, 0xD8},
    {0x1276, 0x01},
    {0x1277, 0x27},
    {0x1278, 0x3F},
    {0x1279, 0xE0},
    {0x127A, 0x20},
    {0x127B, 0x03},
    {0x127C, 0x00},
    {0x127D, 0x0E},
    {0x127E, 0x06},
    {0x127F, 0xA9},
    {0x1280, 0x85},
    {0x1281, 0xF6},
    {0x1282, 0x4A},
    {0x1283, 0xFB},
    {0x1284, 0x68},
    {0x1285, 0x46},
    {0x1286, 0x40},
    {0x1287, 0x7E},
    {0x1288, 0x01},
    {0x1289, 0x28},
    {0x128A, 0x68},
    {0x128B, 0x46},
    {0x128C, 0x00},
    {0x128D, 0x7E},
    {0x128E, 0x0C},
    {0x128F, 0xD0},
    {0x1290, 0x02},
    {0x1291, 0x03},
    {0x1292, 0x68},
    {0x1293, 0x46},
    {0x1294, 0x00},
    {0x1295, 0x7E},
    {0x1296, 0x03},
    {0x1297, 0x23},
    {0x1298, 0x00},
    {0x1299, 0x03},
    {0x129A, 0x9B},
    {0x129B, 0x02},
    {0x129C, 0xC0},
    {0x129D, 0x18},
    {0x129E, 0x61},
    {0x129F, 0x19},
    {0x12A0, 0x81},
    {0x12A1, 0x42},
    {0x12A2, 0x07},
    {0x12A3, 0xD9},
    {0x12A4, 0x00},
    {0x12A5, 0x1B},
    {0x12A6, 0x00},
    {0x12A7, 0x90},
    {0x12A8, 0x05},
    {0x12A9, 0xE0},
    {0x12AA, 0x01},
    {0x12AB, 0x21},
    {0x12AC, 0x00},
    {0x12AD, 0x03},
    {0x12AE, 0x09},
    {0x12AF, 0x04},
    {0x12B0, 0x42},
    {0x12B1, 0x18},
    {0x12B2, 0xEE},
    {0x12B3, 0xE7},
    {0x12B4, 0x00},
    {0x12B5, 0x95},
    {0x12B6, 0x00},
    {0x12B7, 0x20},
    {0x12B8, 0x05},
    {0x12B9, 0x99},
    {0x12BA, 0x00},
    {0x12BB, 0xF0},
    {0x12BC, 0x5A},
    {0x12BD, 0xFB},
    {0x12BE, 0x00},
    {0x12BF, 0x28},
    {0x12C0, 0x02},
    {0x12C1, 0xD0},
    {0x12C2, 0x00},
    {0x12C3, 0x20},
    {0x12C4, 0x09},
    {0x12C5, 0xB0},
    {0x12C6, 0xF0},
    {0x12C7, 0xBD},
    {0x12C8, 0x03},
    {0x12C9, 0x99},
    {0x12CA, 0x05},
    {0x12CB, 0x98},
    {0x12CC, 0x00},
    {0x12CD, 0x2F},
    {0x12CE, 0x17},
    {0x12CF, 0xD0},
    {0x12D0, 0x00},
    {0x12D1, 0x9B},
    {0x12D2, 0x40},
    {0x12D3, 0x18},
    {0x12D4, 0x32},
    {0x12D5, 0x46},
    {0x12D6, 0x19},
    {0x12D7, 0x46},
    {0x12D8, 0x71},
    {0x12D9, 0xF6},
    {0x12DA, 0xFA},
    {0x12DB, 0xFF},
    {0x12DC, 0x06},
    {0x12DD, 0xA8},
    {0x12DE, 0x05},
    {0x12DF, 0x99},
    {0x12E0, 0xFF},
    {0x12E1, 0xF7},
    {0x12E2, 0x68},
    {0x12E3, 0xFF},
    {0x12E4, 0x01},
    {0x12E5, 0x28},
    {0x12E6, 0xED},
    {0x12E7, 0xD1},
    {0x12E8, 0x00},
    {0x12E9, 0x99},
    {0x12EA, 0x82},
    {0x12EB, 0x02},
    {0x12EC, 0x61},
    {0x12ED, 0x18},
    {0x12EE, 0x8C},
    {0x12EF, 0x18},
    {0x12F0, 0x00},
    {0x12F1, 0x99},
    {0x12F2, 0x76},
    {0x12F3, 0x18},
    {0x12F4, 0x6D},
    {0x12F5, 0x1A},
    {0x12F6, 0x00},
    {0x12F7, 0x21},
    {0x12F8, 0x03},
    {0x12F9, 0x91},
    {0x12FA, 0x00},
    {0x12FB, 0x2D},
    {0x12FC, 0xBD},
    {0x12FD, 0xD1},
    {0x12FE, 0xE1},
    {0x12FF, 0xE7},
    {0x1300, 0x00},
    {0x1301, 0x9B},
    {0x1302, 0x40},
    {0x1303, 0x18},
    {0x1304, 0x32},
    {0x1305, 0x46},
    {0x1306, 0x19},
    {0x1307, 0x46},
    {0x1308, 0x92},
    {0x1309, 0xF6},
    {0x130A, 0xE6},
    {0x130B, 0xFF},
    {0x130C, 0xE6},
    {0x130D, 0xE7},
    {0x130E, 0x00},
    {0x130F, 0x00},
    {0x1310, 0xFF},
    {0x1311, 0xFF},
    {0x1312, 0x00},
    {0x1313, 0x00},
    {0x1314, 0x68},
    {0x1315, 0x45},
    {0x1316, 0x18},
    {0x1317, 0x00},
    {0x1318, 0x00},
    {0x1319, 0xD0},
    {0x131A, 0xFF},
    {0x131B, 0xBF},
    {0x131C, 0x00},
    {0x131D, 0xF0},
    {0x131E, 0xFF},
    {0x131F, 0x5F},
    {0x1320, 0x10},
    {0x1321, 0xB5},
    {0x1322, 0x0F},
    {0x1323, 0x4A},
    {0x1324, 0x00},
    {0x1325, 0x21},
    {0x1326, 0x12},
    {0x1327, 0x7A},
    {0x1328, 0x01},
    {0x1329, 0x2A},
    {0x132A, 0x0A},
    {0x132B, 0xD0},
    {0x132C, 0x00},
    {0x132D, 0x28},
    {0x132E, 0x08},
    {0x132F, 0xD0},
    {0x1330, 0x02},
    {0x1331, 0x68},
    {0x1332, 0x00},
    {0x1333, 0x2A},
    {0x1334, 0x05},
    {0x1335, 0xD0},
    {0x1336, 0xC2},
    {0x1337, 0x68},
    {0x1338, 0x00},
    {0x1339, 0x2A},
    {0x133A, 0x02},
    {0x133B, 0xD0},
    {0x133C, 0x85},
    {0x133D, 0xF6},
    {0x133E, 0x7C},
    {0x133F, 0xFE},
    {0x1340, 0x01},
    {0x1341, 0x46},
    {0x1342, 0x08},
    {0x1343, 0x46},
    {0x1344, 0x10},
    {0x1345, 0xBD},
    {0x1346, 0x10},
    {0x1347, 0xB5},
    {0x1348, 0x00},
    {0x1349, 0x22},
    {0x134A, 0xA8},
    {0x134B, 0x21},
    {0x134C, 0x05},
    {0x134D, 0x48},
    {0x134E, 0x92},
    {0x134F, 0xF6},
    {0x1350, 0xED},
    {0x1351, 0xFC},
    {0x1352, 0x07},
    {0x1353, 0x23},
    {0x1354, 0x18},
    {0x1355, 0x22},
    {0x1356, 0x03},
    {0x1357, 0x49},
    {0x1358, 0x00},
    {0x1359, 0x20},
    {0x135A, 0x76},
    {0x135B, 0xF6},
    {0x135C, 0xC3},
    {0x135D, 0xF9},
    {0x135E, 0x10},
    {0x135F, 0xBD},
    {0x1360, 0x98},
    {0x1361, 0x18},
    {0x1362, 0x18},
    {0x1363, 0x00},
    {0x1364, 0x88},
    {0x1365, 0x00},
    {0x1366, 0x19},
    {0x1367, 0x00},
    {0x1368, 0x10},
    {0x1369, 0xB5},
    {0x136A, 0x00},
    {0x136B, 0xF0},
    {0x136C, 0x01},
    {0x136D, 0xFF},
    {0x136E, 0x00},
    {0x136F, 0xF0},
    {0x1370, 0x13},
    {0x1371, 0xF8},
    {0x1372, 0x8A},
    {0x1373, 0xF6},
    {0x1374, 0x6F},
    {0x1375, 0xFD},
    {0x1376, 0x10},
    {0x1377, 0xBD},
    {0x1378, 0x10},
    {0x1379, 0xB5},
    {0x137A, 0x06},
    {0x137B, 0x48},
    {0x137C, 0x80},
    {0x137D, 0x6E},
    {0x137E, 0xC0},
    {0x137F, 0x07},
    {0x1380, 0x03},
    {0x1381, 0xD1},
    {0x1382, 0x89},
    {0x1383, 0xF6},
    {0x1384, 0x9C},
    {0x1385, 0xF9},
    {0x1386, 0x88},
    {0x1387, 0xF6},
    {0x1388, 0x81},
    {0x1389, 0xFF},
    {0x138A, 0x00},
    {0x138B, 0xF0},
    {0x138C, 0xD1},
    {0x138D, 0xFF},
    {0x138E, 0x00},
    {0x138F, 0xF0},
    {0x1390, 0x09},
    {0x1391, 0xF8},
    {0x1392, 0x10},
    {0x1393, 0xBD},
    {0x1394, 0xC8},
    {0x1395, 0x6D},
    {0x1396, 0x18},
    {0x1397, 0x00},
    {0x1398, 0x10},
    {0x1399, 0xB5},
    {0x139A, 0x8B},
    {0x139B, 0xF6},
    {0x139C, 0x8D},
    {0x139D, 0xFA},
    {0x139E, 0x00},
    {0x139F, 0xF0},
    {0x13A0, 0xA2},
    {0x13A1, 0xFC},
    {0x13A2, 0x10},
    {0x13A3, 0xBD},
    {0x13A4, 0x10},
    {0x13A5, 0xB5},
    {0x13A6, 0x21},
    {0x13A7, 0x48},
    {0x13A8, 0x80},
    {0x13A9, 0x6E},
    {0x13AA, 0xC0},
    {0x13AB, 0x03},
    {0x13AC, 0x03},
    {0x13AD, 0xD4},
    {0x13AE, 0x8B},
    {0x13AF, 0xF6},
    {0x13B0, 0x8D},
    {0x13B1, 0xF8},
    {0x13B2, 0x00},
    {0x13B3, 0xF0},
    {0x13B4, 0x71},
    {0x13B5, 0xFD},
    {0x13B6, 0x10},
    {0x13B7, 0xBD},
    {0x13B8, 0xF0},
    {0x13B9, 0xB5},
    {0x13BA, 0x85},
    {0x13BB, 0xB0},
    {0x13BC, 0x1C},
    {0x13BD, 0x4D},
    {0x13BE, 0x85},
    {0x13BF, 0xF6},
    {0x13C0, 0x21},
    {0x13C1, 0xFB},
    {0x13C2, 0x1A},
    {0x13C3, 0x49},
    {0x13C4, 0x09},
    {0x13C5, 0x6D},
    {0x13C6, 0xC9},
    {0x13C7, 0x05},
    {0x13C8, 0x2E},
    {0x13C9, 0xD5},
    {0x13CA, 0x1A},
    {0x13CB, 0x4C},
    {0x13CC, 0x01},
    {0x13CD, 0x28},
    {0x13CE, 0x1B},
    {0x13CF, 0xD1},
    {0x13D0, 0x75},
    {0x13D1, 0x20},
    {0x13D2, 0x00},
    {0x13D3, 0x03},
    {0x13D4, 0x18},
    {0x13D5, 0x4E},
    {0x13D6, 0x01},
    {0x13D7, 0x90},
    {0x13D8, 0x00},
    {0x13D9, 0x27},
    {0x13DA, 0x02},
    {0x13DB, 0x96},
    {0x13DC, 0x00},
    {0x13DD, 0x94},
    {0x13DE, 0x68},
    {0x13DF, 0x46},
    {0x13E0, 0x07},
    {0x13E1, 0x73},
    {0x13E2, 0x85},
    {0x13E3, 0xF6},
    {0x13E4, 0x1B},
    {0x13E5, 0xFB},
    {0x13E6, 0x15},
    {0x13E7, 0x48},
    {0x13E8, 0x01},
    {0x13E9, 0x90},
    {0x13EA, 0x03},
    {0x13EB, 0x20},
    {0x13EC, 0x00},
    {0x13ED, 0x02},
    {0x13EE, 0x02},
    {0x13EF, 0x90},
    {0x13F0, 0x00},
    {0x13F1, 0x95},
    {0x13F2, 0x68},
    {0x13F3, 0x46},
    {0x13F4, 0x07},
    {0x13F5, 0x73},
    {0x13F6, 0x85},
    {0x13F7, 0xF6},
    {0x13F8, 0x11},
    {0x13F9, 0xFB},
    {0x13FA, 0x75},
    {0x13FB, 0x23},
    {0x13FC, 0x1B},
    {0x13FD, 0x03},
    {0x13FE, 0x32},
    {0x13FF, 0x46},
    {0x1400, 0x21},
    {0x1401, 0x46},
    {0x1402, 0x28},
    {0x1403, 0x46},
    {0x1404, 0x84},
    {0x1405, 0xF6},
    {0x1406, 0x2A},
    {0x1407, 0xFB},
    {0x1408, 0x2D},
    {0x1409, 0x22},
    {0x140A, 0x04},
    {0x140B, 0xAB},
    {0x140C, 0x92},
    {0x140D, 0x01},
    {0x140E, 0x21},
    {0x140F, 0x46},
    {0x1410, 0x0B},
    {0x1411, 0x48},
    {0x1412, 0x92},
    {0x1413, 0xF6},
    {0x1414, 0x97},
    {0x1415, 0xFB},
    {0x1416, 0x0B},
    {0x1417, 0x48},
    {0x1418, 0x69},
    {0x1419, 0x46},
    {0x141A, 0x00},
    {0x141B, 0x88},
    {0x141C, 0x09},
    {0x141D, 0x8A},
    {0x141E, 0x81},
    {0x141F, 0x42},
    {0x1420, 0x02},
    {0x1421, 0xD0},
    {0x1422, 0x09},
    {0x1423, 0x20},
    {0x1424, 0x8F},
    {0x1425, 0xF6},
    {0x1426, 0x7A},
    {0x1427, 0xFB},
    {0x1428, 0x05},
    {0x1429, 0xB0},
    {0x142A, 0xF0},
    {0x142B, 0xBD},
    {0x142C, 0x48},
    {0x142D, 0x74},
    {0x142E, 0x18},
    {0x142F, 0x00},
    {0x1430, 0x58},
    {0x1431, 0x08},
    {0x1432, 0x18},
    {0x1433, 0x00},
    {0x1434, 0xBC},
    {0x1435, 0x30},
    {0x1436, 0x19},
    {0x1437, 0x00},
    {0x1438, 0x44},
    {0x1439, 0x0B},
    {0x143A, 0x00},
    {0x143B, 0x00},
    {0x143C, 0x00},
    {0x143D, 0x5D},
    {0x143E, 0x07},
    {0x143F, 0x00},
    {0x1440, 0xFF},
    {0x1441, 0xFF},
    {0x1442, 0x00},
    {0x1443, 0x00},
    {0x1444, 0xFC},
    {0x1445, 0x3B},
    {0x1446, 0x19},
    {0x1447, 0x00},
    {0x1448, 0xF0},
    {0x1449, 0xB5},
    {0x144A, 0x45},
    {0x144B, 0x4B},
    {0x144C, 0x43},
    {0x144D, 0x4A},
    {0x144E, 0x18},
    {0x144F, 0x6B},
    {0x1450, 0x11},
    {0x1451, 0x46},
    {0x1452, 0xC0},
    {0x1453, 0x03},
    {0x1454, 0x80},
    {0x1455, 0x31},
    {0x1456, 0xC4},
    {0x1457, 0x0F},
    {0x1458, 0x00},
    {0x1459, 0x20},
    {0x145A, 0x08},
    {0x145B, 0x77},
    {0x145C, 0xC8},
    {0x145D, 0x83},
    {0x145E, 0x08},
    {0x145F, 0x84},
    {0x1460, 0x0D},
    {0x1461, 0x46},
    {0x1462, 0x48},
    {0x1463, 0x84},
    {0x1464, 0x20},
    {0x1465, 0x35},
    {0x1466, 0x48},
    {0x1467, 0x77},
    {0x1468, 0x28},
    {0x1469, 0x71},
    {0x146A, 0x08},
    {0x146B, 0x85},
    {0x146C, 0x48},
    {0x146D, 0x85},
    {0x146E, 0x88},
    {0x146F, 0x85},
    {0x1470, 0x68},
    {0x1471, 0x71},
    {0x1472, 0x05},
    {0x1473, 0x46},
    {0x1474, 0xB0},
    {0x1475, 0x32},
    {0x1476, 0x10},
    {0x1477, 0x70},
    {0x1478, 0x52},
    {0x1479, 0x1C},
    {0x147A, 0x6D},
    {0x147B, 0x1C},
    {0x147C, 0x20},
    {0x147D, 0x2D},
    {0x147E, 0xFA},
    {0x147F, 0xD3},
    {0x1480, 0x5A},
    {0x1481, 0x6B},
    {0x1482, 0x01},
    {0x1483, 0x26},
    {0x1484, 0x55},
    {0x1485, 0x08},
    {0x1486, 0x6D},
    {0x1487, 0x00},
    {0x1488, 0x5D},
    {0x1489, 0x63},
    {0x148A, 0xCA},
    {0x148B, 0x6A},
    {0x148C, 0x36},
    {0x148D, 0x04},
    {0x148E, 0xB2},
    {0x148F, 0x43},
    {0x1490, 0x26},
    {0x1491, 0x04},
    {0x1492, 0x32},
    {0x1493, 0x43},
    {0x1494, 0xCA},
    {0x1495, 0x62},
    {0x1496, 0x1F},
    {0x1497, 0x6B},
    {0x1498, 0x3B},
    {0x1499, 0x02},
    {0x149A, 0x1E},
    {0x149B, 0x0F},
    {0x149C, 0x31},
    {0x149D, 0x4B},
    {0x149E, 0x5E},
    {0x149F, 0x70},
    {0x14A0, 0x0F},
    {0x14A1, 0x26},
    {0x14A2, 0x36},
    {0x14A3, 0x06},
    {0x14A4, 0x00},
    {0x14A5, 0x2C},
    {0x14A6, 0x0C},
    {0x14A7, 0xD0},
    {0x14A8, 0xB2},
    {0x14A9, 0x43},
    {0x14AA, 0xCA},
    {0x14AB, 0x62},
    {0x14AC, 0x01},
    {0x14AD, 0x24},
    {0x14AE, 0x8A},
    {0x14AF, 0x6D},
    {0x14B0, 0x64},
    {0x14B1, 0x06},
    {0x14B2, 0xA2},
    {0x14B3, 0x43},
    {0x14B4, 0x6C},
    {0x14B5, 0x05},
    {0x14B6, 0xE4},
    {0x14B7, 0x0F},
    {0x14B8, 0x64},
    {0x14B9, 0x06},
    {0x14BA, 0x22},
    {0x14BB, 0x43},
    {0x14BC, 0x8A},
    {0x14BD, 0x65},
    {0x14BE, 0x18},
    {0x14BF, 0x70},
    {0x14C0, 0xF0},
    {0x14C1, 0xBD},
    {0x14C2, 0x3C},
    {0x14C3, 0x01},
    {0x14C4, 0x24},
    {0x14C5, 0x0F},
    {0x14C6, 0xB2},
    {0x14C7, 0x43},
    {0x14C8, 0x24},
    {0x14C9, 0x06},
    {0x14CA, 0x22},
    {0x14CB, 0x43},
    {0x14CC, 0xED},
    {0x14CD, 0xE7},
    {0x14CE, 0xF8},
    {0x14CF, 0xB5},
    {0x14D0, 0x23},
    {0x14D1, 0x4D},
    {0x14D2, 0x22},
    {0x14D3, 0x48},
    {0x14D4, 0x2F},
    {0x14D5, 0x8E},
    {0x14D6, 0x80},
    {0x14D7, 0x30},
    {0x14D8, 0x00},
    {0x14D9, 0x90},
    {0x14DA, 0xAA},
    {0x14DB, 0x8E},
    {0x14DC, 0xC0},
    {0x14DD, 0x6A},
    {0x14DE, 0xD3},
    {0x14DF, 0x07},
    {0x14E0, 0x20},
    {0x14E1, 0x4A},
    {0x14E2, 0xC1},
    {0x14E3, 0x03},
    {0x14E4, 0xC9},
    {0x14E5, 0x0F},
    {0x14E6, 0xDB},
    {0x14E7, 0x0F},
    {0x14E8, 0x52},
    {0x14E9, 0x78},
    {0x14EA, 0x00},
    {0x14EB, 0x29},
    {0x14EC, 0x14},
    {0x14ED, 0xD0},
    {0x14EE, 0x00},
    {0x14EF, 0x01},
    {0x14F0, 0x00},
    {0x14F1, 0x0F},
    {0x14F2, 0x00},
    {0x14F3, 0xF0},
    {0x14F4, 0x49},
    {0x14F5, 0xFF},
    {0x14F6, 0x1B},
    {0x14F7, 0x48},
    {0x14F8, 0x00},
    {0x14F9, 0xF0},
    {0x14FA, 0xE0},
    {0x14FB, 0xFC},
    {0x14FC, 0x06},
    {0x14FD, 0x46},
    {0x14FE, 0x8D},
    {0x14FF, 0xF6},
    {0x1500, 0x0D},
    {0x1501, 0xF9},
    {0x1502, 0x38},
    {0x1503, 0x46},
    {0x1504, 0x8C},
    {0x1505, 0xF6},
    {0x1506, 0x20},
    {0x1507, 0xFF},
    {0x1508, 0x00},
    {0x1509, 0x28},
    {0x150A, 0x1B},
    {0x150B, 0xD1},
    {0x150C, 0x14},
    {0x150D, 0x4C},
    {0x150E, 0x20},
    {0x150F, 0x34},
    {0x1510, 0x20},
    {0x1511, 0x7A},
    {0x1512, 0x01},
    {0x1513, 0x28},
    {0x1514, 0x02},
    {0x1515, 0xD0},
    {0x1516, 0x03},
    {0x1517, 0xE0},
    {0x1518, 0x28},
    {0x1519, 0x6B},
    {0x151A, 0xE8},
    {0x151B, 0xE7},
    {0x151C, 0x00},
    {0x151D, 0x2E},
    {0x151E, 0x12},
    {0x151F, 0xD0},
    {0x1520, 0x20},
    {0x1521, 0x7B},
    {0x1522, 0x01},
    {0x1523, 0x28},
    {0x1524, 0x0E},
    {0x1525, 0xD1},
    {0x1526, 0x00},
    {0x1527, 0x2E},
    {0x1528, 0x03},
    {0x1529, 0xD0},
    {0x152A, 0x00},
    {0x152B, 0x98},
    {0x152C, 0x80},
    {0x152D, 0x6D},
    {0x152E, 0x80},
    {0x152F, 0x01},
    {0x1530, 0x08},
    {0x1531, 0xD5},
    {0x1532, 0x0A},
    {0x1533, 0x48},
    {0x1534, 0x0C},
    {0x1535, 0x49},
    {0x1536, 0xC0},
    {0x1537, 0x19},
    {0x1538, 0x40},
    {0x1539, 0x18},
    {0x153A, 0xEA},
    {0x153B, 0x8D},
    {0x153C, 0x61},
    {0x153D, 0x7B},
    {0x153E, 0x01},
    {0x153F, 0x23},
    {0x1540, 0x8D},
    {0x1541, 0xF6},
    {0x1542, 0x28},
    {0x1543, 0xF9},
    {0x1544, 0xF8},
    {0x1545, 0xBD},
    {0x1546, 0x06},
    {0x1547, 0x48},
    {0x1548, 0x6A},
    {0x1549, 0x8D},
    {0x154A, 0xB4},
    {0x154B, 0x30},
    {0x154C, 0x61},
    {0x154D, 0x7A},
    {0x154E, 0x00},
    {0x154F, 0x23},
    {0x1550, 0x8D},
    {0x1551, 0xF6},
    {0x1552, 0x20},
    {0x1553, 0xF9},
    {0x1554, 0x20},
    {0x1555, 0x7B},
    {0x1556, 0x01},
    {0x1557, 0x28},
    {0x1558, 0xEB},
    {0x1559, 0xD0},
    {0x155A, 0xF8},
    {0x155B, 0xBD},
    {0x155C, 0x48},
    {0x155D, 0x1C},
    {0x155E, 0x18},
    {0x155F, 0x00},
    {0x1560, 0xC8},
    {0x1561, 0x45},
    {0x1562, 0x18},
    {0x1563, 0x00},
    {0x1564, 0x41},
    {0x1565, 0x01},
    {0x1566, 0x18},
    {0x1567, 0x00},
    {0x1568, 0x34},
    {0x1569, 0x2A},
    {0x156A, 0x00},
    {0x156B, 0x00},
    {0x156C, 0x10},
    {0x156D, 0xB5},
    {0x156E, 0x93},
    {0x156F, 0xF6},
    {0x1570, 0xC5},
    {0x1571, 0xFD},
    {0x1572, 0x0A},
    {0x1573, 0x49},
    {0x1574, 0x40},
    {0x1575, 0x20},
    {0x1576, 0x48},
    {0x1577, 0x66},
    {0x1578, 0x10},
    {0x1579, 0xBD},
    {0x157A, 0x10},
    {0x157B, 0xB5},
    {0x157C, 0x93},
    {0x157D, 0xF6},
    {0x157E, 0x88},
    {0x157F, 0xF9},
    {0x1580, 0x93},
    {0x1581, 0xF6},
    {0x1582, 0xB8},
    {0x1583, 0xFD},
    {0x1584, 0xFF},
    {0x1585, 0xF7},
    {0x1586, 0xF2},
    {0x1587, 0xFF},
    {0x1588, 0x93},
    {0x1589, 0xF6},
    {0x158A, 0x16},
    {0x158B, 0xFF},
    {0x158C, 0x04},
    {0x158D, 0x48},
    {0x158E, 0xC0},
    {0x158F, 0x7A},
    {0x1590, 0x93},
    {0x1591, 0xF6},
    {0x1592, 0xB8},
    {0x1593, 0xFA},
    {0x1594, 0x93},
    {0x1595, 0xF6},
    {0x1596, 0x5B},
    {0x1597, 0xF9},
    {0x1598, 0x10},
    {0x1599, 0xBD},
    {0x159A, 0x00},
    {0x159B, 0x00},
    {0x159C, 0xC8},
    {0x159D, 0x39},
    {0x159E, 0x18},
    {0x159F, 0x00},
    {0x15A0, 0x88},
    {0x15A1, 0x45},
    {0x15A2, 0x18},
    {0x15A3, 0x00},
    {0x15A4, 0x10},
    {0x15A5, 0xB5},
    {0x15A6, 0x13},
    {0x15A7, 0x48},
    {0x15A8, 0x00},
    {0x15A9, 0xF0},
    {0x15AA, 0x9A},
    {0x15AB, 0xFC},
    {0x15AC, 0x93},
    {0x15AD, 0xF6},
    {0x15AE, 0x14},
    {0x15AF, 0xFA},
    {0x15B0, 0x01},
    {0x15B1, 0x28},
    {0x15B2, 0x05},
    {0x15B3, 0xD0},
    {0x15B4, 0xFF},
    {0x15B5, 0xF7},
    {0x15B6, 0xE1},
    {0x15B7, 0xFF},
    {0x15B8, 0x0E},
    {0x15B9, 0x48},
    {0x15BA, 0x93},
    {0x15BB, 0xF6},
    {0x15BC, 0xE4},
    {0x15BD, 0xFD},
    {0x15BE, 0x10},
    {0x15BF, 0xBD},
    {0x15C0, 0x94},
    {0x15C1, 0xF6},
    {0x15C2, 0xAC},
    {0x15C3, 0xF8},
    {0x15C4, 0xFF},
    {0x15C5, 0xF7},
    {0x15C6, 0xD9},
    {0x15C7, 0xFF},
    {0x15C8, 0x0A},
    {0x15C9, 0x48},
    {0x15CA, 0x93},
    {0x15CB, 0xF6},
    {0x15CC, 0x4D},
    {0x15CD, 0xF9},
    {0x15CE, 0xF3},
    {0x15CF, 0xE7},
    {0x15D0, 0x10},
    {0x15D1, 0xB5},
    {0x15D2, 0x08},
    {0x15D3, 0x48},
    {0x15D4, 0x00},
    {0x15D5, 0xF0},
    {0x15D6, 0xB3},
    {0x15D7, 0xFC},
    {0x15D8, 0x93},
    {0x15D9, 0xF6},
    {0x15DA, 0xFE},
    {0x15DB, 0xF9},
    {0x15DC, 0x01},
    {0x15DD, 0x28},
    {0x15DE, 0x02},
    {0x15DF, 0xD1},
    {0x15E0, 0x04},
    {0x15E1, 0x48},
    {0x15E2, 0x93},
    {0x15E3, 0xF6},
    {0x15E4, 0x41},
    {0x15E5, 0xF9},
    {0x15E6, 0x03},
    {0x15E7, 0x48},
    {0x15E8, 0x93},
    {0x15E9, 0xF6},
    {0x15EA, 0xCD},
    {0x15EB, 0xFD},
    {0x15EC, 0x93},
    {0x15ED, 0xF6},
    {0x15EE, 0x2F},
    {0x15EF, 0xF9},
    {0x15F0, 0x10},
    {0x15F1, 0xBD},
    {0x15F2, 0x00},
    {0x15F3, 0x00},
    {0x15F4, 0xA0},
    {0x15F5, 0x1B},
    {0x15F6, 0x18},
    {0x15F7, 0x00},
    {0x15F8, 0x27},
    {0x15F9, 0x48},
    {0x15FA, 0x01},
    {0x15FB, 0x6C},
    {0x15FC, 0xC9},
    {0x15FD, 0x07},
    {0x15FE, 0xFC},
    {0x15FF, 0xD1},
    {0x1600, 0x70},
    {0x1601, 0x47},
    {0x1602, 0xFE},
    {0x1603, 0xB5},
    {0x1604, 0x0D},
    {0x1605, 0x46},
    {0x1606, 0x04},
    {0x1607, 0x46},
    {0x1608, 0x00},
    {0x1609, 0x26},
    {0x160A, 0x6F},
    {0x160B, 0xF6},
    {0x160C, 0xA7},
    {0x160D, 0xFB},
    {0x160E, 0x02},
    {0x160F, 0x90},
    {0x1610, 0x22},
    {0x1611, 0x48},
    {0x1612, 0x40},
    {0x1613, 0x7A},
    {0x1614, 0x02},
    {0x1615, 0x28},
    {0x1616, 0x0E},
    {0x1617, 0xD0},
    {0x1618, 0x00},
    {0x1619, 0x20},
    {0x161A, 0x00},
    {0x161B, 0x90},
    {0x161C, 0x01},
    {0x161D, 0x90},
    {0x161E, 0x0F},
    {0x161F, 0x21},
    {0x1620, 0x28},
    {0x1621, 0x26},
    {0x1622, 0xA0},
    {0x1623, 0xB2},
    {0x1624, 0x09},
    {0x1625, 0x04},
    {0x1626, 0xF6},
    {0x1627, 0x43},
    {0x1628, 0x40},
    {0x1629, 0x18},
    {0x162A, 0x2B},
    {0x162B, 0x46},
    {0x162C, 0x32},
    {0x162D, 0x46},
    {0x162E, 0x1C},
    {0x162F, 0x49},
    {0x1630, 0x71},
    {0x1631, 0xF6},
    {0x1632, 0x04},
    {0x1633, 0xFE},
    {0x1634, 0x2A},
    {0x1635, 0xE0},
    {0x1636, 0xE8},
    {0x1637, 0x07},
    {0x1638, 0x01},
    {0x1639, 0x27},
    {0x163A, 0x1A},
    {0x163B, 0x4C},
    {0x163C, 0x00},
    {0x163D, 0x28},
    {0x163E, 0x04},
    {0x163F, 0xD0},
    {0x1640, 0x60},
    {0x1641, 0x69},
    {0x1642, 0x38},
    {0x1643, 0x43},
    {0x1644, 0x60},
    {0x1645, 0x61},
    {0x1646, 0xFF},
    {0x1647, 0xF7},
    {0x1648, 0xD7},
    {0x1649, 0xFF},
    {0x164A, 0xA8},
    {0x164B, 0x07},
    {0x164C, 0x06},
    {0x164D, 0xD5},
    {0x164E, 0x60},
    {0x164F, 0x69},
    {0x1650, 0xFF},
    {0x1651, 0x21},
    {0x1652, 0x01},
    {0x1653, 0x31},
    {0x1654, 0x08},
    {0x1655, 0x43},
    {0x1656, 0x60},
    {0x1657, 0x61},
    {0x1658, 0xFF},
    {0x1659, 0xF7},
    {0x165A, 0xCE},
    {0x165B, 0xFF},
    {0x165C, 0x68},
    {0x165D, 0x07},
    {0x165E, 0x06},
    {0x165F, 0xD5},
    {0x1660, 0x60},
    {0x1661, 0x69},
    {0x1662, 0x01},
    {0x1663, 0x21},
    {0x1664, 0x09},
    {0x1665, 0x04},
    {0x1666, 0x08},
    {0x1667, 0x43},
    {0x1668, 0x60},
    {0x1669, 0x61},
    {0x166A, 0xFF},
    {0x166B, 0xF7},
    {0x166C, 0xC5},
    {0x166D, 0xFF},
    {0x166E, 0x28},
    {0x166F, 0x07},
    {0x1670, 0x04},
    {0x1671, 0xD5},
    {0x1672, 0x60},
    {0x1673, 0x6B},
    {0x1674, 0x38},
    {0x1675, 0x43},
    {0x1676, 0x60},
    {0x1677, 0x63},
    {0x1678, 0xFF},
    {0x1679, 0xF7},
    {0x167A, 0xBE},
    {0x167B, 0xFF},
    {0x167C, 0xE8},
    {0x167D, 0x06},
    {0x167E, 0x05},
    {0x167F, 0xD5},
    {0x1680, 0x09},
    {0x1681, 0x48},
    {0x1682, 0x41},
    {0x1683, 0x68},
    {0x1684, 0x39},
    {0x1685, 0x43},
    {0x1686, 0x41},
    {0x1687, 0x60},
    {0x1688, 0xFF},
    {0x1689, 0xF7},
    {0x168A, 0xB6},
    {0x168B, 0xFF},
    {0x168C, 0x02},
    {0x168D, 0x98},
    {0x168E, 0x6F},
    {0x168F, 0xF6},
    {0x1690, 0x83},
    {0x1691, 0xFD},
    {0x1692, 0x30},
    {0x1693, 0x46},
    {0x1694, 0xFE},
    {0x1695, 0xBD},
    {0x1696, 0x00},
    {0x1697, 0x00},
    {0x1698, 0x00},
    {0x1699, 0x95},
    {0x169A, 0x00},
    {0x169B, 0x40},
    {0x169C, 0x94},
    {0x169D, 0x69},
    {0x169E, 0x19},
    {0x169F, 0x00},
    {0x16A0, 0x03},
    {0x16A1, 0x16},
    {0x16A2, 0x19},
    {0x16A3, 0x00},
    {0x16A4, 0x00},
    {0x16A5, 0x97},
    {0x16A6, 0x00},
    {0x16A7, 0x40},
    {0x16A8, 0x00},
    {0x16A9, 0x98},
    {0x16AA, 0x00},
    {0x16AB, 0x40},
    {0x16AC, 0xF8},
    {0x16AD, 0xB5},
    {0x16AE, 0x06},
    {0x16AF, 0x46},
    {0x16B0, 0x00},
    {0x16B1, 0x20},
    {0x16B2, 0x54},
    {0x16B3, 0x4D},
    {0x16B4, 0x00},
    {0x16B5, 0x90},
    {0x16B6, 0x29},
    {0x16B7, 0x7D},
    {0x16B8, 0x03},
    {0x16B9, 0x20},
    {0x16BA, 0x01},
    {0x16BB, 0x24},
    {0x16BC, 0x40},
    {0x16BD, 0x02},
    {0x16BE, 0x01},
    {0x16BF, 0x29},
    {0x16C0, 0x13},
    {0x16C1, 0xD0},
    {0x16C2, 0x03},
    {0x16C3, 0x29},
    {0x16C4, 0x15},
    {0x16C5, 0xD0},
    {0x16C6, 0xE0},
    {0x16C7, 0x29},
    {0x16C8, 0x1A},
    {0x16C9, 0xD0},
    {0x16CA, 0x6F},
    {0x16CB, 0xF6},
    {0x16CC, 0x1D},
    {0x16CD, 0xFC},
    {0x16CE, 0x69},
    {0x16CF, 0x46},
    {0x16D0, 0x6F},
    {0x16D1, 0xF6},
    {0x16D2, 0x74},
    {0x16D3, 0xFB},
    {0x16D4, 0x00},
    {0x16D5, 0x98},
    {0x16D6, 0x40},
    {0x16D7, 0x05},
    {0x16D8, 0x00},
    {0x16D9, 0xD5},
    {0x16DA, 0x00},
    {0x16DB, 0x24},
    {0x16DC, 0x4A},
    {0x16DD, 0x48},
    {0x16DE, 0x01},
    {0x16DF, 0x6C},
    {0x16E0, 0x49},
    {0x16E1, 0x08},
    {0x16E2, 0x49},
    {0x16E3, 0x00},
    {0x16E4, 0x21},
    {0x16E5, 0x43},
    {0x16E6, 0x01},
    {0x16E7, 0x64},
    {0x16E8, 0xF8},
    {0x16E9, 0xBD},
    {0x16EA, 0x6F},
    {0x16EB, 0xF6},
    {0x16EC, 0x6F},
    {0x16ED, 0xFA},
    {0x16EE, 0x01},
    {0x16EF, 0x21},
    {0x16F0, 0x02},
    {0x16F1, 0xE0},
    {0x16F2, 0x6F},
    {0x16F3, 0xF6},
    {0x16F4, 0x6B},
    {0x16F5, 0xFA},
    {0x16F6, 0x02},
    {0x16F7, 0x21},
    {0x16F8, 0x30},
    {0x16F9, 0x46},
    {0x16FA, 0x7E},
    {0x16FB, 0xF6},
    {0x16FC, 0x11},
    {0x16FD, 0xFE},
    {0x16FE, 0xF8},
    {0x16FF, 0xBD},
    {0x1700, 0x30},
    {0x1701, 0x46},
    {0x1702, 0x80},
    {0x1703, 0xF6},
    {0x1704, 0xB3},
    {0x1705, 0xF8},
    {0x1706, 0x28},
    {0x1707, 0x7D},
    {0x1708, 0x40},
    {0x1709, 0x1C},
    {0x170A, 0x28},
    {0x170B, 0x75},
    {0x170C, 0xF8},
    {0x170D, 0xBD},
    {0x170E, 0xF0},
    {0x170F, 0xB5},
    {0x1710, 0x89},
    {0x1711, 0xB0},
    {0x1712, 0x0D},
    {0x1713, 0x46},
    {0x1714, 0x06},
    {0x1715, 0x46},
    {0x1716, 0x6F},
    {0x1717, 0xF6},
    {0x1718, 0xF7},
    {0x1719, 0xFB},
    {0x171A, 0x08},
    {0x171B, 0x90},
    {0x171C, 0x00},
    {0x171D, 0x24},
    {0x171E, 0x2D},
    {0x171F, 0x20},
    {0x1720, 0x01},
    {0x1721, 0x90},
    {0x1722, 0x00},
    {0x1723, 0x94},
    {0x1724, 0x02},
    {0x1725, 0x94},
    {0x1726, 0x03},
    {0x1727, 0x94},
    {0x1728, 0x68},
    {0x1729, 0x46},
    {0x172A, 0x04},
    {0x172B, 0x74},
    {0x172C, 0x01},
    {0x172D, 0x21},
    {0x172E, 0x41},
    {0x172F, 0x74},
    {0x1730, 0x33},
    {0x1731, 0x46},
    {0x1732, 0x07},
    {0x1733, 0xAA},
    {0x1734, 0x06},
    {0x1735, 0xA9},
    {0x1736, 0x05},
    {0x1737, 0xA8},
    {0x1738, 0x7D},
    {0x1739, 0xF6},
    {0x173A, 0x62},
    {0x173B, 0xFF},
    {0x173C, 0x31},
    {0x173D, 0x4A},
    {0x173E, 0x05},
    {0x173F, 0x98},
    {0x1740, 0x20},
    {0x1741, 0x3A},
    {0x1742, 0x01},
    {0x1743, 0x2D},
    {0x1744, 0x43},
    {0x1745, 0xD0},
    {0x1746, 0x90},
    {0x1747, 0x62},
    {0x1748, 0x06},
    {0x1749, 0x98},
    {0x174A, 0xD0},
    {0x174B, 0x62},
    {0x174C, 0x07},
    {0x174D, 0x98},
    {0x174E, 0x10},
    {0x174F, 0x63},
    {0x1750, 0x03},
    {0x1751, 0x23},
    {0x1752, 0x28},
    {0x1753, 0x32},
    {0x1754, 0x19},
    {0x1755, 0x46},
    {0x1756, 0x2D},
    {0x1757, 0x48},
    {0x1758, 0x92},
    {0x1759, 0xF6},
    {0x175A, 0xA8},
    {0x175B, 0xFD},
    {0x175C, 0x20},
    {0x175D, 0x20},
    {0x175E, 0x02},
    {0x175F, 0x90},
    {0x1760, 0x2A},
    {0x1761, 0x48},
    {0x1762, 0x00},
    {0x1763, 0x90},
    {0x1764, 0x0C},
    {0x1765, 0x20},
    {0x1766, 0x03},
    {0x1767, 0x90},
    {0x1768, 0x68},
    {0x1769, 0x46},
    {0x176A, 0xFF},
    {0x176B, 0xF7},
    {0x176C, 0xD9},
    {0x176D, 0xFD},
    {0x176E, 0x01},
    {0x176F, 0x27},
    {0x1770, 0xBF},
    {0x1771, 0x02},
    {0x1772, 0x01},
    {0x1773, 0x28},
    {0x1774, 0x03},
    {0x1775, 0xD0},
    {0x1776, 0x39},
    {0x1777, 0x46},
    {0x1778, 0x08},
    {0x1779, 0x98},
    {0x177A, 0x6F},
    {0x177B, 0xF6},
    {0x177C, 0x97},
    {0x177D, 0xFE},
    {0x177E, 0x7D},
    {0x177F, 0xF6},
    {0x1780, 0x79},
    {0x1781, 0xFF},
    {0x1782, 0x7D},
    {0x1783, 0xF6},
    {0x1784, 0xFF},
    {0x1785, 0xFE},
    {0x1786, 0x1F},
    {0x1787, 0x4A},
    {0x1788, 0x18},
    {0x1789, 0x3A},
    {0x178A, 0x01},
    {0x178B, 0x2D},
    {0x178C, 0x31},
    {0x178D, 0xD0},
    {0x178E, 0x1F},
    {0x178F, 0x48},
    {0x1790, 0x02},
    {0x1791, 0x23},
    {0x1792, 0x19},
    {0x1793, 0x46},
    {0x1794, 0x14},
    {0x1795, 0x38},
    {0x1796, 0x92},
    {0x1797, 0xF6},
    {0x1798, 0x89},
    {0x1799, 0xFD},
    {0x179A, 0x1C},
    {0x179B, 0x48},
    {0x179C, 0x14},
    {0x179D, 0x38},
    {0x179E, 0x00},
    {0x179F, 0x90},
    {0x17A0, 0x08},
    {0x17A1, 0x20},
    {0x17A2, 0x03},
    {0x17A3, 0x90},
    {0x17A4, 0x02},
    {0x17A5, 0x94},
    {0x17A6, 0x68},
    {0x17A7, 0x46},
    {0x17A8, 0xFF},
    {0x17A9, 0xF7},
    {0x17AA, 0xBA},
    {0x17AB, 0xFD},
    {0x17AC, 0x01},
    {0x17AD, 0x28},
    {0x17AE, 0x03},
    {0x17AF, 0xD0},
    {0x17B0, 0x39},
    {0x17B1, 0x46},
    {0x17B2, 0x08},
    {0x17B3, 0x98},
    {0x17B4, 0x6F},
    {0x17B5, 0xF6},
    {0x17B6, 0x7A},
    {0x17B7, 0xFE},
    {0x17B8, 0x29},
    {0x17B9, 0x46},
    {0x17BA, 0x30},
    {0x17BB, 0x46},
    {0x17BC, 0x80},
    {0x17BD, 0xF6},
    {0x17BE, 0x00},
    {0x17BF, 0xF8},
    {0x17C0, 0x10},
    {0x17C1, 0x49},
    {0x17C2, 0x08},
    {0x17C3, 0x7D},
    {0x17C4, 0x40},
    {0x17C5, 0x1C},
    {0x17C6, 0x08},
    {0x17C7, 0x75},
    {0x17C8, 0xB4},
    {0x17C9, 0x70},
    {0x17CA, 0x09},
    {0x17CB, 0xB0},
    {0x17CC, 0xF0},
    {0x17CD, 0xBD},
    {0x17CE, 0xD0},
    {0x17CF, 0x61},
    {0x17D0, 0x06},
    {0x17D1, 0x98},
    {0x17D2, 0x10},
    {0x17D3, 0x62},
    {0x17D4, 0x07},
    {0x17D5, 0x98},
    {0x17D6, 0x50},
    {0x17D7, 0x62},
    {0x17D8, 0x0A},
    {0x17D9, 0x4A},
    {0x17DA, 0x0C},
    {0x17DB, 0x48},
    {0x17DC, 0x03},
    {0x17DD, 0x23},
    {0x17DE, 0x12},
    {0x17DF, 0x1F},
    {0x17E0, 0x19},
    {0x17E1, 0x46},
    {0x17E2, 0x0C},
    {0x17E3, 0x38},
    {0x17E4, 0x92},
    {0x17E5, 0xF6},
    {0x17E6, 0x62},
    {0x17E7, 0xFD},
    {0x17E8, 0x14},
    {0x17E9, 0x20},
    {0x17EA, 0x02},
    {0x17EB, 0x90},
    {0x17EC, 0x07},
    {0x17ED, 0x48},
    {0x17EE, 0x0C},
    {0x17EF, 0x38},
    {0x17F0, 0xB7},
    {0x17F1, 0xE7},
    {0x17F2, 0x06},
    {0x17F3, 0x48},
    {0x17F4, 0x02},
    {0x17F5, 0x23},
    {0x17F6, 0x19},
    {0x17F7, 0x46},
    {0x17F8, 0x1C},
    {0x17F9, 0x38},
    {0x17FA, 0x92},
    {0x17FB, 0xF6},
    {0x17FC, 0x57},
    {0x17FD, 0xFD},
    {0x17FE, 0x03},
    {0x17FF, 0x48},
    {0x1800, 0x1C},
    {0x1801, 0x38},
    {0x1802, 0xCC},
    {0x1803, 0xE7},
    {0x1804, 0x68},
    {0x1805, 0x6D},
    {0x1806, 0x18},
    {0x1807, 0x00},
    {0x1808, 0xC8},
    {0x1809, 0x21},
    {0x180A, 0x18},
    {0x180B, 0x00},
    {0x180C, 0x4C},
    {0x180D, 0x01},
    {0x180E, 0x19},
    {0x180F, 0x00},
    {0x1810, 0x70},
    {0x1811, 0xB5},
    {0x1812, 0x86},
    {0x1813, 0xB0},
    {0x1814, 0x00},
    {0x1815, 0x24},
    {0x1816, 0x05},
    {0x1817, 0x94},
    {0x1818, 0x6F},
    {0x1819, 0xF6},
    {0x181A, 0x76},
    {0x181B, 0xFB},
    {0x181C, 0x05},
    {0x181D, 0x46},
    {0x181E, 0x56},
    {0x181F, 0x20},
    {0x1820, 0x01},
    {0x1821, 0x90},
    {0x1822, 0x00},
    {0x1823, 0x94},
    {0x1824, 0x02},
    {0x1825, 0x94},
    {0x1826, 0x03},
    {0x1827, 0x94},
    {0x1828, 0x68},
    {0x1829, 0x46},
    {0x182A, 0x04},
    {0x182B, 0x74},
    {0x182C, 0x01},
    {0x182D, 0x26},
    {0x182E, 0x20},
    {0x182F, 0x49},
    {0x1830, 0x46},
    {0x1831, 0x74},
    {0x1832, 0x08},
    {0x1833, 0x7A},
    {0x1834, 0x01},
    {0x1835, 0x28},
    {0x1836, 0x11},
    {0x1837, 0xD0},
    {0x1838, 0x48},
    {0x1839, 0x7A},
    {0x183A, 0x01},
    {0x183B, 0x28},
    {0x183C, 0x17},
    {0x183D, 0xD0},
    {0x183E, 0x88},
    {0x183F, 0x7A},
    {0x1840, 0x01},
    {0x1841, 0x28},
    {0x1842, 0x1D},
    {0x1843, 0xD0},
    {0x1844, 0x05},
    {0x1845, 0xA9},
    {0x1846, 0x28},
    {0x1847, 0x46},
    {0x1848, 0x6F},
    {0x1849, 0xF6},
    {0x184A, 0xB8},
    {0x184B, 0xFA},
    {0x184C, 0x05},
    {0x184D, 0x98},
    {0x184E, 0x41},
    {0x184F, 0x05},
    {0x1850, 0x18},
    {0x1851, 0x48},
    {0x1852, 0x00},
    {0x1853, 0x29},
    {0x1854, 0x2A},
    {0x1855, 0xDA},
    {0x1856, 0x46},
    {0x1857, 0x71},
    {0x1858, 0x06},
    {0x1859, 0xB0},
    {0x185A, 0x70},
    {0x185B, 0xBD},
    {0x185C, 0x14},
    {0x185D, 0x48},
    {0x185E, 0xEC},
    {0x185F, 0x38},
    {0x1860, 0x00},
    {0x1861, 0x90},
    {0x1862, 0x48},
    {0x1863, 0x20},
    {0x1864, 0x02},
    {0x1865, 0x90},
    {0x1866, 0x4C},
    {0x1867, 0x20},
    {0x1868, 0x03},
    {0x1869, 0x90},
    {0x186A, 0x0C},
    {0x186B, 0x72},
    {0x186C, 0x0F},
    {0x186D, 0xE0},
    {0x186E, 0x11},
    {0x186F, 0x48},
    {0x1870, 0x38},
    {0x1871, 0x30},
    {0x1872, 0x00},
    {0x1873, 0x90},
    {0x1874, 0x30},
    {0x1875, 0x20},
    {0x1876, 0x02},
    {0x1877, 0x90},
    {0x1878, 0x14},
    {0x1879, 0x20},
    {0x187A, 0x03},
    {0x187B, 0x90},
    {0x187C, 0x4C},
    {0x187D, 0x72},
    {0x187E, 0x06},
    {0x187F, 0xE0},
    {0x1880, 0x0D},
    {0x1881, 0x48},
    {0x1882, 0x00},
    {0x1883, 0x90},
    {0x1884, 0x18},
    {0x1885, 0x20},
    {0x1886, 0x02},
    {0x1887, 0x90},
    {0x1888, 0x04},
    {0x1889, 0x20},
    {0x188A, 0x03},
    {0x188B, 0x90},
    {0x188C, 0x8C},
    {0x188D, 0x72},
    {0x188E, 0x03},
    {0x188F, 0x20},
    {0x1890, 0x40},
    {0x1891, 0x02},
    {0x1892, 0x6F},
    {0x1893, 0xF6},
    {0x1894, 0x9B},
    {0x1895, 0xF9},
    {0x1896, 0x68},
    {0x1897, 0x46},
    {0x1898, 0xFF},
    {0x1899, 0xF7},
    {0x189A, 0x42},
    {0x189B, 0xFD},
    {0x189C, 0x01},
    {0x189D, 0x28},
    {0x189E, 0xDB},
    {0x189F, 0xD0},
    {0x18A0, 0x01},
    {0x18A1, 0x21},
    {0x18A2, 0x89},
    {0x18A3, 0x02},
    {0x18A4, 0x28},
    {0x18A5, 0x46},
    {0x18A6, 0x6F},
    {0x18A7, 0xF6},
    {0x18A8, 0x01},
    {0x18A9, 0xFE},
    {0x18AA, 0xD5},
    {0x18AB, 0xE7},
    {0x18AC, 0x44},
    {0x18AD, 0x71},
    {0x18AE, 0xD3},
    {0x18AF, 0xE7},
    {0x18B0, 0x28},
    {0x18B1, 0xAA},
    {0x18B2, 0x18},
    {0x18B3, 0x00},
    {0x18B4, 0xE8},
    {0x18B5, 0xB2},
    {0x18B6, 0x18},
    {0x18B7, 0x00},
    {0x18B8, 0x0C},
    {0x18B9, 0xA9},
    {0x18BA, 0x18},
    {0x18BB, 0x00},
    {0x18BC, 0xFE},
    {0x18BD, 0xB5},
    {0x18BE, 0x05},
    {0x18BF, 0x46},
    {0x18C0, 0x10},
    {0x18C1, 0x04},
    {0x18C2, 0x09},
    {0x18C3, 0x03},
    {0x18C4, 0x40},
    {0x18C5, 0x18},
    {0x18C6, 0x03},
    {0x18C7, 0x21},
    {0x18C8, 0x89},
    {0x18C9, 0x02},
    {0x18CA, 0x47},
    {0x18CB, 0x18},
    {0x18CC, 0x1C},
    {0x18CD, 0x46},
    {0x18CE, 0xFF},
    {0x18CF, 0x23},
    {0x18D0, 0x01},
    {0x18D1, 0x33},
    {0x18D2, 0x3A},
    {0x18D3, 0x46},
    {0x18D4, 0x29},
    {0x18D5, 0x46},
    {0x18D6, 0x00},
    {0x18D7, 0x20},
    {0x18D8, 0x74},
    {0x18D9, 0xF6},
    {0x18DA, 0x3A},
    {0x18DB, 0xF8},
    {0x18DC, 0x00},
    {0x18DD, 0x28},
    {0x18DE, 0x01},
    {0x18DF, 0xD0},
    {0x18E0, 0x03},
    {0x18E1, 0x20},
    {0x18E2, 0x12},
    {0x18E3, 0xE0},
    {0x18E4, 0x28},
    {0x18E5, 0x46},
    {0x18E6, 0xC0},
    {0x18E7, 0x30},
    {0x18E8, 0x3B},
    {0x18E9, 0x46},
    {0x18EA, 0x04},
    {0x18EB, 0x22},
    {0x18EC, 0x29},
    {0x18ED, 0x46},
    {0x18EE, 0x01},
    {0x18EF, 0x90},
    {0x18F0, 0x84},
    {0x18F1, 0xF6},
    {0x18F2, 0xB4},
    {0x18F3, 0xF8},
    {0x18F4, 0x00},
    {0x18F5, 0x06},
    {0x18F6, 0x00},
    {0x18F7, 0x0E},
    {0x18F8, 0xE0},
    {0x18F9, 0x70},
    {0x18FA, 0x2A},
    {0x18FB, 0xD1},
    {0x18FC, 0x28},
    {0x18FD, 0x78},
    {0x18FE, 0x06},
    {0x18FF, 0x06},
    {0x1900, 0x36},
    {0x1901, 0x0E},
    {0x1902, 0x01},
    {0x1903, 0xD0},
    {0x1904, 0xB8},
    {0x1905, 0x2E},
    {0x1906, 0x02},
    {0x1907, 0xD3},
    {0x1908, 0x04},
    {0x1909, 0x20},
    {0x190A, 0xE0},
    {0x190B, 0x70},
    {0x190C, 0x21},
    {0x190D, 0xE0},
    {0x190E, 0x3B},
    {0x190F, 0x46},
    {0x1910, 0xC0},
    {0x1911, 0x22},
    {0x1912, 0x29},
    {0x1913, 0x46},
    {0x1914, 0x01},
    {0x1915, 0x98},
    {0x1916, 0x84},
    {0x1917, 0xF6},
    {0x1918, 0xA1},
    {0x1919, 0xF8},
    {0x191A, 0x00},
    {0x191B, 0x06},
    {0x191C, 0x00},
    {0x191D, 0x0E},
    {0x191E, 0xE0},
    {0x191F, 0x70},
    {0x1920, 0x17},
    {0x1921, 0xD1},
    {0x1922, 0x2F},
    {0x1923, 0x46},
    {0x1924, 0x80},
    {0x1925, 0x37},
    {0x1926, 0xB8},
    {0x1927, 0x8F},
    {0x1928, 0x6B},
    {0x1929, 0x46},
    {0x192A, 0x80},
    {0x192B, 0xB2},
    {0x192C, 0x01},
    {0x192D, 0x90},
    {0x192E, 0x32},
    {0x192F, 0x46},
    {0x1930, 0x29},
    {0x1931, 0x46},
    {0x1932, 0x3F},
    {0x1933, 0x48},
    {0x1934, 0x92},
    {0x1935, 0xF6},
    {0x1936, 0x06},
    {0x1937, 0xF9},
    {0x1938, 0x69},
    {0x1939, 0x46},
    {0x193A, 0x09},
    {0x193B, 0x88},
    {0x193C, 0x01},
    {0x193D, 0x98},
    {0x193E, 0x01},
    {0x193F, 0x26},
    {0x1940, 0x88},
    {0x1941, 0x42},
    {0x1942, 0x03},
    {0x1943, 0xD0},
    {0x1944, 0xE6},
    {0x1945, 0x70},
    {0x1946, 0x09},
    {0x1947, 0x20},
    {0x1948, 0x8F},
    {0x1949, 0xF6},
    {0x194A, 0xE8},
    {0x194B, 0xF8},
    {0x194C, 0xE0},
    {0x194D, 0x78},
    {0x194E, 0x00},
    {0x194F, 0x28},
    {0x1950, 0x04},
    {0x1951, 0xD0},
    {0x1952, 0x00},
    {0x1953, 0x20},
    {0x1954, 0x20},
    {0x1955, 0x80},
    {0x1956, 0xFF},
    {0x1957, 0x21},
    {0x1958, 0xA1},
    {0x1959, 0x70},
    {0x195A, 0x08},
    {0x195B, 0xE0},
    {0x195C, 0x38},
    {0x195D, 0x8F},
    {0x195E, 0x20},
    {0x195F, 0x80},
    {0x1960, 0x28},
    {0x1961, 0x79},
    {0x1962, 0xA0},
    {0x1963, 0x70},
    {0x1964, 0xFE},
    {0x1965, 0x28},
    {0x1966, 0x01},
    {0x1967, 0xD8},
    {0x1968, 0x26},
    {0x1969, 0x71},
    {0x196A, 0xFE},
    {0x196B, 0xBD},
    {0x196C, 0x00},
    {0x196D, 0x20},
    {0x196E, 0x20},
    {0x196F, 0x71},
    {0x1970, 0xFE},
    {0x1971, 0xBD},
    {0x1972, 0xFF},
    {0x1973, 0xB5},
    {0x1974, 0x06},
    {0x1975, 0x46},
    {0x1976, 0x89},
    {0x1977, 0xB0},
    {0x1978, 0x00},
    {0x1979, 0x24},
    {0x197A, 0x2E},
    {0x197B, 0x48},
    {0x197C, 0x17},
    {0x197D, 0x46},
    {0x197E, 0x69},
    {0x197F, 0x46},
    {0x1980, 0x0C},
    {0x1981, 0x80},
    {0x1982, 0x12},
    {0x1983, 0x18},
    {0x1984, 0x25},
    {0x1985, 0x46},
    {0x1986, 0x04},
    {0x1987, 0x23},
    {0x1988, 0x06},
    {0x1989, 0xA9},
    {0x198A, 0x30},
    {0x198B, 0x46},
    {0x198C, 0x73},
    {0x198D, 0xF6},
    {0x198E, 0xE0},
    {0x198F, 0xFF},
    {0x1990, 0x00},
    {0x1991, 0x28},
    {0x1992, 0x0E},
    {0x1993, 0xD1},
    {0x1994, 0x28},
    {0x1995, 0x48},
    {0x1996, 0x80},
    {0x1997, 0x78},
    {0x1998, 0x01},
    {0x1999, 0x28},
    {0x199A, 0x0B},
    {0x199B, 0xD1},
    {0x199C, 0x25},
    {0x199D, 0x48},
    {0x199E, 0x01},
    {0x199F, 0x23},
    {0x19A0, 0x36},
    {0x19A1, 0x30},
    {0x19A2, 0x3C},
    {0x19A3, 0x18},
    {0x19A4, 0x22},
    {0x19A5, 0x46},
    {0x19A6, 0x07},
    {0x19A7, 0xA9},
    {0x19A8, 0x30},
    {0x19A9, 0x46},
    {0x19AA, 0x73},
    {0x19AB, 0xF6},
    {0x19AC, 0xD1},
    {0x19AD, 0xFF},
    {0x19AE, 0x00},
    {0x19AF, 0x28},
    {0x19B0, 0x05},
    {0x19B1, 0xD0},
    {0x19B2, 0x03},
    {0x19B3, 0x24},
    {0x19B4, 0x21},
    {0x19B5, 0x48},
    {0x19B6, 0x0A},
    {0x19B7, 0x9E},
    {0x19B8, 0x40},
    {0x19B9, 0x7E},
    {0x19BA, 0x08},
    {0x19BB, 0x90},
    {0x19BC, 0x1C},
    {0x19BD, 0xE0},
    {0x19BE, 0x23},
    {0x19BF, 0x46},
    {0x19C0, 0x04},
    {0x19C1, 0x22},
    {0x19C2, 0x06},
    {0x19C3, 0xA9},
    {0x19C4, 0x07},
    {0x19C5, 0xA8},
    {0x19C6, 0x84},
    {0x19C7, 0xF6},
    {0x19C8, 0x49},
    {0x19C9, 0xF8},
    {0x19CA, 0x04},
    {0x19CB, 0x46},
    {0x19CC, 0xF2},
    {0x19CD, 0xE7},
    {0x19CE, 0xA8},
    {0x19CF, 0x02},
    {0x19D0, 0xC2},
    {0x19D1, 0x19},
    {0x19D2, 0x81},
    {0x19D3, 0x19},
    {0x19D4, 0x28},
    {0x19D5, 0x02},
    {0x19D6, 0x83},
    {0x19D7, 0x19},
    {0x19D8, 0x0D},
    {0x19D9, 0x20},
    {0x19DA, 0x00},
    {0x19DB, 0x02},
    {0x19DC, 0x18},
    {0x19DD, 0x18},
    {0x19DE, 0x01},
    {0x19DF, 0x23},
    {0x19E0, 0x9B},
    {0x19E1, 0x02},
    {0x19E2, 0x84},
    {0x19E3, 0xF6},
    {0x19E4, 0x37},
    {0x19E5, 0xFD},
    {0x19E6, 0x04},
    {0x19E7, 0x46},
    {0x19E8, 0x08},
    {0x19E9, 0x98},
    {0x19EA, 0x6D},
    {0x19EB, 0x1C},
    {0x19EC, 0x00},
    {0x19ED, 0x28},
    {0x19EE, 0x01},
    {0x19EF, 0xD0},
    {0x19F0, 0x6F},
    {0x19F1, 0xF6},
    {0x19F2, 0xA4},
    {0x19F3, 0xFE},
    {0x19F4, 0x03},
    {0x19F5, 0x2D},
    {0x19F6, 0x02},
    {0x19F7, 0xD2},
    {0x19F8, 0x00},
    {0x19F9, 0x2C},
    {0x19FA, 0xE8},
    {0x19FB, 0xD0},
    {0x19FC, 0x11},
    {0x19FD, 0xE0},
    {0x19FE, 0x00},
    {0x19FF, 0x2C},
    {0x1A00, 0x0F},
    {0x1A01, 0xD1},
    {0x1A02, 0x06},
    {0x1A03, 0x98},
    {0x1A04, 0x03},
    {0x1A05, 0x22},
    {0x1A06, 0x84},
    {0x1A07, 0xB2},
    {0x1A08, 0x6B},
    {0x1A09, 0x46},
    {0x1A0A, 0x92},
    {0x1A0B, 0x02},
    {0x1A0C, 0x08},
    {0x1A0D, 0x48},
    {0x1A0E, 0x0A},
    {0x1A0F, 0x99},
    {0x1A10, 0x92},
    {0x1A11, 0xF6},
    {0x1A12, 0x98},
    {0x1A13, 0xF8},
    {0x1A14, 0x68},
    {0x1A15, 0x46},
    {0x1A16, 0x00},
    {0x1A17, 0x88},
    {0x1A18, 0x84},
    {0x1A19, 0x42},
    {0x1A1A, 0x06},
    {0x1A1B, 0xD0},
    {0x1A1C, 0x09},
    {0x1A1D, 0x20},
    {0x1A1E, 0x8F},
    {0x1A1F, 0xF6},
    {0x1A20, 0x7D},
    {0x1A21, 0xF8},
    {0x1A22, 0x28},
    {0x1A23, 0x20},
    {0x1A24, 0xC0},
    {0x1A25, 0x43},
    {0x1A26, 0x0D},
    {0x1A27, 0xB0},
    {0x1A28, 0xF0},
    {0x1A29, 0xBD},
    {0x1A2A, 0x00},
    {0x1A2B, 0x20},
    {0x1A2C, 0xFB},
    {0x1A2D, 0xE7},
    {0x1A2E, 0x00},
    {0x1A2F, 0x00},
    {0x1A30, 0xFF},
    {0x1A31, 0xFF},
    {0x1A32, 0x00},
    {0x1A33, 0x00},
    {0x1A34, 0xB8},
    {0x1A35, 0x0C},
    {0x1A36, 0x00},
    {0x1A37, 0x00},
    {0x1A38, 0x88},
    {0x1A39, 0x1C},
    {0x1A3A, 0x18},
    {0x1A3B, 0x00},
    {0x1A3C, 0x68},
    {0x1A3D, 0x45},
    {0x1A3E, 0x18},
    {0x1A3F, 0x00},
    {0x1A40, 0x70},
    {0x1A41, 0xB5},
    {0x1A42, 0x80},
    {0x1A43, 0x00},
    {0x1A44, 0x41},
    {0x1A45, 0x18},
    {0x1A46, 0xFA},
    {0x1A47, 0x4C},
    {0x1A48, 0xC8},
    {0x1A49, 0x00},
    {0x1A4A, 0xF8},
    {0x1A4B, 0x4B},
    {0x1A4C, 0x00},
    {0x1A4D, 0x19},
    {0x1A4E, 0x00},
    {0x1A4F, 0x2A},
    {0x1A50, 0x17},
    {0x1A51, 0xD0},
    {0x1A52, 0xC0},
    {0x1A53, 0x88},
    {0x1A54, 0x89},
    {0x1A55, 0x00},
    {0x1A56, 0xC9},
    {0x1A57, 0x18},
    {0x1A58, 0x0B},
    {0x1A59, 0x22},
    {0x1A5A, 0x4C},
    {0x1A5B, 0x88},
    {0x1A5C, 0xD2},
    {0x1A5D, 0x01},
    {0x1A5E, 0x89},
    {0x1A5F, 0x18},
    {0x1A60, 0x49},
    {0x1A61, 0x8C},
    {0x1A62, 0xFF},
    {0x1A63, 0x39},
    {0x1A64, 0x01},
    {0x1A65, 0x39},
    {0x1A66, 0x48},
    {0x1A67, 0x43},
    {0x1A68, 0x21},
    {0x1A69, 0x02},
    {0x1A6A, 0x40},
    {0x1A6B, 0x18},
    {0x1A6C, 0x00},
    {0x1A6D, 0x21},
    {0x1A6E, 0x92},
    {0x1A6F, 0xF6},
    {0x1A70, 0xEF},
    {0x1A71, 0xFB},
    {0x1A72, 0x21},
    {0x1A73, 0x46},
    {0x1A74, 0x92},
    {0x1A75, 0xF6},
    {0x1A76, 0x80},
    {0x1A77, 0xF8},
    {0x1A78, 0xEE},
    {0x1A79, 0x49},
    {0x1A7A, 0x92},
    {0x1A7B, 0xF6},
    {0x1A7C, 0x52},
    {0x1A7D, 0xFC},
    {0x1A7E, 0x80},
    {0x1A7F, 0xB2},
    {0x1A80, 0x70},
    {0x1A81, 0xBD},
    {0x1A82, 0x80},
    {0x1A83, 0x88},
    {0x1A84, 0xE6},
    {0x1A85, 0xE7},
    {0x1A86, 0xF0},
    {0x1A87, 0xB5},
    {0x1A88, 0x1F},
    {0x1A89, 0xB4},
    {0x1A8A, 0x10},
    {0x1A8B, 0x46},
    {0x1A8C, 0x19},
    {0x1A8D, 0x46},
    {0x1A8E, 0x01},
    {0x1A8F, 0x22},
    {0x1A90, 0x00},
    {0x1A91, 0x23},
    {0x1A92, 0x92},
    {0x1A93, 0xF6},
    {0x1A94, 0xE9},
    {0x1A95, 0xFB},
    {0x1A96, 0x05},
    {0x1A97, 0x46},
    {0x1A98, 0xC8},
    {0x1A99, 0x07},
    {0x1A9A, 0x6E},
    {0x1A9B, 0x08},
    {0x1A9C, 0x0C},
    {0x1A9D, 0x46},
    {0x1A9E, 0x06},
    {0x1A9F, 0x43},
    {0x1AA0, 0x4F},
    {0x1AA1, 0x08},
    {0x1AA2, 0x0B},
    {0x1AA3, 0x46},
    {0x1AA4, 0x2A},
    {0x1AA5, 0x46},
    {0x1AA6, 0x01},
    {0x1AA7, 0x99},
    {0x1AA8, 0x00},
    {0x1AA9, 0x98},
    {0x1AAA, 0x6E},
    {0x1AAB, 0xF6},
    {0x1AAC, 0xA4},
    {0x1AAD, 0xFB},
    {0x1AAE, 0xAD},
    {0x1AAF, 0x1B},
    {0x1AB0, 0xBC},
    {0x1AB1, 0x41},
    {0x1AB2, 0x52},
    {0x1AB3, 0x1B},
    {0x1AB4, 0xA3},
    {0x1AB5, 0x41},
    {0x1AB6, 0x02},
    {0x1AB7, 0xD3},
    {0x1AB8, 0x00},
    {0x1AB9, 0x22},
    {0x1ABA, 0x40},
    {0x1ABB, 0x1C},
    {0x1ABC, 0x51},
    {0x1ABD, 0x41},
    {0x1ABE, 0x05},
    {0x1ABF, 0xB0},
    {0x1AC0, 0xF0},
    {0x1AC1, 0xBD},
    {0x1AC2, 0x30},
    {0x1AC3, 0xB5},
    {0x1AC4, 0x0C},
    {0x1AC5, 0x46},
    {0x1AC6, 0x85},
    {0x1AC7, 0x1A},
    {0x1AC8, 0x9C},
    {0x1AC9, 0x41},
    {0x1ACA, 0x01},
    {0x1ACB, 0xDA},
    {0x1ACC, 0x10},
    {0x1ACD, 0x46},
    {0x1ACE, 0x19},
    {0x1ACF, 0x46},
    {0x1AD0, 0x30},
    {0x1AD1, 0xBD},
    {0x1AD2, 0xFF},
    {0x1AD3, 0xB5},
    {0x1AD4, 0x89},
    {0x1AD5, 0x00},
    {0x1AD6, 0xD6},
    {0x1AD7, 0x4D},
    {0x1AD8, 0x8A},
    {0x1AD9, 0x18},
    {0x1ADA, 0xD6},
    {0x1ADB, 0x00},
    {0x1ADC, 0x29},
    {0x1ADD, 0x46},
    {0x1ADE, 0xD3},
    {0x1ADF, 0x48},
    {0x1AE0, 0x71},
    {0x1AE1, 0x18},
    {0x1AE2, 0x00},
    {0x1AE3, 0x24},
    {0x1AE4, 0x8F},
    {0x1AE5, 0xB0},
    {0x1AE6, 0x00},
    {0x1AE7, 0x2B},
    {0x1AE8, 0x5E},
    {0x1AE9, 0xD0},
    {0x1AEA, 0x4E},
    {0x1AEB, 0x88},
    {0x1AEC, 0xC9},
    {0x1AED, 0x88},
    {0x1AEE, 0x25},
    {0x1AEF, 0x46},
    {0x1AF0, 0x0A},
    {0x1AF1, 0x91},
    {0x1AF2, 0x91},
    {0x1AF3, 0x00},
    {0x1AF4, 0x47},
    {0x1AF5, 0x5A},
    {0x1AF6, 0x08},
    {0x1AF7, 0x18},
    {0x1AF8, 0x42},
    {0x1AF9, 0x88},
    {0x1AFA, 0x0B},
    {0x1AFB, 0x21},
    {0x1AFC, 0xC9},
    {0x1AFD, 0x01},
    {0x1AFE, 0x40},
    {0x1AFF, 0x18},
    {0x1B00, 0x06},
    {0x1B01, 0x92},
    {0x1B02, 0x00},
    {0x1B03, 0x8C},
    {0x1B04, 0x0C},
    {0x1B05, 0x90},
    {0x1B06, 0x30},
    {0x1B07, 0x46},
    {0x1B08, 0x23},
    {0x1B09, 0x46},
    {0x1B0A, 0x21},
    {0x1B0B, 0x46},
    {0x1B0C, 0x02},
    {0x1B0D, 0x46},
    {0x1B0E, 0x6E},
    {0x1B0F, 0xF6},
    {0x1B10, 0x22},
    {0x1B11, 0xFB},
    {0x1B12, 0x23},
    {0x1B13, 0x46},
    {0x1B14, 0x06},
    {0x1B15, 0x9A},
    {0x1B16, 0x6E},
    {0x1B17, 0xF6},
    {0x1B18, 0x1E},
    {0x1B19, 0xFB},
    {0x1B1A, 0x23},
    {0x1B1B, 0x46},
    {0x1B1C, 0x0F},
    {0x1B1D, 0x9A},
    {0x1B1E, 0x6E},
    {0x1B1F, 0xF6},
    {0x1B20, 0x1A},
    {0x1B21, 0xFB},
    {0x1B22, 0x01},
    {0x1B23, 0x91},
    {0x1B24, 0x00},
    {0x1B25, 0x90},
    {0x1B26, 0x2B},
    {0x1B27, 0x46},
    {0x1B28, 0x38},
    {0x1B29, 0x46},
    {0x1B2A, 0x21},
    {0x1B2B, 0x46},
    {0x1B2C, 0x32},
    {0x1B2D, 0x46},
    {0x1B2E, 0x6E},
    {0x1B2F, 0xF6},
    {0x1B30, 0x12},
    {0x1B31, 0xFB},
    {0x1B32, 0x23},
    {0x1B33, 0x46},
    {0x1B34, 0x06},
    {0x1B35, 0x9A},
    {0x1B36, 0x6E},
    {0x1B37, 0xF6},
    {0x1B38, 0x0E},
    {0x1B39, 0xFB},
    {0x1B3A, 0x23},
    {0x1B3B, 0x46},
    {0x1B3C, 0x0F},
    {0x1B3D, 0x9A},
    {0x1B3E, 0x6E},
    {0x1B3F, 0xF6},
    {0x1B40, 0x0A},
    {0x1B41, 0xFB},
    {0x1B42, 0x02},
    {0x1B43, 0x91},
    {0x1B44, 0x06},
    {0x1B45, 0x90},
    {0x1B46, 0xFF},
    {0x1B47, 0x22},
    {0x1B48, 0xD2},
    {0x1B49, 0x43},
    {0x1B4A, 0x0C},
    {0x1B4B, 0x98},
    {0x1B4C, 0x11},
    {0x1B4D, 0x12},
    {0x1B4E, 0x80},
    {0x1B4F, 0x18},
    {0x1B50, 0x61},
    {0x1B51, 0x41},
    {0x1B52, 0x01},
    {0x1B53, 0x9B},
    {0x1B54, 0x00},
    {0x1B55, 0x9A},
    {0x1B56, 0x6E},
    {0x1B57, 0xF6},
    {0x1B58, 0xFE},
    {0x1B59, 0xFA},
    {0x1B5A, 0x06},
    {0x1B5B, 0x9B},
    {0x1B5C, 0x02},
    {0x1B5D, 0x9A},
    {0x1B5E, 0x1E},
    {0x1B5F, 0x0E},
    {0x1B60, 0x12},
    {0x1B61, 0x02},
    {0x1B62, 0x1B},
    {0x1B63, 0x02},
    {0x1B64, 0x32},
    {0x1B65, 0x43},
    {0x1B66, 0xC0},
    {0x1B67, 0x18},
    {0x1B68, 0x51},
    {0x1B69, 0x41},
    {0x1B6A, 0x00},
    {0x1B6B, 0x22},
    {0x1B6C, 0x13},
    {0x1B6D, 0x46},
    {0x1B6E, 0xFF},
    {0x1B6F, 0xF7},
    {0x1B70, 0xA8},
    {0x1B71, 0xFF},
    {0x1B72, 0x06},
    {0x1B73, 0x46},
    {0x1B74, 0x01},
    {0x1B75, 0x91},
    {0x1B76, 0x38},
    {0x1B77, 0x46},
    {0x1B78, 0x21},
    {0x1B79, 0x46},
    {0x1B7A, 0x02},
    {0x1B7B, 0x46},
    {0x1B7C, 0x0B},
    {0x1B7D, 0x46},
    {0x1B7E, 0x6E},
    {0x1B7F, 0xF6},
    {0x1B80, 0xEA},
    {0x1B81, 0xFA},
    {0x1B82, 0x2B},
    {0x1B83, 0x46},
    {0x1B84, 0x0A},
    {0x1B85, 0x9A},
    {0x1B86, 0x6E},
    {0x1B87, 0xF6},
    {0x1B88, 0xE6},
    {0x1B89, 0xFA},
    {0x1B8A, 0xCB},
    {0x1B8B, 0x03},
    {0x1B8C, 0x42},
    {0x1B8D, 0x0C},
    {0x1B8E, 0x13},
    {0x1B8F, 0x43},
    {0x1B90, 0xC2},
    {0x1B91, 0x03},
    {0x1B92, 0x30},
    {0x1B93, 0x46},
    {0x1B94, 0x01},
    {0x1B95, 0x99},
    {0x1B96, 0xFF},
    {0x1B97, 0xF7},
    {0x1B98, 0x76},
    {0x1B99, 0xFF},
    {0x1B9A, 0xA6},
    {0x1B9B, 0x4A},
    {0x1B9C, 0x00},
    {0x1B9D, 0x23},
    {0x1B9E, 0x92},
    {0x1B9F, 0xF6},
    {0x1BA0, 0xC4},
    {0x1BA1, 0xFB},
    {0x1BA2, 0x80},
    {0x1BA3, 0xB2},
    {0x1BA4, 0x13},
    {0x1BA5, 0xB0},
    {0x1BA6, 0xF0},
    {0x1BA7, 0xBD},
    {0x1BA8, 0xAE},
    {0x1BA9, 0x5B},
    {0x1BAA, 0x25},
    {0x1BAB, 0x46},
    {0x1BAC, 0x89},
    {0x1BAD, 0x88},
    {0x1BAE, 0x9F},
    {0x1BAF, 0xE7},
    {0x1BB0, 0xF3},
    {0x1BB1, 0xB5},
    {0x1BB2, 0x9E},
    {0x1BB3, 0x48},
    {0x1BB4, 0x89},
    {0x1BB5, 0x00},
    {0x1BB6, 0x0F},
    {0x1BB7, 0x18},
    {0x1BB8, 0x8B},
    {0x1BB9, 0xB0},
    {0x1BBA, 0xFC},
    {0x1BBB, 0x1D},
    {0x1BBC, 0x9C},
    {0x1BBD, 0x4A},
    {0x1BBE, 0xFF},
    {0x1BBF, 0x34},
    {0x1BC0, 0xFA},
    {0x1BC1, 0x34},
    {0x1BC2, 0x08},
    {0x1BC3, 0x92},
    {0x1BC4, 0x04},
    {0x1BC5, 0x91},
    {0x1BC6, 0x20},
    {0x1BC7, 0x8C},
    {0x1BC8, 0x61},
    {0x1BC9, 0x8C},
    {0x1BCA, 0xC0},
    {0x1BCB, 0x03},
    {0x1BCC, 0x91},
    {0x1BCD, 0xF6},
    {0x1BCE, 0xD4},
    {0x1BCF, 0xFF},
    {0x1BD0, 0x85},
    {0x1BD1, 0xB2},
    {0x1BD2, 0x20},
    {0x1BD3, 0x8E},
    {0x1BD4, 0x61},
    {0x1BD5, 0x8E},
    {0x1BD6, 0xC0},
    {0x1BD7, 0x03},
    {0x1BD8, 0x91},
    {0x1BD9, 0xF6},
    {0x1BDA, 0xCE},
    {0x1BDB, 0xFF},
    {0x1BDC, 0x86},
    {0x1BDD, 0xB2},
    {0x1BDE, 0x0B},
    {0x1BDF, 0x20},
    {0x1BE0, 0x80},
    {0x1BE1, 0x01},
    {0x1BE2, 0x3C},
    {0x1BE3, 0x18},
    {0x1BE4, 0x20},
    {0x1BE5, 0x88},
    {0x1BE6, 0x61},
    {0x1BE7, 0x88},
    {0x1BE8, 0xC0},
    {0x1BE9, 0x03},
    {0x1BEA, 0x91},
    {0x1BEB, 0xF6},
    {0x1BEC, 0xC5},
    {0x1BED, 0xFF},
    {0x1BEE, 0x87},
    {0x1BEF, 0xB2},
    {0x1BF0, 0x20},
    {0x1BF1, 0x8A},
    {0x1BF2, 0x61},
    {0x1BF3, 0x8A},
    {0x1BF4, 0xC0},
    {0x1BF5, 0x03},
    {0x1BF6, 0x91},
    {0x1BF7, 0xF6},
    {0x1BF8, 0xBF},
    {0x1BF9, 0xFF},
    {0x1BFA, 0xA9},
    {0x1BFB, 0x19},
    {0x1BFC, 0x80},
    {0x1BFD, 0xB2},
    {0x1BFE, 0xC9},
    {0x1BFF, 0x19},
    {0x1C00, 0x08},
    {0x1C01, 0x18},
    {0x1C02, 0x41},
    {0x1C03, 0x0C},
    {0x1C04, 0x00},
    {0x1C05, 0x24},
    {0x1C06, 0xC0},
    {0x1C07, 0x03},
    {0x1C08, 0x06},
    {0x1C09, 0x91},
    {0x1C0A, 0x03},
    {0x1C0B, 0x90},
    {0x1C0C, 0x04},
    {0x1C0D, 0x98},
    {0x1C0E, 0x00},
    {0x1C0F, 0x19},
    {0x1C10, 0x41},
    {0x1C11, 0x00},
    {0x1C12, 0x08},
    {0x1C13, 0x98},
    {0x1C14, 0x0F},
    {0x1C15, 0x18},
    {0x1C16, 0x11},
    {0x1C17, 0x20},
    {0x1C18, 0x80},
    {0x1C19, 0x01},
    {0x1C1A, 0x3E},
    {0x1C1B, 0x18},
    {0x1C1C, 0x30},
    {0x1C1D, 0x88},
    {0x1C1E, 0xB1},
    {0x1C1F, 0x88},
    {0x1C20, 0xC0},
    {0x1C21, 0x03},
    {0x1C22, 0x91},
    {0x1C23, 0xF6},
    {0x1C24, 0xA9},
    {0x1C25, 0xFF},
    {0x1C26, 0x85},
    {0x1C27, 0xB2},
    {0x1C28, 0x30},
    {0x1C29, 0x8C},
    {0x1C2A, 0xB1},
    {0x1C2B, 0x8C},
    {0x1C2C, 0xC0},
    {0x1C2D, 0x03},
    {0x1C2E, 0x91},
    {0x1C2F, 0xF6},
    {0x1C30, 0xA3},
    {0x1C31, 0xFF},
    {0x1C32, 0x82},
    {0x1C33, 0xB2},
    {0x1C34, 0x0B},
    {0x1C35, 0x20},
    {0x1C36, 0xC0},
    {0x1C37, 0x01},
    {0x1C38, 0x3F},
    {0x1C39, 0x18},
    {0x1C3A, 0x01},
    {0x1C3B, 0x92},
    {0x1C3C, 0x38},
    {0x1C3D, 0x88},
    {0x1C3E, 0xB9},
    {0x1C3F, 0x88},
    {0x1C40, 0xC0},
    {0x1C41, 0x03},
    {0x1C42, 0x91},
    {0x1C43, 0xF6},
    {0x1C44, 0x99},
    {0x1C45, 0xFF},
    {0x1C46, 0x86},
    {0x1C47, 0xB2},
    {0x1C48, 0x38},
    {0x1C49, 0x8C},
    {0x1C4A, 0xB9},
    {0x1C4B, 0x8C},
    {0x1C4C, 0xC0},
    {0x1C4D, 0x03},
    {0x1C4E, 0x91},
    {0x1C4F, 0xF6},
    {0x1C50, 0x93},
    {0x1C51, 0xFF},
    {0x1C52, 0x81},
    {0x1C53, 0xB2},
    {0x1C54, 0x01},
    {0x1C55, 0x9A},
    {0x1C56, 0x00},
    {0x1C57, 0x20},
    {0x1C58, 0xAA},
    {0x1C59, 0x18},
    {0x1C5A, 0x03},
    {0x1C5B, 0x46},
    {0x1C5C, 0x43},
    {0x1C5D, 0x41},
    {0x1C5E, 0x92},
    {0x1C5F, 0x19},
    {0x1C60, 0x43},
    {0x1C61, 0x41},
    {0x1C62, 0x52},
    {0x1C63, 0x18},
    {0x1C64, 0x43},
    {0x1C65, 0x41},
    {0x1C66, 0x06},
    {0x1C67, 0x99},
    {0x1C68, 0x03},
    {0x1C69, 0x98},
    {0x1C6A, 0xFF},
    {0x1C6B, 0xF7},
    {0x1C6C, 0x0C},
    {0x1C6D, 0xFF},
    {0x1C6E, 0x72},
    {0x1C6F, 0x4A},
    {0x1C70, 0x00},
    {0x1C71, 0x23},
    {0x1C72, 0x92},
    {0x1C73, 0xF6},
    {0x1C74, 0x5A},
    {0x1C75, 0xFB},
    {0x1C76, 0x62},
    {0x1C77, 0x00},
    {0x1C78, 0x0B},
    {0x1C79, 0x99},
    {0x1C7A, 0x64},
    {0x1C7B, 0x1C},
    {0x1C7C, 0xE4},
    {0x1C7D, 0xB2},
    {0x1C7E, 0x88},
    {0x1C7F, 0x52},
    {0x1C80, 0x02},
    {0x1C81, 0x2C},
    {0x1C82, 0xC3},
    {0x1C83, 0xD3},
    {0x1C84, 0x0D},
    {0x1C85, 0xB0},
    {0x1C86, 0xF0},
    {0x1C87, 0xBD},
    {0x1C88, 0xF8},
    {0x1C89, 0xB5},
    {0x1C8A, 0x6C},
    {0x1C8B, 0x4E},
    {0x1C8C, 0x00},
    {0x1C8D, 0x25},
    {0x1C8E, 0x29},
    {0x1C8F, 0x46},
    {0x1C90, 0x68},
    {0x1C91, 0x46},
    {0x1C92, 0xFF},
    {0x1C93, 0xF7},
    {0x1C94, 0x8D},
    {0x1C95, 0xFF},
    {0x1C96, 0x00},
    {0x1C97, 0x24},
    {0x1C98, 0x68},
    {0x1C99, 0x46},
    {0x1C9A, 0x00},
    {0x1C9B, 0x88},
    {0x1C9C, 0x00},
    {0x1C9D, 0x23},
    {0x1C9E, 0x2A},
    {0x1C9F, 0x46},
    {0x1CA0, 0x21},
    {0x1CA1, 0x46},
    {0x1CA2, 0xFF},
    {0x1CA3, 0xF7},
    {0x1CA4, 0x16},
    {0x1CA5, 0xFF},
    {0x1CA6, 0xA1},
    {0x1CA7, 0x00},
    {0x1CA8, 0x49},
    {0x1CA9, 0x19},
    {0x1CAA, 0xCF},
    {0x1CAB, 0x00},
    {0x1CAC, 0xF0},
    {0x1CAD, 0x53},
    {0x1CAE, 0x68},
    {0x1CAF, 0x46},
    {0x1CB0, 0x40},
    {0x1CB1, 0x88},
    {0x1CB2, 0x01},
    {0x1CB3, 0x23},
    {0x1CB4, 0x2A},
    {0x1CB5, 0x46},
    {0x1CB6, 0x21},
    {0x1CB7, 0x46},
    {0x1CB8, 0xFF},
    {0x1CB9, 0xF7},
    {0x1CBA, 0x0B},
    {0x1CBB, 0xFF},
    {0x1CBC, 0xBF},
    {0x1CBD, 0x19},
    {0x1CBE, 0x78},
    {0x1CBF, 0x80},
    {0x1CC0, 0x00},
    {0x1CC1, 0x22},
    {0x1CC2, 0x29},
    {0x1CC3, 0x46},
    {0x1CC4, 0x20},
    {0x1CC5, 0x46},
    {0x1CC6, 0xFF},
    {0x1CC7, 0xF7},
    {0x1CC8, 0xBB},
    {0x1CC9, 0xFE},
    {0x1CCA, 0xB8},
    {0x1CCB, 0x80},
    {0x1CCC, 0x01},
    {0x1CCD, 0x22},
    {0x1CCE, 0x29},
    {0x1CCF, 0x46},
    {0x1CD0, 0x20},
    {0x1CD1, 0x46},
    {0x1CD2, 0xFF},
    {0x1CD3, 0xF7},
    {0x1CD4, 0xB5},
    {0x1CD5, 0xFE},
    {0x1CD6, 0x64},
    {0x1CD7, 0x1C},
    {0x1CD8, 0xF8},
    {0x1CD9, 0x80},
    {0x1CDA, 0x5A},
    {0x1CDB, 0x2C},
    {0x1CDC, 0xDC},
    {0x1CDD, 0xD3},
    {0x1CDE, 0x6D},
    {0x1CDF, 0x1C},
    {0x1CE0, 0x04},
    {0x1CE1, 0x2D},
    {0x1CE2, 0xD4},
    {0x1CE3, 0xD3},
    {0x1CE4, 0xF8},
    {0x1CE5, 0xBD},
    {0x1CE6, 0x56},
    {0x1CE7, 0x48},
    {0x1CE8, 0x56},
    {0x1CE9, 0x49},
    {0x1CEA, 0x00},
    {0x1CEB, 0x6D},
    {0x1CEC, 0xC0},
    {0x1CED, 0x05},
    {0x1CEE, 0xC0},
    {0x1CEF, 0x0F},
    {0x1CF0, 0x88},
    {0x1CF1, 0x71},
    {0x1CF2, 0x08},
    {0x1CF3, 0x46},
    {0x1CF4, 0x40},
    {0x1CF5, 0x38},
    {0x1CF6, 0x40},
    {0x1CF7, 0x6C},
    {0x1CF8, 0x00},
    {0x1CF9, 0x02},
    {0x1CFA, 0x00},
    {0x1CFB, 0x0E},
    {0x1CFC, 0x01},
    {0x1CFD, 0x28},
    {0x1CFE, 0x00},
    {0x1CFF, 0xD1},
    {0x1D00, 0xC2},
    {0x1D01, 0xE7},
    {0x1D02, 0x70},
    {0x1D03, 0x47},
    {0x1D04, 0x70},
    {0x1D05, 0xB5},
    {0x1D06, 0x0D},
    {0x1D07, 0x46},
    {0x1D08, 0x01},
    {0x1D09, 0x46},
    {0x1D0A, 0x4E},
    {0x1D0B, 0x48},
    {0x1D0C, 0x8A},
    {0x1D0D, 0xB0},
    {0x1D0E, 0x40},
    {0x1D0F, 0x38},
    {0x1D10, 0x40},
    {0x1D11, 0x6C},
    {0x1D12, 0x00},
    {0x1D13, 0x02},
    {0x1D14, 0x00},
    {0x1D15, 0x0E},
    {0x1D16, 0x01},
    {0x1D17, 0x28},
    {0x1D18, 0x31},
    {0x1D19, 0xD0},
    {0x1D1A, 0x45},
    {0x1D1B, 0x48},
    {0x1D1C, 0x49},
    {0x1D1D, 0x01},
    {0x1D1E, 0x44},
    {0x1D1F, 0x5A},
    {0x1D20, 0x1E},
    {0x1D21, 0x68},
    {0x1D22, 0x74},
    {0x1D23, 0x43},
    {0x1D24, 0xE4},
    {0x1D25, 0x09},
    {0x1D26, 0x02},
    {0x1D27, 0x94},
    {0x1D28, 0x0C},
    {0x1D29, 0x18},
    {0x1D2A, 0x20},
    {0x1D2B, 0x89},
    {0x1D2C, 0x59},
    {0x1D2D, 0x68},
    {0x1D2E, 0x48},
    {0x1D2F, 0x43},
    {0x1D30, 0xC0},
    {0x1D31, 0x09},
    {0x1D32, 0x03},
    {0x1D33, 0x90},
    {0x1D34, 0x20},
    {0x1D35, 0x8A},
    {0x1D36, 0x99},
    {0x1D37, 0x68},
    {0x1D38, 0x48},
    {0x1D39, 0x43},
    {0x1D3A, 0xC0},
    {0x1D3B, 0x09},
    {0x1D3C, 0x04},
    {0x1D3D, 0x90},
    {0x1D3E, 0x20},
    {0x1D3F, 0x8B},
    {0x1D40, 0xD9},
    {0x1D41, 0x68},
    {0x1D42, 0x48},
    {0x1D43, 0x43},
    {0x1D44, 0xC0},
    {0x1D45, 0x09},
    {0x1D46, 0x05},
    {0x1D47, 0x90},
    {0x1D48, 0x60},
    {0x1D49, 0x88},
    {0x1D4A, 0x11},
    {0x1D4B, 0x68},
    {0x1D4C, 0x48},
    {0x1D4D, 0x43},
    {0x1D4E, 0xC0},
    {0x1D4F, 0x09},
    {0x1D50, 0x06},
    {0x1D51, 0x90},
    {0x1D52, 0x60},
    {0x1D53, 0x89},
    {0x1D54, 0x51},
    {0x1D55, 0x68},
    {0x1D56, 0x48},
    {0x1D57, 0x43},
    {0x1D58, 0xC0},
    {0x1D59, 0x09},
    {0x1D5A, 0x07},
    {0x1D5B, 0x90},
    {0x1D5C, 0x60},
    {0x1D5D, 0x8A},
    {0x1D5E, 0x91},
    {0x1D5F, 0x68},
    {0x1D60, 0x48},
    {0x1D61, 0x43},
    {0x1D62, 0xC0},
    {0x1D63, 0x09},
    {0x1D64, 0x08},
    {0x1D65, 0x90},
    {0x1D66, 0x60},
    {0x1D67, 0x8B},
    {0x1D68, 0xD1},
    {0x1D69, 0x68},
    {0x1D6A, 0x06},
    {0x1D6B, 0xAA},
    {0x1D6C, 0x48},
    {0x1D6D, 0x43},
    {0x1D6E, 0xC0},
    {0x1D6F, 0x09},
    {0x1D70, 0x09},
    {0x1D71, 0x90},
    {0x1D72, 0x02},
    {0x1D73, 0xA9},
    {0x1D74, 0x28},
    {0x1D75, 0x46},
    {0x1D76, 0x8A},
    {0x1D77, 0xF6},
    {0x1D78, 0x23},
    {0x1D79, 0xFB},
    {0x1D7A, 0x0A},
    {0x1D7B, 0xB0},
    {0x1D7C, 0x70},
    {0x1D7D, 0xBD},
    {0x1D7E, 0x2F},
    {0x1D7F, 0x48},
    {0x1D80, 0xCC},
    {0x1D81, 0xE7},
    {0x1D82, 0x02},
    {0x1D83, 0x46},
    {0x1D84, 0x2F},
    {0x1D85, 0x48},
    {0x1D86, 0x00},
    {0x1D87, 0xB5},
    {0x1D88, 0x40},
    {0x1D89, 0x38},
    {0x1D8A, 0x40},
    {0x1D8B, 0x6C},
    {0x1D8C, 0x89},
    {0x1D8D, 0xB0},
    {0x1D8E, 0x00},
    {0x1D8F, 0x02},
    {0x1D90, 0x00},
    {0x1D91, 0x0E},
    {0x1D92, 0x0B},
    {0x1D93, 0x46},
    {0x1D94, 0x01},
    {0x1D95, 0x28},
    {0x1D96, 0x19},
    {0x1D97, 0xD0},
    {0x1D98, 0x25},
    {0x1D99, 0x48},
    {0x1D9A, 0x51},
    {0x1D9B, 0x01},
    {0x1D9C, 0x08},
    {0x1D9D, 0x18},
    {0x1D9E, 0x81},
    {0x1D9F, 0x88},
    {0x1DA0, 0x04},
    {0x1DA1, 0x91},
    {0x1DA2, 0x81},
    {0x1DA3, 0x89},
    {0x1DA4, 0x05},
    {0x1DA5, 0x91},
    {0x1DA6, 0x81},
    {0x1DA7, 0x8A},
    {0x1DA8, 0x06},
    {0x1DA9, 0x91},
    {0x1DAA, 0x81},
    {0x1DAB, 0x8B},
    {0x1DAC, 0x07},
    {0x1DAD, 0x91},
    {0x1DAE, 0xC1},
    {0x1DAF, 0x88},
    {0x1DB0, 0x00},
    {0x1DB1, 0x91},
    {0x1DB2, 0xC1},
    {0x1DB3, 0x89},
    {0x1DB4, 0x01},
    {0x1DB5, 0x91},
    {0x1DB6, 0xC1},
    {0x1DB7, 0x8A},
    {0x1DB8, 0x02},
    {0x1DB9, 0x91},
    {0x1DBA, 0xC0},
    {0x1DBB, 0x8B},
    {0x1DBC, 0x03},
    {0x1DBD, 0x90},
    {0x1DBE, 0x6A},
    {0x1DBF, 0x46},
    {0x1DC0, 0x04},
    {0x1DC1, 0xA9},
    {0x1DC2, 0x18},
    {0x1DC3, 0x46},
    {0x1DC4, 0x8A},
    {0x1DC5, 0xF6},
    {0x1DC6, 0xFC},
    {0x1DC7, 0xFA},
    {0x1DC8, 0x09},
    {0x1DC9, 0xB0},
    {0x1DCA, 0x00},
    {0x1DCB, 0xBD},
    {0x1DCC, 0x1B},
    {0x1DCD, 0x48},
    {0x1DCE, 0xE4},
    {0x1DCF, 0xE7},
    {0x1DD0, 0x70},
    {0x1DD1, 0xB5},
    {0x1DD2, 0x88},
    {0x1DD3, 0xB0},
    {0x1DD4, 0x0D},
    {0x1DD5, 0x46},
    {0x1DD6, 0x14},
    {0x1DD7, 0x46},
    {0x1DD8, 0x06},
    {0x1DD9, 0x46},
    {0x1DDA, 0x69},
    {0x1DDB, 0x46},
    {0x1DDC, 0xFF},
    {0x1DDD, 0xF7},
    {0x1DDE, 0xD1},
    {0x1DDF, 0xFF},
    {0x1DE0, 0x23},
    {0x1DE1, 0x46},
    {0x1DE2, 0x2A},
    {0x1DE3, 0x46},
    {0x1DE4, 0x04},
    {0x1DE5, 0xA9},
    {0x1DE6, 0x30},
    {0x1DE7, 0x46},
    {0x1DE8, 0xFF},
    {0x1DE9, 0xF7},
    {0x1DEA, 0x8C},
    {0x1DEB, 0xFF},
    {0x1DEC, 0x04},
    {0x1DED, 0xAA},
    {0x1DEE, 0x69},
    {0x1DEF, 0x46},
    {0x1DF0, 0x30},
    {0x1DF1, 0x46},
    {0x1DF2, 0x8A},
    {0x1DF3, 0xF6},
    {0x1DF4, 0xAD},
    {0x1DF5, 0xFB},
    {0x1DF6, 0x08},
    {0x1DF7, 0xB0},
    {0x1DF8, 0x70},
    {0x1DF9, 0xBD},
    {0x1DFA, 0x70},
    {0x1DFB, 0xB5},
    {0x1DFC, 0x10},
    {0x1DFD, 0x4E},
    {0x1DFE, 0x8C},
    {0x1DFF, 0xB0},
    {0x1E00, 0xF0},
    {0x1E01, 0x6C},
    {0x1E02, 0x00},
    {0x1E03, 0x24},
    {0x1E04, 0xC0},
    {0x1E05, 0x05},
    {0x1E06, 0xC5},
    {0x1E07, 0x0F},
    {0x1E08, 0x68},
    {0x1E09, 0x46},
    {0x1E0A, 0x01},
    {0x1E0B, 0x21},
    {0x1E0C, 0x04},
    {0x1E0D, 0x72},
    {0x1E0E, 0x01},
    {0x1E0F, 0x73},
    {0x1E10, 0x00},
    {0x1E11, 0x2D},
    {0x1E12, 0x3C},
    {0x1E13, 0xD0},
    {0x1E14, 0x8A},
    {0x1E15, 0xF6},
    {0x1E16, 0x3A},
    {0x1E17, 0xF9},
    {0x1E18, 0xF0},
    {0x1E19, 0x6C},
    {0x1E1A, 0xC1},
    {0x1E1B, 0x03},
    {0x1E1C, 0x14},
    {0x1E1D, 0xD5},
    {0x1E1E, 0x68},
    {0x1E1F, 0x46},
    {0x1E20, 0x8A},
    {0x1E21, 0xF6},
    {0x1E22, 0xB4},
    {0x1E23, 0xF8},
    {0x1E24, 0x68},
    {0x1E25, 0x46},
    {0x1E26, 0x44},
    {0x1E27, 0x72},
    {0x1E28, 0x44},
    {0x1E29, 0x73},
    {0x1E2A, 0x18},
    {0x1E2B, 0xE0},
    {0x1E2C, 0xBC},
    {0x1E2D, 0x30},
    {0x1E2E, 0x19},
    {0x1E2F, 0x00},
    {0x1E30, 0x44},
    {0x1E31, 0x95},
    {0x1E32, 0x18},
    {0x1E33, 0x00},
    {0x1E34, 0xFF},
    {0x1E35, 0x07},
    {0x1E36, 0x00},
    {0x1E37, 0x00},
    {0x1E38, 0xFF},
    {0x1E39, 0xFF},
    {0x1E3A, 0x00},
    {0x1E3B, 0x00},
    {0x1E3C, 0x58},
    {0x1E3D, 0x01},
    {0x1E3E, 0x19},
    {0x1E3F, 0x00},
    {0x1E40, 0x48},
    {0x1E41, 0x74},
    {0x1E42, 0x18},
    {0x1E43, 0x00},
    {0x1E44, 0x08},
    {0x1E45, 0x28},
    {0x1E46, 0x18},
    {0x1E47, 0x00},
    {0x1E48, 0x80},
    {0x1E49, 0x01},
    {0x1E4A, 0x81},
    {0x1E4B, 0x0F},
    {0x1E4C, 0x00},
    {0x1E4D, 0x94},
    {0x1E4E, 0x68},
    {0x1E4F, 0x46},
    {0x1E50, 0x01},
    {0x1E51, 0x94},
    {0x1E52, 0x41},
    {0x1E53, 0x72},
    {0x1E54, 0x30},
    {0x1E55, 0x6D},
    {0x1E56, 0x81},
    {0x1E57, 0x07},
    {0x1E58, 0x89},
    {0x1E59, 0x0F},
    {0x1E5A, 0x68},
    {0x1E5B, 0x46},
    {0x1E5C, 0x41},
    {0x1E5D, 0x73},
    {0x1E5E, 0x00},
    {0x1E5F, 0x24},
    {0x1E60, 0x6B},
    {0x1E61, 0x46},
    {0x1E62, 0x04},
    {0x1E63, 0xAA},
    {0x1E64, 0x02},
    {0x1E65, 0xA9},
    {0x1E66, 0x20},
    {0x1E67, 0x46},
    {0x1E68, 0x8A},
    {0x1E69, 0xF6},
    {0x1E6A, 0xF6},
    {0x1E6B, 0xF9},
    {0x1E6C, 0x6B},
    {0x1E6D, 0x46},
    {0x1E6E, 0x08},
    {0x1E6F, 0xAA},
    {0x1E70, 0x03},
    {0x1E71, 0xA9},
    {0x1E72, 0x20},
    {0x1E73, 0x46},
    {0x1E74, 0x8A},
    {0x1E75, 0xF6},
    {0x1E76, 0xF0},
    {0x1E77, 0xF9},
    {0x1E78, 0x08},
    {0x1E79, 0xAA},
    {0x1E7A, 0x04},
    {0x1E7B, 0xA9},
    {0x1E7C, 0x20},
    {0x1E7D, 0x46},
    {0x1E7E, 0xFF},
    {0x1E7F, 0xF7},
    {0x1E80, 0xA7},
    {0x1E81, 0xFF},
    {0x1E82, 0x64},
    {0x1E83, 0x1C},
    {0x1E84, 0xE4},
    {0x1E85, 0xB2},
    {0x1E86, 0x5A},
    {0x1E87, 0x2C},
    {0x1E88, 0xEA},
    {0x1E89, 0xD3},
    {0x1E8A, 0x8A},
    {0x1E8B, 0xF6},
    {0x1E8C, 0x2D},
    {0x1E8D, 0xFB},
    {0x1E8E, 0x28},
    {0x1E8F, 0x46},
    {0x1E90, 0x8A},
    {0x1E91, 0xF6},
    {0x1E92, 0x76},
    {0x1E93, 0xFB},
    {0x1E94, 0x0C},
    {0x1E95, 0xB0},
    {0x1E96, 0x70},
    {0x1E97, 0xBD},
    {0x1E98, 0x10},
    {0x1E99, 0xB5},
    {0x1E9A, 0x07},
    {0x1E9B, 0x48},
    {0x1E9C, 0x80},
    {0x1E9D, 0x6C},
    {0x1E9E, 0xC0},
    {0x1E9F, 0x01},
    {0x1EA0, 0xC4},
    {0x1EA1, 0x0F},
    {0x1EA2, 0x05},
    {0x1EA3, 0xD0},
    {0x1EA4, 0x8A},
    {0x1EA5, 0xF6},
    {0x1EA6, 0x30},
    {0x1EA7, 0xFC},
    {0x1EA8, 0xFF},
    {0x1EA9, 0xF7},
    {0x1EAA, 0xA7},
    {0x1EAB, 0xFF},
    {0x1EAC, 0x8A},
    {0x1EAD, 0xF6},
    {0x1EAE, 0xEE},
    {0x1EAF, 0xFB},
    {0x1EB0, 0x20},
    {0x1EB1, 0x46},
    {0x1EB2, 0x8A},
    {0x1EB3, 0xF6},
    {0x1EB4, 0xAF},
    {0x1EB5, 0xFB},
    {0x1EB6, 0x10},
    {0x1EB7, 0xBD},
    {0x1EB8, 0x48},
    {0x1EB9, 0x74},
    {0x1EBA, 0x18},
    {0x1EBB, 0x00},
    {0x1EBC, 0x07},
    {0x1EBD, 0x4B},
    {0x1EBE, 0x10},
    {0x1EBF, 0xB5},
    {0x1EC0, 0x06},
    {0x1EC1, 0x4A},
    {0x1EC2, 0x20},
    {0x1EC3, 0x3B},
    {0x1EC4, 0x01},
    {0x1EC5, 0x46},
    {0x1EC6, 0x9B},
    {0x1EC7, 0x8E},
    {0x1EC8, 0x00},
    {0x1EC9, 0x20},
    {0x1ECA, 0x92},
    {0x1ECB, 0x7D},
    {0x1ECC, 0xDB},
    {0x1ECD, 0x05},
    {0x1ECE, 0x03},
    {0x1ECF, 0xD5},
    {0x1ED0, 0x0B},
    {0x1ED1, 0x78},
    {0x1ED2, 0x93},
    {0x1ED3, 0x42},
    {0x1ED4, 0x00},
    {0x1ED5, 0xD1},
    {0x1ED6, 0x01},
    {0x1ED7, 0x20},
    {0x1ED8, 0x0A},
    {0x1ED9, 0x70},
    {0x1EDA, 0x10},
    {0x1EDB, 0xBD},
    {0x1EDC, 0xE8},
    {0x1EDD, 0x45},
    {0x1EDE, 0x18},
    {0x1EDF, 0x00},
    {0x1EE0, 0x70},
    {0x1EE1, 0xB5},
    {0x1EE2, 0x04},
    {0x1EE3, 0x46},
    {0x1EE4, 0x22},
    {0x1EE5, 0x48},
    {0x1EE6, 0x23},
    {0x1EE7, 0x4D},
    {0x1EE8, 0x80},
    {0x1EE9, 0x6F},
    {0x1EEA, 0x01},
    {0x1EEB, 0x04},
    {0x1EEC, 0x09},
    {0x1EED, 0x0E},
    {0x1EEE, 0x49},
    {0x1EEF, 0x1C},
    {0x1EF0, 0x00},
    {0x1EF1, 0x02},
    {0x1EF2, 0x29},
    {0x1EF3, 0x80},
    {0x1EF4, 0x00},
    {0x1EF5, 0x0E},
    {0x1EF6, 0x60},
    {0x1EF7, 0x72},
    {0x1EF8, 0x20},
    {0x1EF9, 0x46},
    {0x1EFA, 0x92},
    {0x1EFB, 0xF6},
    {0x1EFC, 0x8F},
    {0x1EFD, 0xFC},
    {0x1EFE, 0x28},
    {0x1EFF, 0x88},
    {0x1F00, 0x00},
    {0x1F01, 0x28},
    {0x1F02, 0x08},
    {0x1F03, 0xD1},
    {0x1F04, 0x60},
    {0x1F05, 0x7A},
    {0x1F06, 0x00},
    {0x1F07, 0x28},
    {0x1F08, 0x20},
    {0x1F09, 0x46},
    {0x1F0A, 0x02},
    {0x1F0B, 0xD0},
    {0x1F0C, 0x92},
    {0x1F0D, 0xF6},
    {0x1F0E, 0x94},
    {0x1F0F, 0xFC},
    {0x1F10, 0x01},
    {0x1F11, 0xE0},
    {0x1F12, 0x92},
    {0x1F13, 0xF6},
    {0x1F14, 0x0D},
    {0x1F15, 0xFC},
    {0x1F16, 0x93},
    {0x1F17, 0xF6},
    {0x1F18, 0x42},
    {0x1F19, 0xF9},
    {0x1F1A, 0x70},
    {0x1F1B, 0xBD},
    {0x1F1C, 0x10},
    {0x1F1D, 0xB5},
    {0x1F1E, 0x15},
    {0x1F1F, 0x4A},
    {0x1F20, 0x11},
    {0x1F21, 0x88},
    {0x1F22, 0x49},
    {0x1F23, 0x1E},
    {0x1F24, 0x09},
    {0x1F25, 0x04},
    {0x1F26, 0x09},
    {0x1F27, 0x0C},
    {0x1F28, 0x11},
    {0x1F29, 0x80},
    {0x1F2A, 0x04},
    {0x1F2B, 0xD1},
    {0x1F2C, 0x41},
    {0x1F2D, 0x7A},
    {0x1F2E, 0x00},
    {0x1F2F, 0x29},
    {0x1F30, 0x02},
    {0x1F31, 0xD0},
    {0x1F32, 0x92},
    {0x1F33, 0xF6},
    {0x1F34, 0x81},
    {0x1F35, 0xFC},
    {0x1F36, 0x10},
    {0x1F37, 0xBD},
    {0x1F38, 0x92},
    {0x1F39, 0xF6},
    {0x1F3A, 0xFA},
    {0x1F3B, 0xFB},
    {0x1F3C, 0x10},
    {0x1F3D, 0xBD},
    {0x1F3E, 0x10},
    {0x1F3F, 0xB5},
    {0x1F40, 0x04},
    {0x1F41, 0x46},
    {0x1F42, 0x0C},
    {0x1F43, 0x48},
    {0x1F44, 0x00},
    {0x1F45, 0x88},
    {0x1F46, 0x00},
    {0x1F47, 0x28},
    {0x1F48, 0x03},
    {0x1F49, 0xD0},
    {0x1F4A, 0x20},
    {0x1F4B, 0x46},
    {0x1F4C, 0xFF},
    {0x1F4D, 0xF7},
    {0x1F4E, 0xE6},
    {0x1F4F, 0xFF},
    {0x1F50, 0x10},
    {0x1F51, 0xBD},
    {0x1F52, 0x60},
    {0x1F53, 0x7A},
    {0x1F54, 0x00},
    {0x1F55, 0x28},
    {0x1F56, 0x07},
    {0x1F57, 0xD0},
    {0x1F58, 0x40},
    {0x1F59, 0x1E},
    {0x1F5A, 0x60},
    {0x1F5B, 0x72},
    {0x1F5C, 0x20},
    {0x1F5D, 0x46},
    {0x1F5E, 0x92},
    {0x1F5F, 0xF6},
    {0x1F60, 0x6B},
    {0x1F61, 0xFC},
    {0x1F62, 0x60},
    {0x1F63, 0x7A},
    {0x1F64, 0x00},
    {0x1F65, 0x28},
    {0x1F66, 0xF3},
    {0x1F67, 0xD1},
    {0x1F68, 0x20},
    {0x1F69, 0x46},
    {0x1F6A, 0x92},
    {0x1F6B, 0xF6},
    {0x1F6C, 0xE1},
    {0x1F6D, 0xFB},
    {0x1F6E, 0x10},
    {0x1F6F, 0xBD},
    {0x1F70, 0x48},
    {0x1F71, 0x40},
    {0x1F72, 0x18},
    {0x1F73, 0x00},
    {0x1F74, 0x98},
    {0x1F75, 0x0C},
    {0x1F76, 0x19},
    {0x1F77, 0x00},
    {0x1F78, 0x00},
    {0x1F79, 0xF0},
    {0x1F7A, 0x60},
    {0x1F7B, 0xF8},
    {0x1F7C, 0x7A},
    {0x1F7D, 0xF6},
    {0x1F7E, 0x48},
    {0x1F7F, 0xFA},
    {0x1F80, 0x00},
    {0x1F81, 0xF0},
    {0x1F82, 0x26},
    {0x1F83, 0xF8},
    {0x1F84, 0x78},
    {0x1F85, 0xF6},
    {0x1F86, 0x55},
    {0x1F87, 0xF8},
    {0x1F88, 0x00},
    {0x1F89, 0x1B},
    {0x1F8A, 0x89},
    {0x1F8B, 0x02},
    {0x1F8C, 0x01},
    {0x1F8D, 0x31},
    {0x1F8E, 0x84},
    {0x1F8F, 0xF6},
    {0x1F90, 0xA1},
    {0x1F91, 0xFA},
    {0x1F92, 0x00},
    {0x1F93, 0xF0},
    {0x1F94, 0x09},
    {0x1F95, 0xFA},
    {0x1F96, 0x73},
    {0x1F97, 0xF6},
    {0x1F98, 0xD7},
    {0x1F99, 0xFA},
    {0x1F9A, 0x00},
    {0x1F9B, 0x00},
    {0x1F9C, 0x10},
    {0x1F9D, 0xB5},
    {0x1F9E, 0xFF},
    {0x1F9F, 0xF7},
    {0x1FA0, 0x53},
    {0x1FA1, 0xFA},
    {0x1FA2, 0x0A},
    {0x1FA3, 0x4C},
    {0x1FA4, 0x05},
    {0x1FA5, 0x21},
    {0x1FA6, 0xE0},
    {0x1FA7, 0x6A},
    {0x1FA8, 0x00},
    {0x1FA9, 0x01},
    {0x1FAA, 0x00},
    {0x1FAB, 0x0F},
    {0x1FAC, 0x92},
    {0x1FAD, 0xF6},
    {0x1FAE, 0xC5},
    {0x1FAF, 0xF9},
    {0x1FB0, 0x00},
    {0x1FB1, 0x07},
    {0x1FB2, 0x01},
    {0x1FB3, 0x09},
    {0x1FB4, 0x0F},
    {0x1FB5, 0x22},
    {0x1FB6, 0xE0},
    {0x1FB7, 0x6A},
    {0x1FB8, 0x12},
    {0x1FB9, 0x06},
    {0x1FBA, 0x90},
    {0x1FBB, 0x43},
    {0x1FBC, 0x08},
    {0x1FBD, 0x43},
    {0x1FBE, 0xE0},
    {0x1FBF, 0x62},
    {0x1FC0, 0xA0},
    {0x1FC1, 0x69},
    {0x1FC2, 0x00},
    {0x1FC3, 0x09},
    {0x1FC4, 0x00},
    {0x1FC5, 0x01},
    {0x1FC6, 0xA0},
    {0x1FC7, 0x61},
    {0x1FC8, 0x10},
    {0x1FC9, 0xBD},
    {0x1FCA, 0x00},
    {0x1FCB, 0x00},
    {0x1FCC, 0xC8},
    {0x1FCD, 0x1C},
    {0x1FCE, 0x18},
    {0x1FCF, 0x00},
    {0x1FD0, 0xF8},
    {0x1FD1, 0xB5},
    {0x1FD2, 0x04},
    {0x1FD3, 0x46},
    {0x1FD4, 0x47},
    {0x1FD5, 0x20},
    {0x1FD6, 0x0D},
    {0x1FD7, 0x46},
    {0x1FD8, 0xC0},
    {0x1FD9, 0x00},
    {0x1FDA, 0x09},
    {0x1FDB, 0x18},
    {0x1FDC, 0x30},
    {0x1FDD, 0x22},
    {0x1FDE, 0x20},
    {0x1FDF, 0x46},
    {0x1FE0, 0x6E},
    {0x1FE1, 0xF6},
    {0x1FE2, 0x7C},
    {0x1FE3, 0xF8},
    {0x1FE4, 0x13},
    {0x1FE5, 0x48},
    {0x1FE6, 0x14},
    {0x1FE7, 0x4F},
    {0x1FE8, 0x01},
    {0x1FE9, 0x6F},
    {0x1FEA, 0x06},
    {0x1FEB, 0x46},
    {0x1FEC, 0xC9},
    {0x1FED, 0x05},
    {0x1FEE, 0xC9},
    {0x1FEF, 0x0F},
    {0x1FF0, 0xE1},
    {0x1FF1, 0x77},
    {0x1FF2, 0x80},
    {0x1FF3, 0x36},
    {0x1FF4, 0x31},
    {0x1FF5, 0x6A},
    {0x1FF6, 0x21},
    {0x1FF7, 0x62},
    {0x1FF8, 0x00},
    {0x1FF9, 0x21},
    {0x1FFA, 0xA1},
    {0x1FFB, 0x83},
    {0x1FFC, 0x80},
    {0x1FFD, 0x6F},
    {0x1FFE, 0x3A},
    {0x1FFF, 0x46},
    {0x2000, 0x00},
    {0x2001, 0x0C},
    {0x2002, 0x7B},
    {0x2003, 0xF6},
    {0x2004, 0x29},
    {0x2005, 0xF8},
    {0x2006, 0x20},
    {0x2007, 0x85},
    {0x2008, 0xB0},
    {0x2009, 0x88},
    {0x200A, 0x3A},
    {0x200B, 0x46},
    {0x200C, 0x80},
    {0x200D, 0xB2},
    {0x200E, 0x00},
    {0x200F, 0x21},
    {0x2010, 0x7B},
    {0x2011, 0xF6},
    {0x2012, 0x22},
    {0x2013, 0xF8},
    {0x2014, 0xA0},
    {0x2015, 0x85},
    {0x2016, 0x05},
    {0x2017, 0x20},
    {0x2018, 0xC0},
    {0x2019, 0x01},
    {0x201A, 0x29},
    {0x201B, 0x18},
    {0x201C, 0x20},
    {0x201D, 0x46},
    {0x201E, 0x77},
    {0x201F, 0xF6},
    {0x2020, 0x54},
    {0x2021, 0xFF},
    {0x2022, 0x20},
    {0x2023, 0x46},
    {0x2024, 0x7A},
    {0x2025, 0xF6},
    {0x2026, 0x7C},
    {0x2027, 0xFE},
    {0x2028, 0x60},
    {0x2029, 0x81},
    {0x202A, 0x20},
    {0x202B, 0x46},
    {0x202C, 0x7A},
    {0x202D, 0xF6},
    {0x202E, 0x5C},
    {0x202F, 0xFE},
    {0x2030, 0xA0},
    {0x2031, 0x61},
    {0x2032, 0xF8},
    {0x2033, 0xBD},
    {0x2034, 0xC8},
    {0x2035, 0x39},
    {0x2036, 0x18},
    {0x2037, 0x00},
    {0x2038, 0xFF},
    {0x2039, 0xFF},
    {0x203A, 0x00},
    {0x203B, 0x00},
    {0x203C, 0xF8},
    {0x203D, 0xB5},
    {0x203E, 0x47},
    {0x203F, 0x4E},
    {0x2040, 0x04},
    {0x2041, 0x46},
    {0x2042, 0xF0},
    {0x2043, 0x68},
    {0x2044, 0x00},
    {0x2045, 0x90},
    {0x2046, 0xB0},
    {0x2047, 0x8A},
    {0x2048, 0x45},
    {0x2049, 0x4A},
    {0x204A, 0x01},
    {0x204B, 0x21},
    {0x204C, 0x92},
    {0x204D, 0xF6},
    {0x204E, 0x8E},
    {0x204F, 0xF8},
    {0x2050, 0x09},
    {0x2051, 0x21},
    {0x2052, 0x89},
    {0x2053, 0x01},
    {0x2054, 0x65},
    {0x2055, 0x18},
    {0x2056, 0xE8},
    {0x2057, 0x80},
    {0x2058, 0x42},
    {0x2059, 0x4A},
    {0x205A, 0x01},
    {0x205B, 0x21},
    {0x205C, 0x30},
    {0x205D, 0x69},
    {0x205E, 0x92},
    {0x205F, 0xF6},
    {0x2060, 0x8C},
    {0x2061, 0xF8},
    {0x2062, 0xE6},
    {0x2063, 0x1D},
    {0x2064, 0xFF},
    {0x2065, 0x36},
    {0x2066, 0xFA},
    {0x2067, 0x36},
    {0x2068, 0x01},
    {0x2069, 0x46},
    {0x206A, 0xB0},
    {0x206B, 0x64},
    {0x206C, 0x00},
    {0x206D, 0x98},
    {0x206E, 0x3E},
    {0x206F, 0x4F},
    {0x2070, 0x08},
    {0x2071, 0x18},
    {0x2072, 0xF0},
    {0x2073, 0x64},
    {0x2074, 0xB8},
    {0x2075, 0x89},
    {0x2076, 0x3A},
    {0x2077, 0x4A},
    {0x2078, 0x80},
    {0x2079, 0xB2},
    {0x207A, 0x01},
    {0x207B, 0x21},
    {0x207C, 0x92},
    {0x207D, 0xF6},
    {0x207E, 0x76},
    {0x207F, 0xF8},
    {0x2080, 0x28},
    {0x2081, 0x80},
    {0x2082, 0x00},
    {0x2083, 0x22},
    {0x2084, 0xD2},
    {0x2085, 0x43},
    {0x2086, 0x01},
    {0x2087, 0x21},
    {0x2088, 0xF8},
    {0x2089, 0x6A},
    {0x208A, 0x92},
    {0x208B, 0xF6},
    {0x208C, 0x76},
    {0x208D, 0xF8},
    {0x208E, 0x01},
    {0x208F, 0x46},
    {0x2090, 0xB0},
    {0x2091, 0x63},
    {0x2092, 0x00},
    {0x2093, 0x98},
    {0x2094, 0x08},
    {0x2095, 0x18},
    {0x2096, 0xF0},
    {0x2097, 0x63},
    {0x2098, 0x34},
    {0x2099, 0x48},
    {0x209A, 0x7D},
    {0x209B, 0x21},
    {0x209C, 0x40},
    {0x209D, 0x69},
    {0x209E, 0xC9},
    {0x209F, 0x00},
    {0x20A0, 0x6E},
    {0x20A1, 0xF6},
    {0x20A2, 0x9C},
    {0x20A3, 0xF9},
    {0x20A4, 0x00},
    {0x20A5, 0x22},
    {0x20A6, 0xD2},
    {0x20A7, 0x43},
    {0x20A8, 0x01},
    {0x20A9, 0x21},
    {0x20AA, 0x92},
    {0x20AB, 0xF6},
    {0x20AC, 0x66},
    {0x20AD, 0xF8},
    {0x20AE, 0xF0},
    {0x20AF, 0x65},
    {0x20B0, 0x38},
    {0x20B1, 0x6F},
    {0x20B2, 0xFF},
    {0x20B3, 0x22},
    {0x20B4, 0x00},
    {0x20B5, 0x14},
    {0x20B6, 0xA8},
    {0x20B7, 0x82},
    {0x20B8, 0x38},
    {0x20B9, 0x46},
    {0x20BA, 0x80},
    {0x20BB, 0x38},
    {0x20BC, 0x00},
    {0x20BD, 0x90},
    {0x20BE, 0xC0},
    {0x20BF, 0x6E},
    {0x20C0, 0x01},
    {0x20C1, 0x21},
    {0x20C2, 0xC0},
    {0x20C3, 0x03},
    {0x20C4, 0xC0},
    {0x20C5, 0x0F},
    {0x20C6, 0x28},
    {0x20C7, 0x71},
    {0x20C8, 0x38},
    {0x20C9, 0x46},
    {0x20CA, 0x20},
    {0x20CB, 0x38},
    {0x20CC, 0x00},
    {0x20CD, 0x7D},
    {0x20CE, 0x92},
    {0x20CF, 0xF6},
    {0x20D0, 0x6B},
    {0x20D1, 0xF8},
    {0x20D2, 0xA8},
    {0x20D3, 0x75},
    {0x20D4, 0x00},
    {0x20D5, 0x98},
    {0x20D6, 0x00},
    {0x20D7, 0x22},
    {0x20D8, 0x00},
    {0x20D9, 0x6F},
    {0x20DA, 0xD2},
    {0x20DB, 0x43},
    {0x20DC, 0xC0},
    {0x20DD, 0x07},
    {0x20DE, 0xC0},
    {0x20DF, 0x0F},
    {0x20E0, 0xE8},
    {0x20E1, 0x75},
    {0x20E2, 0x01},
    {0x20E3, 0x21},
    {0x20E4, 0xF8},
    {0x20E5, 0x69},
    {0x20E6, 0x92},
    {0x20E7, 0xF6},
    {0x20E8, 0x48},
    {0x20E9, 0xF8},
    {0x20EA, 0xB0},
    {0x20EB, 0x65},
    {0x20EC, 0xB8},
    {0x20ED, 0x8F},
    {0x20EE, 0xFF},
    {0x20EF, 0x22},
    {0x20F0, 0xC0},
    {0x20F1, 0xB2},
    {0x20F2, 0x01},
    {0x20F3, 0x21},
    {0x20F4, 0x92},
    {0x20F5, 0xF6},
    {0x20F6, 0x58},
    {0x20F7, 0xF8},
    {0x20F8, 0x68},
    {0x20F9, 0x71},
    {0x20FA, 0x47},
    {0x20FB, 0x20},
    {0x20FC, 0xC0},
    {0x20FD, 0x00},
    {0x20FE, 0x20},
    {0x20FF, 0x18},
    {0x2100, 0x04},
    {0x2101, 0x46},
    {0x2102, 0x7A},
    {0x2103, 0xF6},
    {0x2104, 0x0D},
    {0x2105, 0xFE},
    {0x2106, 0x68},
    {0x2107, 0x80},
    {0x2108, 0x20},
    {0x2109, 0x46},
    {0x210A, 0x7A},
    {0x210B, 0xF6},
    {0x210C, 0xED},
    {0x210D, 0xFD},
    {0x210E, 0x30},
    {0x210F, 0x65},
    {0x2110, 0x00},
    {0x2111, 0x98},
    {0x2112, 0x13},
    {0x2113, 0x4A},
    {0x2114, 0x80},
    {0x2115, 0x6F},
    {0x2116, 0x00},
    {0x2117, 0x21},
    {0x2118, 0x80},
    {0x2119, 0xB2},
    {0x211A, 0x7A},
    {0x211B, 0xF6},
    {0x211C, 0x9D},
    {0x211D, 0xFF},
    {0x211E, 0x28},
    {0x211F, 0x84},
    {0x2120, 0x38},
    {0x2121, 0x68},
    {0x2122, 0x0F},
    {0x2123, 0x4A},
    {0x2124, 0x00},
    {0x2125, 0x0C},
    {0x2126, 0x00},
    {0x2127, 0x21},
    {0x2128, 0x7A},
    {0x2129, 0xF6},
    {0x212A, 0x96},
    {0x212B, 0xFF},
    {0x212C, 0xA8},
    {0x212D, 0x84},
    {0x212E, 0x38},
    {0x212F, 0x88},
    {0x2130, 0x0B},
    {0x2131, 0x4A},
    {0x2132, 0x80},
    {0x2133, 0xB2},
    {0x2134, 0x00},
    {0x2135, 0x21},
    {0x2136, 0x7A},
    {0x2137, 0xF6},
    {0x2138, 0x8F},
    {0x2139, 0xFF},
    {0x213A, 0x68},
    {0x213B, 0x84},
    {0x213C, 0xB8},
    {0x213D, 0x68},
    {0x213E, 0x08},
    {0x213F, 0x4A},
    {0x2140, 0x00},
    {0x2141, 0x0C},
    {0x2142, 0x00},
    {0x2143, 0x21},
    {0x2144, 0x7A},
    {0x2145, 0xF6},
    {0x2146, 0x88},
    {0x2147, 0xFF},
    {0x2148, 0xE8},
    {0x2149, 0x84},
    {0x214A, 0x38},
    {0x214B, 0x46},
    {0x214C, 0x40},
    {0x214D, 0x30},
    {0x214E, 0xC0},
    {0x214F, 0x8E},
    {0x2150, 0x03},
    {0x2151, 0x4A},
    {0x2152, 0x00},
    {0x2153, 0x21},
    {0x2154, 0x92},
    {0x2155, 0xF6},
    {0x2156, 0x0A},
    {0x2157, 0xF8},
    {0x2158, 0x30},
    {0x2159, 0x84},
    {0x215A, 0xF8},
    {0x215B, 0xBD},
    {0x215C, 0x48},
    {0x215D, 0x1D},
    {0x215E, 0x18},
    {0x215F, 0x00},
    {0x2160, 0xFF},
    {0x2161, 0xFF},
    {0x2162, 0x00},
    {0x2163, 0x00},
    {0x2164, 0xFF},
    {0x2165, 0xFF},
    {0x2166, 0x03},
    {0x2167, 0x00},
    {0x2168, 0x48},
    {0x2169, 0x3A},
    {0x216A, 0x18},
    {0x216B, 0x00},
    {0x216C, 0x48},
    {0x216D, 0x1C},
    {0x216E, 0x18},
    {0x216F, 0x00},
    {0x2170, 0x10},
    {0x2171, 0xB5},
    {0x2172, 0x00},
    {0x2173, 0xF0},
    {0x2174, 0x29},
    {0x2175, 0xF9},
    {0x2176, 0x10},
    {0x2177, 0xBD},
    {0x2178, 0x7C},
    {0x2179, 0xB5},
    {0x217A, 0x77},
    {0x217B, 0x4C},
    {0x217C, 0x06},
    {0x217D, 0x46},
    {0x217E, 0x60},
    {0x217F, 0x6D},
    {0x2180, 0x80},
    {0x2181, 0xB2},
    {0x2182, 0x9C},
    {0x2183, 0xF6},
    {0x2184, 0xB9},
    {0x2185, 0xFC},
    {0x2186, 0x05},
    {0x2187, 0x46},
    {0x2188, 0xE0},
    {0x2189, 0x6D},
    {0x218A, 0x80},
    {0x218B, 0xB2},
    {0x218C, 0x9C},
    {0x218D, 0xF6},
    {0x218E, 0xB4},
    {0x218F, 0xFC},
    {0x2190, 0x04},
    {0x2191, 0x46},
    {0x2192, 0x00},
    {0x2193, 0x2D},
    {0x2194, 0x0E},
    {0x2195, 0xD0},
    {0x2196, 0x71},
    {0x2197, 0x4A},
    {0x2198, 0x3A},
    {0x2199, 0x21},
    {0x219A, 0x30},
    {0x219B, 0x46},
    {0x219C, 0x51},
    {0x219D, 0x5E},
    {0x219E, 0x6E},
    {0x219F, 0xF6},
    {0x21A0, 0x11},
    {0x21A1, 0xFA},
    {0x21A2, 0x22},
    {0x21A3, 0x46},
    {0x21A4, 0x00},
    {0x21A5, 0x23},
    {0x21A6, 0x6D},
    {0x21A7, 0xF6},
    {0x21A8, 0xD6},
    {0x21A9, 0xFF},
    {0x21AA, 0x2A},
    {0x21AB, 0x46},
    {0x21AC, 0x00},
    {0x21AD, 0x23},
    {0x21AE, 0x6D},
    {0x21AF, 0xF6},
    {0x21B0, 0xEA},
    {0x21B1, 0xFF},
    {0x21B2, 0x01},
    {0x21B3, 0xE0},
    {0x21B4, 0x6A},
    {0x21B5, 0x48},
    {0x21B6, 0x00},
    {0x21B7, 0x21},
    {0x21B8, 0x80},
    {0x21B9, 0x22},
    {0x21BA, 0x00},
    {0x21BB, 0x23},
    {0x21BC, 0x6D},
    {0x21BD, 0xF6},
    {0x21BE, 0xE3},
    {0x21BF, 0xFF},
    {0x21C0, 0x68},
    {0x21C1, 0x4A},
    {0x21C2, 0x00},
    {0x21C3, 0x23},
    {0x21C4, 0x00},
    {0x21C5, 0x92},
    {0x21C6, 0x01},
    {0x21C7, 0x93},
    {0x21C8, 0xD2},
    {0x21C9, 0x43},
    {0x21CA, 0xD3},
    {0x21CB, 0x13},
    {0x21CC, 0x91},
    {0x21CD, 0xF6},
    {0x21CE, 0xBE},
    {0x21CF, 0xFF},
    {0x21D0, 0x00},
    {0x21D1, 0xB2},
    {0x21D2, 0x7C},
    {0x21D3, 0xBD},
    {0x21D4, 0xF0},
    {0x21D5, 0xB5},
    {0x21D6, 0x64},
    {0x21D7, 0x48},
    {0x21D8, 0x64},
    {0x21D9, 0x21},
    {0x21DA, 0xC0},
    {0x21DB, 0x7B},
    {0x21DC, 0x91},
    {0x21DD, 0xB0},
    {0x21DE, 0x48},
    {0x21DF, 0x43},
    {0x21E0, 0x62},
    {0x21E1, 0x49},
    {0x21E2, 0x64},
    {0x21E3, 0x4A},
    {0x21E4, 0x44},
    {0x21E5, 0x18},
    {0x21E6, 0x62},
    {0x21E7, 0x48},
    {0x21E8, 0x0B},
    {0x21E9, 0x90},
    {0x21EA, 0x08},
    {0x21EB, 0x30},
    {0x21EC, 0x0A},
    {0x21ED, 0x90},
    {0x21EE, 0x61},
    {0x21EF, 0x48},
    {0x21F0, 0x02},
    {0x21F1, 0x90},
    {0x21F2, 0x08},
    {0x21F3, 0x30},
    {0x21F4, 0x03},
    {0x21F5, 0x90},
    {0x21F6, 0x08},
    {0x21F7, 0x30},
    {0x21F8, 0x04},
    {0x21F9, 0x90},
    {0x21FA, 0x08},
    {0x21FB, 0x30},
    {0x21FC, 0x05},
    {0x21FD, 0x90},
    {0x21FE, 0x08},
    {0x21FF, 0x30},
    {0x2200, 0x06},
    {0x2201, 0x90},
    {0x2202, 0x08},
    {0x2203, 0x30},
    {0x2204, 0x07},
    {0x2205, 0x90},
    {0x2206, 0x08},
    {0x2207, 0x30},
    {0x2208, 0x08},
    {0x2209, 0x90},
    {0x220A, 0x08},
    {0x220B, 0x30},
    {0x220C, 0x09},
    {0x220D, 0x90},
    {0x220E, 0x40},
    {0x220F, 0x34},
    {0x2210, 0x3E},
    {0x2211, 0x3A},
    {0x2212, 0x2A},
    {0x2213, 0x21},
    {0x2214, 0x20},
    {0x2215, 0x8C},
    {0x2216, 0x51},
    {0x2217, 0x5E},
    {0x2218, 0x40},
    {0x2219, 0x01},
    {0x221A, 0x48},
    {0x221B, 0x43},
    {0x221C, 0xFF},
    {0x221D, 0x32},
    {0x221E, 0x41},
    {0x221F, 0x32},
    {0x2220, 0x06},
    {0x2221, 0x21},
    {0x2222, 0x51},
    {0x2223, 0x5E},
    {0x2224, 0x91},
    {0x2225, 0xF6},
    {0x2226, 0xBA},
    {0x2227, 0xFC},
    {0x2228, 0x05},
    {0x2229, 0x46},
    {0x222A, 0x4B},
    {0x222B, 0x48},
    {0x222C, 0x40},
    {0x222D, 0x6D},
    {0x222E, 0x80},
    {0x222F, 0xB2},
    {0x2230, 0x9C},
    {0x2231, 0xF6},
    {0x2232, 0x62},
    {0x2233, 0xFC},
    {0x2234, 0x02},
    {0x2235, 0x46},
    {0x2236, 0xE9},
    {0x2237, 0x17},
    {0x2238, 0x00},
    {0x2239, 0x23},
    {0x223A, 0x28},
    {0x223B, 0x46},
    {0x223C, 0x6D},
    {0x223D, 0xF6},
    {0x223E, 0x8B},
    {0x223F, 0xFF},
    {0x2240, 0x20},
    {0x2241, 0x22},
    {0x2242, 0x00},
    {0x2243, 0x23},
    {0x2244, 0x6D},
    {0x2245, 0xF6},
    {0x2246, 0x9F},
    {0x2247, 0xFF},
    {0x2248, 0x4B},
    {0x2249, 0x4A},
    {0x224A, 0x00},
    {0x224B, 0x23},
    {0x224C, 0x00},
    {0x224D, 0x92},
    {0x224E, 0x01},
    {0x224F, 0x93},
    {0x2250, 0x52},
    {0x2251, 0x05},
    {0x2252, 0x53},
    {0x2253, 0x15},
    {0x2254, 0x91},
    {0x2255, 0xF6},
    {0x2256, 0x7A},
    {0x2257, 0xFF},
    {0x2258, 0x00},
    {0x2259, 0x25},
    {0x225A, 0x0D},
    {0x225B, 0x90},
    {0x225C, 0x6F},
    {0x225D, 0x00},
    {0x225E, 0xE1},
    {0x225F, 0x5F},
    {0x2260, 0x0D},
    {0x2261, 0x98},
    {0x2262, 0x09},
    {0x2263, 0x18},
    {0x2264, 0x0B},
    {0x2265, 0x98},
    {0x2266, 0xC6},
    {0x2267, 0x5F},
    {0x2268, 0x30},
    {0x2269, 0x46},
    {0x226A, 0x6E},
    {0x226B, 0xF6},
    {0x226C, 0xAB},
    {0x226D, 0xF9},
    {0x226E, 0x01},
    {0x226F, 0x22},
    {0x2270, 0x92},
    {0x2271, 0x02},
    {0x2272, 0x00},
    {0x2273, 0x23},
    {0x2274, 0x6D},
    {0x2275, 0xF6},
    {0x2276, 0x87},
    {0x2277, 0xFF},
    {0x2278, 0x0A},
    {0x2279, 0x99},
    {0x227A, 0xC9},
    {0x227B, 0x5F},
    {0x227C, 0x09},
    {0x227D, 0x18},
    {0x227E, 0x00},
    {0x227F, 0x2E},
    {0x2280, 0x02},
    {0x2281, 0xDD},
    {0x2282, 0x00},
    {0x2283, 0x29},
    {0x2284, 0x02},
    {0x2285, 0xDB},
    {0x2286, 0x02},
    {0x2287, 0xE0},
    {0x2288, 0x00},
    {0x2289, 0x29},
    {0x228A, 0x00},
    {0x228B, 0xDD},
    {0x228C, 0x00},
    {0x228D, 0x21},
    {0x228E, 0xC8},
    {0x228F, 0x17},
    {0x2290, 0x40},
    {0x2291, 0x0F},
    {0x2292, 0x40},
    {0x2293, 0x18},
    {0x2294, 0x33},
    {0x2295, 0x4A},
    {0x2296, 0xC0},
    {0x2297, 0x10},
    {0x2298, 0xD1},
    {0x2299, 0x43},
    {0x229A, 0x91},
    {0x229B, 0xF6},
    {0x229C, 0x50},
    {0x229D, 0xFF},
    {0x229E, 0xAE},
    {0x229F, 0x00},
    {0x22A0, 0x02},
    {0x22A1, 0xA9},
    {0x22A2, 0x89},
    {0x22A3, 0x59},
    {0x22A4, 0x00},
    {0x22A5, 0xB2},
    {0x22A6, 0x08},
    {0x22A7, 0x80},
    {0x22A8, 0xFF},
    {0x22A9, 0xF7},
    {0x22AA, 0x66},
    {0x22AB, 0xFF},
    {0x22AC, 0x06},
    {0x22AD, 0xA9},
    {0x22AE, 0x89},
    {0x22AF, 0x59},
    {0x22B0, 0x6D},
    {0x22B1, 0x1C},
    {0x22B2, 0x08},
    {0x22B3, 0x80},
    {0x22B4, 0x04},
    {0x22B5, 0x2D},
    {0x22B6, 0xD1},
    {0x22B7, 0xD3},
    {0x22B8, 0x11},
    {0x22B9, 0xB0},
    {0x22BA, 0xF0},
    {0x22BB, 0xBD},
    {0x22BC, 0x2D},
    {0x22BD, 0x48},
    {0x22BE, 0x10},
    {0x22BF, 0xB5},
    {0x22C0, 0x7E},
    {0x22C1, 0x38},
    {0x22C2, 0x80},
    {0x22C3, 0x6E},
    {0x22C4, 0x2D},
    {0x22C5, 0x49},
    {0x22C6, 0xC0},
    {0x22C7, 0x05},
    {0x22C8, 0xC2},
    {0x22C9, 0x0F},
    {0x22CA, 0x29},
    {0x22CB, 0x48},
    {0x22CC, 0xFF},
    {0x22CD, 0x23},
    {0x22CE, 0x00},
    {0x22CF, 0x7C},
    {0x22D0, 0x01},
    {0x22D1, 0x33},
    {0x22D2, 0xC4},
    {0x22D3, 0x07},
    {0x22D4, 0xE4},
    {0x22D5, 0x0F},
    {0x22D6, 0x48},
    {0x22D7, 0x6C},
    {0x22D8, 0x00},
    {0x22D9, 0x2A},
    {0x22DA, 0x06},
    {0x22DB, 0xD0},
    {0x22DC, 0x00},
    {0x22DD, 0x2C},
    {0x22DE, 0x04},
    {0x22DF, 0xD0},
    {0x22E0, 0x18},
    {0x22E1, 0x43},
    {0x22E2, 0x48},
    {0x22E3, 0x64},
    {0x22E4, 0xFF},
    {0x22E5, 0xF7},
    {0x22E6, 0x76},
    {0x22E7, 0xFF},
    {0x22E8, 0x01},
    {0x22E9, 0xE0},
    {0x22EA, 0x98},
    {0x22EB, 0x43},
    {0x22EC, 0x48},
    {0x22ED, 0x64},
    {0x22EE, 0x88},
    {0x22EF, 0xF6},
    {0x22F0, 0xC5},
    {0x22F1, 0xFD},
    {0x22F2, 0x10},
    {0x22F3, 0xBD},
    {0x22F4, 0x70},
    {0x22F5, 0xB5},
    {0x22F6, 0x1C},
    {0x22F7, 0x48},
    {0x22F8, 0x64},
    {0x22F9, 0x21},
    {0x22FA, 0x20},
    {0x22FB, 0x38},
    {0x22FC, 0x00},
    {0x22FD, 0x7E},
    {0x22FE, 0x20},
    {0x22FF, 0x4A},
    {0x2300, 0x48},
    {0x2301, 0x43},
    {0x2302, 0x1A},
    {0x2303, 0x49},
    {0x2304, 0x40},
    {0x2305, 0x18},
    {0x2306, 0x62},
    {0x2307, 0x21},
    {0x2308, 0x09},
    {0x2309, 0x5C},
    {0x230A, 0x01},
    {0x230B, 0x29},
    {0x230C, 0x0F},
    {0x230D, 0xD0},
    {0x230E, 0x00},
    {0x230F, 0x21},
    {0x2310, 0x1C},
    {0x2311, 0x4D},
    {0x2312, 0x03},
    {0x2313, 0x46},
    {0x2314, 0x40},
    {0x2315, 0x33},
    {0x2316, 0x4C},
    {0x2317, 0x00},
    {0x2318, 0x16},
    {0x2319, 0x5B},
    {0x231A, 0x24},
    {0x231B, 0x18},
    {0x231C, 0x40},
    {0x231D, 0x34},
    {0x231E, 0x26},
    {0x231F, 0x80},
    {0x2320, 0x2C},
    {0x2321, 0x6B},
    {0x2322, 0x49},
    {0x2323, 0x1C},
    {0x2324, 0x64},
    {0x2325, 0x05},
    {0x2326, 0x64},
    {0x2327, 0x0D},
    {0x2328, 0x1C},
    {0x2329, 0x84},
    {0x232A, 0x10},
    {0x232B, 0x29},
    {0x232C, 0xF3},
    {0x232D, 0xD3},
    {0x232E, 0x70},
    {0x232F, 0xBD},
    {0x2330, 0x10},
    {0x2331, 0x48},
    {0x2332, 0x10},
    {0x2333, 0xB5},
    {0x2334, 0x82},
    {0x2335, 0x30},
    {0x2336, 0xC0},
    {0x2337, 0x6F},
    {0x2338, 0xC0},
    {0x2339, 0x01},
    {0x233A, 0x0B},
    {0x233B, 0xD4},
    {0x233C, 0x00},
    {0x233D, 0xF0},
    {0x233E, 0x6A},
    {0x233F, 0xF9},
    {0x2340, 0xFF},
    {0x2341, 0xF7},
    {0x2342, 0xD8},
    {0x2343, 0xFF},
    {0x2344, 0xFF},
    {0x2345, 0xF7},
    {0x2346, 0xBA},
    {0x2347, 0xFF},
    {0x2348, 0x88},
    {0x2349, 0xF6},
    {0x234A, 0xF8},
    {0x234B, 0xFE},
    {0x234C, 0x00},
    {0x234D, 0xF0},
    {0x234E, 0x95},
    {0x234F, 0xF8},
    {0x2350, 0x00},
    {0x2351, 0xF0},
    {0x2352, 0x45},
    {0x2353, 0xF9},
    {0x2354, 0x10},
    {0x2355, 0xBD},
    {0x2356, 0x00},
    {0x2357, 0x00},
    {0x2358, 0x48},
    {0x2359, 0x3A},
    {0x235A, 0x18},
    {0x235B, 0x00},
    {0x235C, 0xC8},
    {0x235D, 0x77},
    {0x235E, 0x18},
    {0x235F, 0x00},
    {0x2360, 0x80},
    {0x2361, 0xFF},
    {0x2362, 0x3F},
    {0x2363, 0x00},
    {0x2364, 0xFF},
    {0x2365, 0x7F},
    {0x2366, 0x00},
    {0x2367, 0x00},
    {0x2368, 0xE8},
    {0x2369, 0x1C},
    {0x236A, 0x18},
    {0x236B, 0x00},
    {0x236C, 0x00},
    {0x236D, 0xE0},
    {0x236E, 0x18},
    {0x236F, 0x00},
    {0x2370, 0xC8},
    {0x2371, 0x3C},
    {0x2372, 0x18},
    {0x2373, 0x00},
    {0x2374, 0x46},
    {0x2375, 0x6E},
    {0x2376, 0x18},
    {0x2377, 0x00},
    {0x2378, 0xFF},
    {0x2379, 0xFF},
    {0x237A, 0x1F},
    {0x237B, 0x00},
    {0x237C, 0xC8},
    {0x237D, 0x27},
    {0x237E, 0x18},
    {0x237F, 0x00},
    {0x2380, 0x40},
    {0x2381, 0x10},
    {0x2382, 0x03},
    {0x2383, 0xA0},
    {0x2384, 0x00},
    {0x2385, 0x52},
    {0x2386, 0x01},
    {0x2387, 0xA0},
    {0x2388, 0x70},
    {0x2389, 0xB5},
    {0x238A, 0x06},
    {0x238B, 0x4C},
    {0x238C, 0xA5},
    {0x238D, 0x69},
    {0x238E, 0xE6},
    {0x238F, 0x6A},
    {0x2390, 0x2D},
    {0x2391, 0x09},
    {0x2392, 0x36},
    {0x2393, 0x01},
    {0x2394, 0x2D},
    {0x2395, 0x01},
    {0x2396, 0x36},
    {0x2397, 0x0F},
    {0x2398, 0x35},
    {0x2399, 0x43},
    {0x239A, 0xA5},
    {0x239B, 0x61},
    {0x239C, 0x8B},
    {0x239D, 0xF6},
    {0x239E, 0xFE},
    {0x239F, 0xFF},
    {0x23A0, 0x70},
    {0x23A1, 0xBD},
    {0x23A2, 0x00},
    {0x23A3, 0x00},
    {0x23A4, 0xC8},
    {0x23A5, 0x1C},
    {0x23A6, 0x18},
    {0x23A7, 0x00},
    {0x23A8, 0x05},
    {0x23A9, 0x49},
    {0x23AA, 0x06},
    {0x23AB, 0x22},
    {0x23AC, 0xCA},
    {0x23AD, 0x70},
    {0x23AE, 0x00},
    {0x23AF, 0x02},
    {0x23B0, 0x01},
    {0x23B1, 0x21},
    {0x23B2, 0x00},
    {0x23B3, 0x0A},
    {0x23B4, 0x49},
    {0x23B5, 0x07},
    {0x23B6, 0x40},
    {0x23B7, 0x18},
    {0x23B8, 0x02},
    {0x23B9, 0x49},
    {0x23BA, 0xC8},
    {0x23BB, 0x60},
    {0x23BC, 0x70},
    {0x23BD, 0x47},
    {0x23BE, 0x00},
    {0x23BF, 0x00},
    {0x23C0, 0x00},
    {0x23C1, 0x41},
    {0x23C2, 0x00},
    {0x23C3, 0x40},
    {0x23C4, 0x00},
    {0x23C5, 0x41},
    {0x23C6, 0x00},
    {0x23C7, 0x40},
    {0x23C8, 0xF0},
    {0x23C9, 0xB5},
    {0x23CA, 0xA6},
    {0x23CB, 0x4C},
    {0x23CC, 0xA4},
    {0x23CD, 0x49},
    {0x23CE, 0x23},
    {0x23CF, 0x46},
    {0x23D0, 0x20},
    {0x23D1, 0x33},
    {0x23D2, 0x00},
    {0x23D3, 0x20},
    {0x23D4, 0x42},
    {0x23D5, 0x00},
    {0x23D6, 0x8D},
    {0x23D7, 0x5A},
    {0x23D8, 0xA5},
    {0x23D9, 0x52},
    {0x23DA, 0x40},
    {0x23DB, 0x1C},
    {0x23DC, 0x8D},
    {0x23DD, 0x5A},
    {0x23DE, 0xC0},
    {0x23DF, 0xB2},
    {0x23E0, 0x9D},
    {0x23E1, 0x52},
    {0x23E2, 0x10},
    {0x23E3, 0x28},
    {0x23E4, 0xF6},
    {0x23E5, 0xD3},
    {0x23E6, 0x9F},
    {0x23E7, 0x48},
    {0x23E8, 0x00},
    {0x23E9, 0x23},
    {0x23EA, 0x6A},
    {0x23EB, 0x30},
    {0x23EC, 0x83},
    {0x23ED, 0x75},
    {0x23EE, 0xC0},
    {0x23EF, 0x30},
    {0x23F0, 0xC3},
    {0x23F1, 0x71},
    {0x23F2, 0x1C},
    {0x23F3, 0x46},
    {0x23F4, 0x64},
    {0x23F5, 0x20},
    {0x23F6, 0x9C},
    {0x23F7, 0x4A},
    {0x23F8, 0x60},
    {0x23F9, 0x43},
    {0x23FA, 0x80},
    {0x23FB, 0x18},
    {0x23FC, 0x00},
    {0x23FD, 0x22},
    {0x23FE, 0x55},
    {0x23FF, 0x00},
    {0x2400, 0x4E},
    {0x2401, 0x5B},
    {0x2402, 0x46},
    {0x2403, 0x53},
    {0x2404, 0x4F},
    {0x2405, 0x5B},
    {0x2406, 0x2E},
    {0x2407, 0x18},
    {0x2408, 0x37},
    {0x2409, 0x84},
    {0x240A, 0x40},
    {0x240B, 0x36},
    {0x240C, 0x52},
    {0x240D, 0x1C},
    {0x240E, 0x4D},
    {0x240F, 0x5B},
    {0x2410, 0xD2},
    {0x2411, 0xB2},
    {0x2412, 0x35},
    {0x2413, 0x80},
    {0x2414, 0x10},
    {0x2415, 0x2A},
    {0x2416, 0xF2},
    {0x2417, 0xD3},
    {0x2418, 0x60},
    {0x2419, 0x22},
    {0x241A, 0x13},
    {0x241B, 0x52},
    {0x241C, 0x60},
    {0x241D, 0x30},
    {0x241E, 0x64},
    {0x241F, 0x1C},
    {0x2420, 0x83},
    {0x2421, 0x70},
    {0x2422, 0x06},
    {0x2423, 0x2C},
    {0x2424, 0xE6},
    {0x2425, 0xD3},
    {0x2426, 0xF0},
    {0x2427, 0xBD},
    {0x2428, 0xF0},
    {0x2429, 0xB5},
    {0x242A, 0x8D},
    {0x242B, 0x4A},
    {0x242C, 0x8D},
    {0x242D, 0x4E},
    {0x242E, 0x10},
    {0x242F, 0x46},
    {0x2430, 0x2E},
    {0x2431, 0x30},
    {0x2432, 0x80},
    {0x2433, 0x7F},
    {0x2434, 0x00},
    {0x2435, 0x28},
    {0x2436, 0x1F},
    {0x2437, 0xD0},
    {0x2438, 0x00},
    {0x2439, 0x21},
    {0x243A, 0x64},
    {0x243B, 0x20},
    {0x243C, 0x8A},
    {0x243D, 0x4B},
    {0x243E, 0x48},
    {0x243F, 0x43},
    {0x2440, 0xC4},
    {0x2441, 0x18},
    {0x2442, 0x00},
    {0x2443, 0x20},
    {0x2444, 0x43},
    {0x2445, 0x00},
    {0x2446, 0xD5},
    {0x2447, 0x5A},
    {0x2448, 0xE5},
    {0x2449, 0x52},
    {0x244A, 0xD7},
    {0x244B, 0x5A},
    {0x244C, 0x1D},
    {0x244D, 0x19},
    {0x244E, 0x2F},
    {0x244F, 0x84},
    {0x2450, 0x40},
    {0x2451, 0x35},
    {0x2452, 0x40},
    {0x2453, 0x1C},
    {0x2454, 0xD3},
    {0x2455, 0x5A},
    {0x2456, 0xC0},
    {0x2457, 0xB2},
    {0x2458, 0x2B},
    {0x2459, 0x80},
    {0x245A, 0x10},
    {0x245B, 0x28},
    {0x245C, 0xF2},
    {0x245D, 0xD3},
    {0x245E, 0x00},
    {0x245F, 0x20},
    {0x2460, 0x40},
    {0x2461, 0x34},
    {0x2462, 0x49},
    {0x2463, 0x1C},
    {0x2464, 0x20},
    {0x2465, 0x84},
    {0x2466, 0x06},
    {0x2467, 0x29},
    {0x2468, 0xE7},
    {0x2469, 0xD3},
    {0x246A, 0x41},
    {0x246B, 0x00},
    {0x246C, 0x40},
    {0x246D, 0x1C},
    {0x246E, 0x53},
    {0x246F, 0x5A},
    {0x2470, 0xC0},
    {0x2471, 0xB2},
    {0x2472, 0x73},
    {0x2473, 0x52},
    {0x2474, 0x10},
    {0x2475, 0x28},
    {0x2476, 0xF8},
    {0x2477, 0xD3},
    {0x2478, 0xF0},
    {0x2479, 0xBD},
    {0x247A, 0xF0},
    {0x247B, 0xB5},
    {0x247C, 0x7B},
    {0x247D, 0x48},
    {0x247E, 0x64},
    {0x247F, 0x21},
    {0x2480, 0xC0},
    {0x2481, 0x7B},
    {0x2482, 0x87},
    {0x2483, 0xB0},
    {0x2484, 0x48},
    {0x2485, 0x43},
    {0x2486, 0x78},
    {0x2487, 0x49},
    {0x2488, 0x46},
    {0x2489, 0x18},
    {0x248A, 0x76},
    {0x248B, 0x48},
    {0x248C, 0x06},
    {0x248D, 0x90},
    {0x248E, 0x07},
    {0x248F, 0x46},
    {0x2490, 0x40},
    {0x2491, 0x37},
    {0x2492, 0x60},
    {0x2493, 0x30},
    {0x2494, 0x01},
    {0x2495, 0x90},
    {0x2496, 0x00},
    {0x2497, 0x20},
    {0x2498, 0x42},
    {0x2499, 0x00},
    {0x249A, 0x91},
    {0x249B, 0x19},
    {0x249C, 0x40},
    {0x249D, 0x31},
    {0x249E, 0x40},
    {0x249F, 0x1C},
    {0x24A0, 0x09},
    {0x24A1, 0x88},
    {0x24A2, 0xC0},
    {0x24A3, 0xB2},
    {0x24A4, 0xB9},
    {0x24A5, 0x52},
    {0x24A6, 0x10},
    {0x24A7, 0x28},
    {0x24A8, 0xF6},
    {0x24A9, 0xD3},
    {0x24AA, 0x70},
    {0x24AB, 0x48},
    {0x24AC, 0x20},
    {0x24AD, 0x38},
    {0x24AE, 0x00},
    {0x24AF, 0x79},
    {0x24B0, 0xC0},
    {0x24B1, 0x07},
    {0x24B2, 0x03},
    {0x24B3, 0xD0},
    {0x24B4, 0xFF},
    {0x24B5, 0xF7},
    {0x24B6, 0xB8},
    {0x24B7, 0xFF},
    {0x24B8, 0x07},
    {0x24B9, 0xB0},
    {0x24BA, 0xF0},
    {0x24BB, 0xBD},
    {0x24BC, 0x68},
    {0x24BD, 0x48},
    {0x24BE, 0x17},
    {0x24BF, 0x21},
    {0x24C0, 0x0E},
    {0x24C1, 0x30},
    {0x24C2, 0x05},
    {0x24C3, 0x90},
    {0x24C4, 0x40},
    {0x24C5, 0x8F},
    {0x24C6, 0x04},
    {0x24C7, 0x90},
    {0x24C8, 0x68},
    {0x24C9, 0x48},
    {0x24CA, 0xC9},
    {0x24CB, 0x01},
    {0x24CC, 0xA0},
    {0x24CD, 0x38},
    {0x24CE, 0x41},
    {0x24CF, 0x18},
    {0x24D0, 0x03},
    {0x24D1, 0x91},
    {0x24D2, 0x67},
    {0x24D3, 0x49},
    {0x24D4, 0x00},
    {0x24D5, 0x25},
    {0x24D6, 0x40},
    {0x24D7, 0x18},
    {0x24D8, 0x02},
    {0x24D9, 0x90},
    {0x24DA, 0x6C},
    {0x24DB, 0x00},
    {0x24DC, 0x38},
    {0x24DD, 0x5F},
    {0x24DE, 0x00},
    {0x24DF, 0x90},
    {0x24E0, 0x03},
    {0x24E1, 0x98},
    {0x24E2, 0x40},
    {0x24E3, 0x6C},
    {0x24E4, 0xC0},
    {0x24E5, 0x05},
    {0x24E6, 0x15},
    {0x24E7, 0xD5},
    {0x24E8, 0x08},
    {0x24E9, 0x2D},
    {0x24EA, 0x13},
    {0x24EB, 0xD2},
    {0x24EC, 0x02},
    {0x24ED, 0x98},
    {0x24EE, 0x00},
    {0x24EF, 0x7F},
    {0x24F0, 0x00},
    {0x24F1, 0x28},
    {0x24F2, 0x02},
    {0x24F3, 0xD0},
    {0x24F4, 0x02},
    {0x24F5, 0x28},
    {0x24F6, 0x0A},
    {0x24F7, 0xD0},
    {0x24F8, 0x0C},
    {0x24F9, 0xE0},
    {0x24FA, 0x01},
    {0x24FB, 0x98},
    {0x24FC, 0x5D},
    {0x24FD, 0x4A},
    {0x24FE, 0x01},
    {0x24FF, 0x5F},
    {0x2500, 0x00},
    {0x2501, 0x98},
    {0x2502, 0x08},
    {0x2503, 0x18},
    {0x2504, 0xD1},
    {0x2505, 0x43},
    {0x2506, 0x91},
    {0x2507, 0xF6},
    {0x2508, 0x1A},
    {0x2509, 0xFE},
    {0x250A, 0x00},
    {0x250B, 0xB2},
    {0x250C, 0x01},
    {0x250D, 0xE0},
    {0x250E, 0x01},
    {0x250F, 0x98},
    {0x2510, 0x00},
    {0x2511, 0x5F},
    {0x2512, 0x00},
    {0x2513, 0x90},
    {0x2514, 0x31},
    {0x2515, 0x5F},
    {0x2516, 0x00},
    {0x2517, 0x98},
    {0x2518, 0x40},
    {0x2519, 0x1A},
    {0x251A, 0x91},
    {0x251B, 0xF6},
    {0x251C, 0x2B},
    {0x251D, 0xFA},
    {0x251E, 0x04},
    {0x251F, 0x99},
    {0x2520, 0x88},
    {0x2521, 0x42},
    {0x2522, 0x0A},
    {0x2523, 0xD9},
    {0x2524, 0x05},
    {0x2525, 0x98},
    {0x2526, 0x31},
    {0x2527, 0x5F},
    {0x2528, 0x02},
    {0x2529, 0x8F},
    {0x252A, 0x00},
    {0x252B, 0x98},
    {0x252C, 0x91},
    {0x252D, 0xF6},
    {0x252E, 0x72},
    {0x252F, 0xFA},
    {0x2530, 0x50},
    {0x2531, 0x4A},
    {0x2532, 0xD1},
    {0x2533, 0x43},
    {0x2534, 0x91},
    {0x2535, 0xF6},
    {0x2536, 0x03},
    {0x2537, 0xFE},
    {0x2538, 0x30},
    {0x2539, 0x53},
    {0x253A, 0x06},
    {0x253B, 0x98},
    {0x253C, 0x6D},
    {0x253D, 0x1C},
    {0x253E, 0x31},
    {0x253F, 0x5B},
    {0x2540, 0xED},
    {0x2541, 0xB2},
    {0x2542, 0x01},
    {0x2543, 0x53},
    {0x2544, 0x10},
    {0x2545, 0x2D},
    {0x2546, 0xC8},
    {0x2547, 0xD3},
    {0x2548, 0xB6},
    {0x2549, 0xE7},
    {0x254A, 0xFE},
    {0x254B, 0xB5},
    {0x254C, 0x47},
    {0x254D, 0x48},
    {0x254E, 0x64},
    {0x254F, 0x21},
    {0x2550, 0xC0},
    {0x2551, 0x7B},
    {0x2552, 0x44},
    {0x2553, 0x4E},
    {0x2554, 0x48},
    {0x2555, 0x43},
    {0x2556, 0x44},
    {0x2557, 0x49},
    {0x2558, 0x20},
    {0x2559, 0x36},
    {0x255A, 0x45},
    {0x255B, 0x18},
    {0x255C, 0x30},
    {0x255D, 0x46},
    {0x255E, 0x40},
    {0x255F, 0x30},
    {0x2560, 0x01},
    {0x2561, 0x90},
    {0x2562, 0x42},
    {0x2563, 0x48},
    {0x2564, 0x20},
    {0x2565, 0x38},
    {0x2566, 0x00},
    {0x2567, 0x79},
    {0x2568, 0xC0},
    {0x2569, 0x07},
    {0x256A, 0x03},
    {0x256B, 0xD1},
    {0x256C, 0x62},
    {0x256D, 0x20},
    {0x256E, 0x40},
    {0x256F, 0x5D},
    {0x2570, 0x01},
    {0x2571, 0x28},
    {0x2572, 0x0B},
    {0x2573, 0xD0},
    {0x2574, 0x3B},
    {0x2575, 0x48},
    {0x2576, 0x00},
    {0x2577, 0x24},
    {0x2578, 0xEA},
    {0x2579, 0x30},
    {0x257A, 0x00},
    {0x257B, 0x90},
    {0x257C, 0x40},
    {0x257D, 0x6C},
    {0x257E, 0xC0},
    {0x257F, 0x05},
    {0x2580, 0x15},
    {0x2581, 0xD5},
    {0x2582, 0x08},
    {0x2583, 0x2C},
    {0x2584, 0x13},
    {0x2585, 0xD2},
    {0x2586, 0x60},
    {0x2587, 0x00},
    {0x2588, 0x2F},
    {0x2589, 0x5E},
    {0x258A, 0x1A},
    {0x258B, 0xE0},
    {0x258C, 0x00},
    {0x258D, 0x24},
    {0x258E, 0x60},
    {0x258F, 0x00},
    {0x2590, 0x47},
    {0x2591, 0x19},
    {0x2592, 0x00},
    {0x2593, 0x90},
    {0x2594, 0x20},
    {0x2595, 0x21},
    {0x2596, 0x79},
    {0x2597, 0x5E},
    {0x2598, 0x20},
    {0x2599, 0x46},
    {0x259A, 0x88},
    {0x259B, 0xF6},
    {0x259C, 0x95},
    {0x259D, 0xFC},
    {0x259E, 0x00},
    {0x259F, 0x98},
    {0x25A0, 0x64},
    {0x25A1, 0x1C},
    {0x25A2, 0x39},
    {0x25A3, 0x8C},
    {0x25A4, 0xE4},
    {0x25A5, 0xB2},
    {0x25A6, 0x31},
    {0x25A7, 0x52},
    {0x25A8, 0x10},
    {0x25A9, 0x2C},
    {0x25AA, 0xF0},
    {0x25AB, 0xD3},
    {0x25AC, 0xFE},
    {0x25AD, 0xBD},
    {0x25AE, 0x60},
    {0x25AF, 0x00},
    {0x25B0, 0x01},
    {0x25B1, 0x99},
    {0x25B2, 0x2A},
    {0x25B3, 0x5E},
    {0x25B4, 0x08},
    {0x25B5, 0x5E},
    {0x25B6, 0x10},
    {0x25B7, 0x18},
    {0x25B8, 0x2E},
    {0x25B9, 0x4A},
    {0x25BA, 0xD1},
    {0x25BB, 0x43},
    {0x25BC, 0x91},
    {0x25BD, 0xF6},
    {0x25BE, 0xBF},
    {0x25BF, 0xFD},
    {0x25C0, 0x07},
    {0x25C1, 0xB2},
    {0x25C2, 0x39},
    {0x25C3, 0x46},
    {0x25C4, 0x20},
    {0x25C5, 0x46},
    {0x25C6, 0x88},
    {0x25C7, 0xF6},
    {0x25C8, 0x7F},
    {0x25C9, 0xFC},
    {0x25CA, 0x60},
    {0x25CB, 0x00},
    {0x25CC, 0x41},
    {0x25CD, 0x19},
    {0x25CE, 0x64},
    {0x25CF, 0x1C},
    {0x25D0, 0x0F},
    {0x25D1, 0x84},
    {0x25D2, 0xE4},
    {0x25D3, 0xB2},
    {0x25D4, 0x37},
    {0x25D5, 0x52},
    {0x25D6, 0x10},
    {0x25D7, 0x2C},
    {0x25D8, 0xE8},
    {0x25D9, 0xD2},
    {0x25DA, 0x00},
    {0x25DB, 0x98},
    {0x25DC, 0xCE},
    {0x25DD, 0xE7},
    {0x25DE, 0x20},
    {0x25DF, 0x48},
    {0x25E0, 0x10},
    {0x25E1, 0xB5},
    {0x25E2, 0x2E},
    {0x25E3, 0x30},
    {0x25E4, 0x01},
    {0x25E5, 0x7F},
    {0x25E6, 0x01},
    {0x25E7, 0x29},
    {0x25E8, 0x0A},
    {0x25E9, 0xD0},
    {0x25EA, 0x02},
    {0x25EB, 0x29},
    {0x25EC, 0x0B},
    {0x25ED, 0xD0},
    {0x25EE, 0x40},
    {0x25EF, 0x7F},
    {0x25F0, 0x00},
    {0x25F1, 0x28},
    {0x25F2, 0x0C},
    {0x25F3, 0xD0},
    {0x25F4, 0x88},
    {0x25F5, 0xF6},
    {0x25F6, 0x7A},
    {0x25F7, 0xFD},
    {0x25F8, 0x00},
    {0x25F9, 0x20},
    {0x25FA, 0x88},
    {0x25FB, 0xF6},
    {0x25FC, 0x83},
    {0x25FD, 0xFC},
    {0x25FE, 0x10},
    {0x25FF, 0xBD},
    {0x2600, 0x88},
    {0x2601, 0xF6},
    {0x2602, 0x60},
    {0x2603, 0xFD},
    {0x2604, 0x01},
    {0x2605, 0xE0},
    {0x2606, 0x9C},
    {0x2607, 0xF6},
    {0x2608, 0x52},
    {0x2609, 0xFD},
    {0x260A, 0x01},
    {0x260B, 0x20},
    {0x260C, 0xF5},
    {0x260D, 0xE7},
    {0x260E, 0xFF},
    {0x260F, 0xF7},
    {0x2610, 0x9C},
    {0x2611, 0xFF},
    {0x2612, 0xF1},
    {0x2613, 0xE7},
    {0x2614, 0xF8},
    {0x2615, 0xB5},
    {0x2616, 0x18},
    {0x2617, 0x48},
    {0x2618, 0x00},
    {0x2619, 0x90},
    {0x261A, 0xC4},
    {0x261B, 0x79},
    {0x261C, 0x10},
    {0x261D, 0x48},
    {0x261E, 0x64},
    {0x261F, 0x21},
    {0x2620, 0x0E},
    {0x2621, 0x30},
    {0x2622, 0xC7},
    {0x2623, 0x8E},
    {0x2624, 0x86},
    {0x2625, 0x8E},
    {0x2626, 0x0F},
    {0x2627, 0x48},
    {0x2628, 0x6A},
    {0x2629, 0x30},
    {0x262A, 0x84},
    {0x262B, 0x75},
    {0x262C, 0x0F},
    {0x262D, 0x48},
    {0x262E, 0x20},
    {0x262F, 0x38},
    {0x2630, 0x00},
    {0x2631, 0x7E},
    {0x2632, 0x48},
    {0x2633, 0x43},
    {0x2634, 0x0C},
    {0x2635, 0x49},
    {0x2636, 0x45},
    {0x2637, 0x18},
    {0x2638, 0x09},
    {0x2639, 0x48},
    {0x263A, 0x32},
    {0x263B, 0x38},
    {0x263C, 0x00},
    {0x263D, 0x6F},
    {0x263E, 0x80},
    {0x263F, 0x03},
    {0x2640, 0x80},
    {0x2641, 0x0F},
    {0x2642, 0x88},
    {0x2643, 0xF6},
    {0x2644, 0x2F},
    {0x2645, 0xFC},
    {0x2646, 0xB8},
    {0x2647, 0x42},
    {0x2648, 0x01},
    {0x2649, 0xD9},
    {0x264A, 0x01},
    {0x264B, 0x24},
    {0x264C, 0x02},
    {0x264D, 0xE0},
    {0x264E, 0xB0},
    {0x264F, 0x42},
    {0x2650, 0x00},
    {0x2651, 0xD8},
    {0x2652, 0x00},
    {0x2653, 0x24},
    {0x2654, 0x00},
    {0x2655, 0x98},
    {0x2656, 0x60},
    {0x2657, 0x35},
    {0x2658, 0xC4},
    {0x2659, 0x71},
    {0x265A, 0xAC},
    {0x265B, 0x70},
    {0x265C, 0xF8},
    {0x265D, 0xBD},
    {0x265E, 0x00},
    {0x265F, 0x00},
    {0x2660, 0xFA},
    {0x2661, 0x6E},
    {0x2662, 0x18},
    {0x2663, 0x00},
    {0x2664, 0xDE},
    {0x2665, 0x26},
    {0x2666, 0x18},
    {0x2667, 0x00},
    {0x2668, 0x00},
    {0x2669, 0xE0},
    {0x266A, 0x18},
    {0x266B, 0x00},
    {0x266C, 0xE8},
    {0x266D, 0x1C},
    {0x266E, 0x18},
    {0x266F, 0x00},
    {0x2670, 0xE0},
    {0x2671, 0x52},
    {0x2672, 0x00},
    {0x2673, 0x00},
    {0x2674, 0xFF},
    {0x2675, 0x7F},
    {0x2676, 0x00},
    {0x2677, 0x00},
    {0x2678, 0x08},
    {0x2679, 0x28},
    {0x267A, 0x18},
    {0x267B, 0x00},
    {0x267C, 0x28},
    {0x267D, 0x95},
    {0x267E, 0x00},
    {0x267F, 0x00},
    {0x2680, 0x91},
    {0x2681, 0x70},
    {0x2682, 0x00},
    {0x2683, 0x00},
    {0x2684, 0x4F},
    {0x2685, 0xA1},
    {0x2686, 0x00},
    {0x2687, 0x00},
    {0x3C00, 0x51},
    {0x3C01, 0x10},
    {0x3C02, 0x19},
    {0x3C03, 0x00},
    {0x3C04, 0x00},
    {0x3C05, 0x00},
    {0x3C06, 0x00},
    {0x3C07, 0x00},
    {0x3C08, 0x00},
    {0x3C09, 0x00},
    {0x3C0A, 0x00},
    {0x3C0B, 0x00},
    {0x3C0C, 0x00},
    {0x3C0D, 0x00},
    {0x3C0E, 0x00},
    {0x3C0F, 0x00},
    {0x3C10, 0x57},
    {0x3C11, 0x11},
    {0x3C12, 0x19},
    {0x3C13, 0x00},
    {0x3C14, 0x00},
    {0x3C15, 0x00},
    {0x3C16, 0x00},
    {0x3C17, 0x00},
    {0x3C18, 0x00},
    {0x3C19, 0x00},
    {0x3C1A, 0x00},
    {0x3C1B, 0x00},
    {0x3C1C, 0x00},
    {0x3C1D, 0x00},
    {0x3C1E, 0x00},
    {0x3C1F, 0x00},
    {0x3C20, 0x00},
    {0x3C21, 0x00},
    {0x3C22, 0x00},
    {0x3C23, 0x00},
    {0x3C24, 0x00},
    {0x3C25, 0x00},
    {0x3C26, 0x00},
    {0x3C27, 0x00},
    {0x3C28, 0x00},
    {0x3C29, 0x00},
    {0x3C2A, 0x00},
    {0x3C2B, 0x00},
    {0x3C2C, 0x00},
    {0x3C2D, 0x00},
    {0x3C2E, 0x00},
    {0x3C2F, 0x00},
    {0x3C30, 0x00},
    {0x3C31, 0x00},
    {0x3C32, 0x00},
    {0x3C33, 0x00},
    {0x3C34, 0x00},
    {0x3C35, 0x00},
    {0x3C36, 0x00},
    {0x3C37, 0x00},
    {0x3C38, 0x00},
    {0x3C39, 0x00},
    {0x3C3A, 0x00},
    {0x3C3B, 0x00},
    {0x3C3C, 0x00},
    {0x3C3D, 0x00},
    {0x3C3E, 0x00},
    {0x3C3F, 0x00},
    {0x3C40, 0x00},
    {0x3C41, 0x00},
    {0x3C42, 0x00},
    {0x3C43, 0x00},
    {0x3C44, 0x00},
    {0x3C45, 0x00},
    {0x3C46, 0x00},
    {0x3C47, 0x00},
    {0x3C48, 0x00},
    {0x3C49, 0x00},
    {0x3C4A, 0x00},
    {0x3C4B, 0x00},
    {0x3C4C, 0x69},
    {0x3C4D, 0x13},
    {0x3C4E, 0x19},
    {0x3C4F, 0x00},
    {0x3C50, 0x79},
    {0x3C51, 0x13},
    {0x3C52, 0x19},
    {0x3C53, 0x00},
    {0x3C54, 0x00},
    {0x3C55, 0x00},
    {0x3C56, 0x00},
    {0x3C57, 0x00},
    {0x3C58, 0x00},
    {0x3C59, 0x00},
    {0x3C5A, 0x00},
    {0x3C5B, 0x00},
    {0x3C5C, 0x9D},
    {0x3C5D, 0x1F},
    {0x3C5E, 0x19},
    {0x3C5F, 0x00},
    {0x3C60, 0xCF},
    {0x3C61, 0x14},
    {0x3C62, 0x19},
    {0x3C63, 0x00},
    {0x3C64, 0xA5},
    {0x3C65, 0x15},
    {0x3C66, 0x19},
    {0x3C67, 0x00},
    {0x3C68, 0xD1},
    {0x3C69, 0x15},
    {0x3C6A, 0x19},
    {0x3C6B, 0x00},
    {0x3C6C, 0x00},
    {0x3C6D, 0x00},
    {0x3C6E, 0x00},
    {0x3C6F, 0x00},
    {0x3C70, 0x00},
    {0x3C71, 0x00},
    {0x3C72, 0x00},
    {0x3C73, 0x00},
    {0x3C74, 0x00},
    {0x3C75, 0x00},
    {0x3C76, 0x00},
    {0x3C77, 0x00},
    {0x3C78, 0x00},
    {0x3C79, 0x00},
    {0x3C7A, 0x00},
    {0x3C7B, 0x00},
    {0x3C7C, 0x00},
    {0x3C7D, 0x00},
    {0x3C7E, 0x00},
    {0x3C7F, 0x00},
    {0x3C80, 0x00},
    {0x3C81, 0x00},
    {0x3C82, 0x00},
    {0x3C83, 0x00},
    {0x3C84, 0x00},
    {0x3C85, 0x00},
    {0x3C86, 0x00},
    {0x3C87, 0x00},
    {0x3C88, 0x00},
    {0x3C89, 0x00},
    {0x3C8A, 0x00},
    {0x3C8B, 0x00},
    {0x3C8C, 0x00},
    {0x3C8D, 0x00},
    {0x3C8E, 0x00},
    {0x3C8F, 0x00},
    {0x3C90, 0x00},
    {0x3C91, 0x00},
    {0x3C92, 0x00},
    {0x3C93, 0x00},
    {0x3C94, 0x00},
    {0x3C95, 0x00},
    {0x3C96, 0x00},
    {0x3C97, 0x00},
    {0x3C98, 0x00},
    {0x3C99, 0x00},
    {0x3C9A, 0x00},
    {0x3C9B, 0x00},
    {0x3C9C, 0x00},
    {0x3C9D, 0x00},
    {0x3C9E, 0x00},
    {0x3C9F, 0x00},
    {0x3CA0, 0x00},
    {0x3CA1, 0x00},
    {0x3CA2, 0x00},
    {0x3CA3, 0x00},
    {0x3CA4, 0x00},
    {0x3CA5, 0x00},
    {0x3CA6, 0x00},
    {0x3CA7, 0x00},
    {0x3CA8, 0x00},
    {0x3CA9, 0x00},
    {0x3CAA, 0x00},
    {0x3CAB, 0x00},
    {0x3CAC, 0x00},
    {0x3CAD, 0x00},
    {0x3CAE, 0x00},
    {0x3CAF, 0x00},
    {0x3CB0, 0x00},
    {0x3CB1, 0x00},
    {0x3CB2, 0x00},
    {0x3CB3, 0x00},
    {0x3CB4, 0x00},
    {0x3CB5, 0x00},
    {0x3CB6, 0x00},
    {0x3CB7, 0x00},
    {0x3CB8, 0x00},
    {0x3CB9, 0x00},
    {0x3CBA, 0x00},
    {0x3CBB, 0x00},
    {0x3CBC, 0x00},
    {0x3CBD, 0x00},
    {0x3CBE, 0x00},
    {0x3CBF, 0x00},
    {0x3CC0, 0x00},
    {0x3CC1, 0x00},
    {0x3CC2, 0x00},
    {0x3CC3, 0x00},
    {0x3CC4, 0x00},
    {0x3CC5, 0x00},
    {0x3CC6, 0x00},
    {0x3CC7, 0x00},
    {0x3CC8, 0x00},
    {0x3CC9, 0x00},
    {0x3CCA, 0x00},
    {0x3CCB, 0x00},
    {0x3CCC, 0x00},
    {0x3CCD, 0x00},
    {0x3CCE, 0x00},
    {0x3CCF, 0x00},
    {0x3CD0, 0x00},
    {0x3CD1, 0x00},
    {0x3CD2, 0x00},
    {0x3CD3, 0x00},
    {0xFFFF, 0x00},
    {0xFFFF, 0x00}, // scene table
    {0x8B38, 0x01},
    {0x8B39, 0x02},
    {0x8B3A, 0xCE},
    {0x8B3B, 0x0A},
    {0x8B3C, 0x00},
    {0x8B3D, 0x10},
    {0x8B3E, 0x11},
    {0x9BC0, 0x8F},
    {0x9BC1, 0x03},
    {0x9BC2, 0x0C},
    {0x9BC3, 0x06},
    {0x9BC4, 0xFF},
    {0x9BC5, 0x12},
    {0x9BC6, 0x00},
    {0x9BC7, 0x02},
    {0x9BC8, 0x27},
    {0x9BC9, 0x00},
    {0x9BCA, 0xFF},
    {0x9BCB, 0x00},
    {0x9BCC, 0x00},
    {0x9BCD, 0x01},
    {0x9BCE, 0x01},
    {0x9BCF, 0x02},
    {0x9BD0, 0x02},
    {0x9BD1, 0x03},
    {0x9BD2, 0x03},
    {0x9BD3, 0x04},
    {0x9BD4, 0x04},
    {0x9BD5, 0x05},
    {0x9BD6, 0x05},
    {0x9BD7, 0x20},
    {0x9BD8, 0xFC},
    {0x9BD9, 0x1F},
    {0x9BDA, 0x01},
    {0x9BDB, 0x21},
    {0x9BDC, 0x2C},
    {0x9BDD, 0x00},
    {0x9BDE, 0x0E},
    {0x9BDF, 0x20},
    {0x9BE0, 0xFC},
    {0x9BE1, 0x1F},
    {0x9BE2, 0x02},
    {0x9BE3, 0x21},
    {0x9BE4, 0x3A},
    {0x9BE5, 0x00},
    {0x9BE6, 0x08},
    {0x9BE7, 0x21},
    {0x9BE8, 0x4A},
    {0x9BE9, 0x00},
    {0x9BEA, 0x02},
    {0x9BEB, 0x20},
    {0x9BEC, 0xFC},
    {0x9BED, 0x1F},
    {0x9BEE, 0x02},
    {0x9BEF, 0x26},
    {0x9BF0, 0x68},
    {0x9BF1, 0x00},
    {0x9BF2, 0x04},
    {0x9BF3, 0x2A},
    {0x9BF4, 0x50},
    {0x9BF5, 0x00},
    {0x9BF6, 0x08},
    {0x9BF7, 0x2E},
    {0x9BF8, 0x38},
    {0x9BF9, 0x00},
    {0x9BFA, 0x08},
    {0x9BFB, 0x28},
    {0x9BFC, 0xFC},
    {0x9BFD, 0x00},
    {0x9BFE, 0x18},
    {0x9BFF, 0x72},
    {0x9C00, 0x00},
    {0x9C01, 0x00},
    {0x9C02, 0x40},
    {0x9C03, 0x20},
    {0x9C04, 0xFC},
    {0x9C05, 0x1F},
    {0x9C06, 0x03},
    {0x9C07, 0x00},
    {0x9C08, 0x4A},
    {0x9C09, 0x01},
    {0x9C0A, 0x00},
    {0x9C0B, 0x00},
    {0x9C0C, 0x01},
    {0x9C0D, 0x00},
    {0x9C0E, 0x00},
    {0x9C0F, 0x00},
    {0x9C10, 0x4A},
    {0x9C11, 0x01},
    {0x9C12, 0x00},
    {0x9C13, 0x00},
    {0x9C14, 0x01},
    {0x9C15, 0x00},
    {0x9C16, 0x00},
    {0x9C17, 0x00},
    {0x9C1C, 0x64},
    {0x9C1D, 0x00},
    {0x9C1E, 0x00},
    {0x9C1F, 0x00},
    {0x9C24, 0x00},
    {0x9C25, 0x00},
    {0x9C26, 0x00},
    {0x9C27, 0x80},
    {0x9C28, 0x00},
    {0x9C29, 0x01},
    {0x9C2A, 0x00},
    {0x9C2B, 0x01},
    {0x9C2C, 0x00},
    {0x9C2D, 0x01},
    {0x9C2E, 0x00},
    {0x9C2F, 0x01},
    {0x9C38, 0x00},
    {0x9C39, 0x10},
    {0x9C3A, 0x00},
    {0x9C3B, 0x10},
    {0x9C3C, 0x00},
    {0x9C3D, 0x10},
    {0x9C3E, 0x00},
    {0x9C3F, 0x10},
    {0x9C40, 0x00},
    {0x9C41, 0x10},
    {0x9C42, 0x00},
    {0x9C43, 0x10},
    {0x9C44, 0x00},
    {0x9C45, 0x10},
    {0x9C46, 0x00},
    {0x9C47, 0x10},
    {0x9C48, 0x00},
    {0x9C49, 0x10},
    {0x9C4A, 0x00},
    {0x9C4B, 0x10},
    {0x9C4C, 0x00},
    {0x9C4D, 0x10},
    {0x9C4E, 0x00},
    {0x9C4F, 0x10},
    {0x9C50, 0x80},
    {0x9C51, 0x00},
    {0x9C52, 0x00},
    {0x9C53, 0x00},
    {0x9C58, 0x00},
    {0x9C59, 0x00},
    {0x9C5A, 0x80},
    {0x9C5B, 0x00},
    {0x9C64, 0x80},
    {0x9C65, 0x00},
    {0x9C66, 0x00},
    {0x9C67, 0x00},
    {0x9C6C, 0x00},
    {0x9C6D, 0x00},
    {0x9C6E, 0x80},
    {0x9C6F, 0x00},
    {0x9C70, 0x80},
    {0x9C71, 0x00},
    {0x9C72, 0x00},
    {0x9C73, 0x00},
    {0x9C78, 0x00},
    {0x9C79, 0x00},
    {0x9C7A, 0x80},
    {0x9C7B, 0x00},
    {0x9C84, 0x80},
    {0x9C85, 0x00},
    {0x9C86, 0x00},
    {0x9C87, 0x00},
    {0x9C8C, 0x00},
    {0x9C8D, 0x00},
    {0x9C8E, 0x80},
    {0x9C8F, 0x00},
    {0x9C94, 0x4A},
    {0x9C95, 0x01},
    {0x9C96, 0x00},
    {0x9C97, 0x00},
    {0x9C98, 0x01},
    {0x9C99, 0x00},
    {0x9C9A, 0x00},
    {0x9C9B, 0x00},
    {0x9C9C, 0x4A},
    {0x9C9D, 0x01},
    {0x9C9E, 0x00},
    {0x9C9F, 0x00},
    {0x9CA0, 0x01},
    {0x9CA1, 0x00},
    {0x9CA2, 0x00},
    {0x9CA3, 0x00},
    {0x9CA8, 0x64},
    {0x9CA9, 0x00},
    {0x9CAA, 0x00},
    {0x9CAB, 0x00},
    {0x9CB0, 0x00},
    {0x9CB1, 0x00},
    {0x9CB2, 0x00},
    {0x9CB3, 0x80},
    {0x9CB4, 0x00},
    {0x9CB5, 0x01},
    {0x9CB6, 0x00},
    {0x9CB7, 0x01},
    {0x9CB8, 0x00},
    {0x9CB9, 0x01},
    {0x9CBA, 0x00},
    {0x9CBB, 0x01},
    {0x9CC4, 0x00},
    {0x9CC5, 0x10},
    {0x9CC6, 0x00},
    {0x9CC7, 0x10},
    {0x9CC8, 0x00},
    {0x9CC9, 0x10},
    {0x9CCA, 0x00},
    {0x9CCB, 0x10},
    {0x9CCC, 0x00},
    {0x9CCD, 0x10},
    {0x9CCE, 0x00},
    {0x9CCF, 0x10},
    {0x9CD0, 0x00},
    {0x9CD1, 0x10},
    {0x9CD2, 0x00},
    {0x9CD3, 0x10},
    {0x9CD4, 0x00},
    {0x9CD5, 0x10},
    {0x9CD6, 0x00},
    {0x9CD7, 0x10},
    {0x9CD8, 0x00},
    {0x9CD9, 0x10},
    {0x9CDA, 0x00},
    {0x9CDB, 0x10},
    {0x9CDC, 0x80},
    {0x9CDD, 0x00},
    {0x9CDE, 0x00},
    {0x9CDF, 0x00},
    {0x9CE4, 0x00},
    {0x9CE5, 0x00},
    {0x9CE6, 0x80},
    {0x9CE7, 0x00},
    {0x9CF0, 0x80},
    {0x9CF1, 0x00},
    {0x9CF2, 0x00},
    {0x9CF3, 0x00},
    {0x9CF8, 0x00},
    {0x9CF9, 0x00},
    {0x9CFA, 0x80},
    {0x9CFB, 0x00},
    {0x9CFC, 0x80},
    {0x9CFD, 0x00},
    {0x9CFE, 0x00},
    {0x9CFF, 0x00},
    {0x9D04, 0x00},
    {0x9D05, 0x00},
    {0x9D06, 0x80},
    {0x9D07, 0x00},
    {0x9D10, 0x80},
    {0x9D11, 0x00},
    {0x9D12, 0x00},
    {0x9D13, 0x00},
    {0x9D18, 0x00},
    {0x9D19, 0x00},
    {0x9D1A, 0x80},
    {0x9D1B, 0x00},
    {0x9D20, 0x4A},
    {0x9D21, 0x01},
    {0x9D22, 0x00},
    {0x9D23, 0x00},
    {0x9D24, 0x01},
    {0x9D25, 0x00},
    {0x9D26, 0x00},
    {0x9D27, 0x00},
    {0x9D28, 0x4A},
    {0x9D29, 0x01},
    {0x9D2A, 0x00},
    {0x9D2B, 0x00},
    {0x9D2C, 0x01},
    {0x9D2D, 0x00},
    {0x9D2E, 0x00},
    {0x9D2F, 0x00},
    {0x9D34, 0x64},
    {0x9D35, 0x00},
    {0x9D36, 0x00},
    {0x9D37, 0x00},
    {0x9D3C, 0x00},
    {0x9D3D, 0x00},
    {0x9D3E, 0x00},
    {0x9D3F, 0x80},
    {0x9D40, 0x00},
    {0x9D41, 0x01},
    {0x9D42, 0x00},
    {0x9D43, 0x01},
    {0x9D44, 0x00},
    {0x9D45, 0x01},
    {0x9D46, 0x00},
    {0x9D47, 0x01},
    {0x9D50, 0x00},
    {0x9D51, 0x10},
    {0x9D52, 0x00},
    {0x9D53, 0x10},
    {0x9D54, 0x00},
    {0x9D55, 0x10},
    {0x9D56, 0x00},
    {0x9D57, 0x10},
    {0x9D58, 0x00},
    {0x9D59, 0x10},
    {0x9D5A, 0x00},
    {0x9D5B, 0x10},
    {0x9D5C, 0x00},
    {0x9D5D, 0x10},
    {0x9D5E, 0x00},
    {0x9D5F, 0x10},
    {0x9D60, 0x00},
    {0x9D61, 0x10},
    {0x9D62, 0x00},
    {0x9D63, 0x10},
    {0x9D64, 0x00},
    {0x9D65, 0x10},
    {0x9D66, 0x00},
    {0x9D67, 0x10},
    {0x9D68, 0x80},
    {0x9D69, 0x00},
    {0x9D6A, 0x00},
    {0x9D6B, 0x00},
    {0x9D70, 0x00},
    {0x9D71, 0x00},
    {0x9D72, 0x80},
    {0x9D73, 0x00},
    {0x9D7C, 0x80},
    {0x9D7D, 0x00},
    {0x9D7E, 0x00},
    {0x9D7F, 0x00},
    {0x9D84, 0x00},
    {0x9D85, 0x00},
    {0x9D86, 0x80},
    {0x9D87, 0x00},
    {0x9D88, 0x80},
    {0x9D89, 0x00},
    {0x9D8A, 0x00},
    {0x9D8B, 0x00},
    {0x9D90, 0x00},
    {0x9D91, 0x00},
    {0x9D92, 0x80},
    {0x9D93, 0x00},
    {0x9D9C, 0x80},
    {0x9D9D, 0x00},
    {0x9D9E, 0x00},
    {0x9D9F, 0x00},
    {0x9DA4, 0x00},
    {0x9DA5, 0x00},
    {0x9DA6, 0x80},
    {0x9DA7, 0x00},
    {0x9DAC, 0x4A},
    {0x9DAD, 0x01},
    {0x9DAE, 0x00},
    {0x9DAF, 0x00},
    {0x9DB0, 0x01},
    {0x9DB1, 0x00},
    {0x9DB2, 0x00},
    {0x9DB3, 0x00},
    {0x9DB4, 0x4A},
    {0x9DB5, 0x01},
    {0x9DB6, 0x00},
    {0x9DB7, 0x00},
    {0x9DB8, 0x01},
    {0x9DB9, 0x00},
    {0x9DBA, 0x00},
    {0x9DBB, 0x00},
    {0x9DC0, 0x64},
    {0x9DC1, 0x00},
    {0x9DC2, 0x00},
    {0x9DC3, 0x00},
    {0x9DC8, 0x00},
    {0x9DC9, 0x00},
    {0x9DCA, 0x00},
    {0x9DCB, 0x80},
    {0x9DCC, 0x00},
    {0x9DCD, 0x01},
    {0x9DCE, 0x00},
    {0x9DCF, 0x01},
    {0x9DD0, 0x00},
    {0x9DD1, 0x01},
    {0x9DD2, 0x00},
    {0x9DD3, 0x01},
    {0x9DDC, 0x00},
    {0x9DDD, 0x10},
    {0x9DDE, 0x00},
    {0x9DDF, 0x10},
    {0x9DE0, 0x00},
    {0x9DE1, 0x10},
    {0x9DE2, 0x00},
    {0x9DE3, 0x10},
    {0x9DE4, 0x00},
    {0x9DE5, 0x10},
    {0x9DE6, 0x00},
    {0x9DE7, 0x10},
    {0x9DE8, 0x00},
    {0x9DE9, 0x10},
    {0x9DEA, 0x00},
    {0x9DEB, 0x10},
    {0x9DEC, 0x00},
    {0x9DED, 0x10},
    {0x9DEE, 0x00},
    {0x9DEF, 0x10},
    {0x9DF0, 0x00},
    {0x9DF1, 0x10},
    {0x9DF2, 0x00},
    {0x9DF3, 0x10},
    {0x9DF4, 0x80},
    {0x9DF5, 0x00},
    {0x9DF6, 0x00},
    {0x9DF7, 0x00},
    {0x9DFC, 0x00},
    {0x9DFD, 0x00},
    {0x9DFE, 0x80},
    {0x9DFF, 0x00},
    {0x9E08, 0x80},
    {0x9E09, 0x00},
    {0x9E0A, 0x00},
    {0x9E0B, 0x00},
    {0x9E10, 0x00},
    {0x9E11, 0x00},
    {0x9E12, 0x80},
    {0x9E13, 0x00},
    {0x9E14, 0x80},
    {0x9E15, 0x00},
    {0x9E16, 0x00},
    {0x9E17, 0x00},
    {0x9E1C, 0x00},
    {0x9E1D, 0x00},
    {0x9E1E, 0x80},
    {0x9E1F, 0x00},
    {0x9E28, 0x80},
    {0x9E29, 0x00},
    {0x9E2A, 0x00},
    {0x9E2B, 0x00},
    {0x9E30, 0x00},
    {0x9E31, 0x00},
    {0x9E32, 0x80},
    {0x9E33, 0x00},
    {0x9E38, 0x4A},
    {0x9E39, 0x01},
    {0x9E3A, 0x00},
    {0x9E3B, 0x00},
    {0x9E3C, 0x01},
    {0x9E3D, 0x00},
    {0x9E3E, 0x00},
    {0x9E3F, 0x00},
    {0x9E40, 0x4A},
    {0x9E41, 0x01},
    {0x9E42, 0x00},
    {0x9E43, 0x00},
    {0x9E44, 0x01},
    {0x9E45, 0x00},
    {0x9E46, 0x00},
    {0x9E47, 0x00},
    {0x9E4C, 0x64},
    {0x9E4D, 0x00},
    {0x9E4E, 0x00},
    {0x9E4F, 0x00},
    {0x9E54, 0x00},
    {0x9E55, 0x00},
    {0x9E56, 0x00},
    {0x9E57, 0x80},
    {0x9E58, 0x00},
    {0x9E59, 0x01},
    {0x9E5A, 0x00},
    {0x9E5B, 0x01},
    {0x9E5C, 0x00},
    {0x9E5D, 0x01},
    {0x9E5E, 0x00},
    {0x9E5F, 0x01},
    {0x9E68, 0x00},
    {0x9E69, 0x10},
    {0x9E6A, 0x00},
    {0x9E6B, 0x10},
    {0x9E6C, 0x00},
    {0x9E6D, 0x10},
    {0x9E6E, 0x00},
    {0x9E6F, 0x10},
    {0x9E70, 0x00},
    {0x9E71, 0x10},
    {0x9E72, 0x00},
    {0x9E73, 0x10},
    {0x9E74, 0x00},
    {0x9E75, 0x10},
    {0x9E76, 0x00},
    {0x9E77, 0x10},
    {0x9E78, 0x00},
    {0x9E79, 0x10},
    {0x9E7A, 0x00},
    {0x9E7B, 0x10},
    {0x9E7C, 0x00},
    {0x9E7D, 0x10},
    {0x9E7E, 0x00},
    {0x9E7F, 0x10},
    {0x9E80, 0x80},
    {0x9E81, 0x00},
    {0x9E82, 0x00},
    {0x9E83, 0x00},
    {0x9E88, 0x00},
    {0x9E89, 0x00},
    {0x9E8A, 0x80},
    {0x9E8B, 0x00},
    {0x9E94, 0x80},
    {0x9E95, 0x00},
    {0x9E96, 0x00},
    {0x9E97, 0x00},
    {0x9E9C, 0x00},
    {0x9E9D, 0x00},
    {0x9E9E, 0x80},
    {0x9E9F, 0x00},
    {0x9EA0, 0x80},
    {0x9EA1, 0x00},
    {0x9EA2, 0x00},
    {0x9EA3, 0x00},
    {0x9EA8, 0x00},
    {0x9EA9, 0x00},
    {0x9EAA, 0x80},
    {0x9EAB, 0x00},
    {0x9EB4, 0x80},
    {0x9EB5, 0x00},
    {0x9EB6, 0x00},
    {0x9EB7, 0x00},
    {0x9EBC, 0x00},
    {0x9EBD, 0x00},
    {0x9EBE, 0x80},
    {0x9EBF, 0x00},
    {0x9EC4, 0x4A},
    {0x9EC5, 0x01},
    {0x9EC6, 0x00},
    {0x9EC7, 0x00},
    {0x9EC8, 0x01},
    {0x9EC9, 0x00},
    {0x9ECA, 0x00},
    {0x9ECB, 0x00},
    {0x9ECC, 0x4A},
    {0x9ECD, 0x01},
    {0x9ECE, 0x00},
    {0x9ECF, 0x00},
    {0x9ED0, 0x01},
    {0x9ED1, 0x00},
    {0x9ED2, 0x00},
    {0x9ED3, 0x00},
    {0x9ED8, 0x64},
    {0x9ED9, 0x00},
    {0x9EDA, 0x00},
    {0x9EDB, 0x00},
    {0x9EE0, 0x00},
    {0x9EE1, 0x00},
    {0x9EE2, 0x00},
    {0x9EE3, 0x80},
    {0x9EE4, 0x00},
    {0x9EE5, 0x01},
    {0x9EE6, 0x00},
    {0x9EE7, 0x01},
    {0x9EE8, 0x00},
    {0x9EE9, 0x01},
    {0x9EEA, 0x00},
    {0x9EEB, 0x01},
    {0x9EF4, 0x00},
    {0x9EF5, 0x10},
    {0x9EF6, 0x00},
    {0x9EF7, 0x10},
    {0x9EF8, 0x00},
    {0x9EF9, 0x10},
    {0x9EFA, 0x00},
    {0x9EFB, 0x10},
    {0x9EFC, 0x00},
    {0x9EFD, 0x10},
    {0x9EFE, 0x00},
    {0x9EFF, 0x10},
    {0x9F00, 0x00},
    {0x9F01, 0x10},
    {0x9F02, 0x00},
    {0x9F03, 0x10},
    {0x9F04, 0x00},
    {0x9F05, 0x10},
    {0x9F06, 0x00},
    {0x9F07, 0x10},
    {0x9F08, 0x00},
    {0x9F09, 0x10},
    {0x9F0A, 0x00},
    {0x9F0B, 0x10},
    {0x9F0C, 0x80},
    {0x9F0D, 0x00},
    {0x9F0E, 0x00},
    {0x9F0F, 0x00},
    {0x9F14, 0x00},
    {0x9F15, 0x00},
    {0x9F16, 0x80},
    {0x9F17, 0x00},
    {0x9F20, 0x80},
    {0x9F21, 0x00},
    {0x9F22, 0x00},
    {0x9F23, 0x00},
    {0x9F28, 0x00},
    {0x9F29, 0x00},
    {0x9F2A, 0x80},
    {0x9F2B, 0x00},
    {0x9F2C, 0x80},
    {0x9F2D, 0x00},
    {0x9F2E, 0x00},
    {0x9F2F, 0x00},
    {0x9F34, 0x00},
    {0x9F35, 0x00},
    {0x9F36, 0x80},
    {0x9F37, 0x00},
    {0x9F40, 0x80},
    {0x9F41, 0x00},
    {0x9F42, 0x00},
    {0x9F43, 0x00},
    {0x9F48, 0x00},
    {0x9F49, 0x00},
    {0x9F4A, 0x80},
    {0x9F4B, 0x00},
    {0x9F4C, 0x00},
    {0x9F4D, 0x00},
    {0x9F4E, 0x00},
    {0x9F4F, 0x3F},
    {0x9F50, 0x07},
    {0x9F51, 0x08},
    {0x9F52, 0x06},
    {0x9F53, 0xFF},
    {0x9F54, 0x12},
    {0x9F55, 0x00},
    {0x9F56, 0x02},
    {0x9F57, 0x27},
    {0x9F58, 0x00},
    {0x9F59, 0xFF},
    {0x9F5A, 0x00},
    {0x9F5B, 0x00},
    {0x9F5C, 0x01},
    {0x9F5D, 0x01},
    {0x9F5E, 0x02},
    {0x9F5F, 0x02},
    {0x9F60, 0x03},
    {0x9F61, 0x03},
    {0x9F62, 0x04},
    {0x9F63, 0x04},
    {0x9F64, 0x05},
    {0x9F65, 0x05},
    {0x9F66, 0x20},
    {0x9F67, 0xFC},
    {0x9F68, 0x1F},
    {0x9F69, 0x02},
    {0x9F6A, 0x29},
    {0x9F6B, 0x04},
    {0x9F6C, 0x00},
    {0x9F6D, 0x88},
    {0x9F6E, 0x25},
    {0x9F6F, 0x02},
    {0x9F70, 0x00},
    {0x9F71, 0x08},
    {0x9F72, 0x25},
    {0x9F73, 0x20},
    {0x9F74, 0x00},
    {0x9F75, 0x48},
    {0x9F76, 0x2C},
    {0x9F77, 0x02},
    {0x9F78, 0x00},
    {0x9F79, 0x08},
    {0x9F7A, 0x2C},
    {0x9F7B, 0x1A},
    {0x9F7C, 0x00},
    {0x9F7D, 0x40},
    {0x9F7E, 0x2C},
    {0x9F7F, 0x5B},
    {0x9F80, 0x00},
    {0x9F81, 0x08},
    {0x9F82, 0x20},
    {0x9F83, 0xFC},
    {0x9F84, 0x1F},
    {0x9F85, 0x02},
    {0x9F86, 0x00},
    {0x9F87, 0x00},
    {0xA008, 0xFF},
    {0xA009, 0xFF},
    {0xA00A, 0xFF},
    {0xA00B, 0x00},
    {0xA00C, 0xFF},
    {0xA00D, 0xFF},
    {0xA00E, 0xFF},
    {0xA00F, 0x00},
    {0xA014, 0x00},
    {0xA015, 0x01},
    {0xA016, 0x00},
    {0xA017, 0x01},
    {0xA064, 0x00},
    {0xA065, 0x01},
    {0xA066, 0x00},
    {0xA067, 0x01},
    {0xA134, 0xFF},
    {0xA135, 0xFF},
    {0xA136, 0xFF},
    {0xA137, 0x00},
    {0xA138, 0xFF},
    {0xA139, 0xFF},
    {0xA13A, 0xFF},
    {0xA13B, 0x00},
    {0xA140, 0x00},
    {0xA141, 0x01},
    {0xA142, 0x00},
    {0xA143, 0x01},
    {0xA190, 0x00},
    {0xA191, 0x01},
    {0xA192, 0x00},
    {0xA193, 0x01},
    {0xA260, 0xFF},
    {0xA261, 0xFF},
    {0xA262, 0xFF},
    {0xA263, 0x00},
    {0xA264, 0xFF},
    {0xA265, 0xFF},
    {0xA266, 0xFF},
    {0xA267, 0x00},
    {0xA26C, 0x00},
    {0xA26D, 0x01},
    {0xA26E, 0x00},
    {0xA26F, 0x01},
    {0xA2BC, 0x00},
    {0xA2BD, 0x01},
    {0xA2BE, 0x00},
    {0xA2BF, 0x01},
    {0xA38C, 0xFF},
    {0xA38D, 0xFF},
    {0xA38E, 0xFF},
    {0xA38F, 0x00},
    {0xA390, 0xFF},
    {0xA391, 0xFF},
    {0xA392, 0xFF},
    {0xA393, 0x00},
    {0xA398, 0x00},
    {0xA399, 0x01},
    {0xA39A, 0x00},
    {0xA39B, 0x01},
    {0xA3E8, 0x00},
    {0xA3E9, 0x01},
    {0xA3EA, 0x00},
    {0xA3EB, 0x01},
    {0xA4B8, 0xFF},
    {0xA4B9, 0xFF},
    {0xA4BA, 0xFF},
    {0xA4BB, 0x00},
    {0xA4BC, 0xFF},
    {0xA4BD, 0xFF},
    {0xA4BE, 0xFF},
    {0xA4BF, 0x00},
    {0xA4C4, 0x00},
    {0xA4C5, 0x01},
    {0xA4C6, 0x00},
    {0xA4C7, 0x01},
    {0xA514, 0x00},
    {0xA515, 0x01},
    {0xA516, 0x00},
    {0xA517, 0x01},
    {0xA5E4, 0xFF},
    {0xA5E5, 0xFF},
    {0xA5E6, 0xFF},
    {0xA5E7, 0x00},
    {0xA5E8, 0xFF},
    {0xA5E9, 0xFF},
    {0xA5EA, 0xFF},
    {0xA5EB, 0x00},
    {0xA5F0, 0x00},
    {0xA5F1, 0x01},
    {0xA5F2, 0x00},
    {0xA5F3, 0x01},
    {0xA640, 0x00},
    {0xA641, 0x01},
    {0x01DC, 0x00}, // iq param
    {0x01DD, 0x00},
    {0x01DE, 0x00},
    {0x01DF, 0x00},
    {0x1CE8, 0x01},
    {0x1CEE, 0x20},
    {0x1CEF, 0x00},
    {0x1CF0, 0xCC},
    {0x1CF1, 0x00},
    {0x1CF4, 0x00},
    {0x1CF5, 0x03},
    {0x1CF6, 0xF0},
    {0x1CF7, 0x03},
    {0x1D07, 0x84},
    {0x1D09, 0xB0},
    {0x1D0A, 0x40},
    {0x1D0B, 0xA0},
    {0x1D0C, 0x19},
    {0x1D0D, 0x15},
    {0x1D47, 0x96},
    {0x1D48, 0x00},
    {0x1D4B, 0x00},
    {0x1D4C, 0x00},
    {0x1D4D, 0x00},
    {0x1D4E, 0x00},
    {0x1D4F, 0x00},
    {0x1D50, 0x00},
    {0x1D51, 0x00},
    {0x1D52, 0x00},
    {0x1D53, 0x00},
    {0x1D54, 0x00},
    {0x1D55, 0x00},
    {0x1D56, 0x00},
    {0x1D57, 0x00},
    {0x1D58, 0x00},
    {0x1DCA, 0x04},
    {0x1DD2, 0x04},
    {0x1DD3, 0x03},
    {0x1DD4, 0x07},
    {0x1DD7, 0x0F},
    {0x1DDA, 0x12},
    {0x1DDB, 0x00},
    {0xABC4, 0x00},
    {0xABC5, 0x00},
    {0xABC6, 0x80},
    {0xABC7, 0x02},
    {0xABCD, 0xD8},
    {0xABCE, 0xD8},
    {0xABD1, 0xA0},
    {0xABD2, 0xC8},
    {0xABD4, 0xA0},
    {0xABD5, 0xA0},
    {0xABDE, 0x79},
    {0xABE2, 0x80},
    {0xABE3, 0x22},
    {0x9C08, 0xF8},
    {0x9C09, 0x2A},
    {0x9C0A, 0x00},
    {0x9C0B, 0x00},
    {0x9C0C, 0x03},
    {0x9C10, 0xF8},
    {0x9C11, 0x2A},
    {0x9C12, 0x00},
    {0x9C13, 0x00},
    {0x9C14, 0x03},
    {0x9C18, 0xB4},
    {0x9C19, 0x00},
    {0x9C1A, 0x2A},
    {0x9C1B, 0x00},
    {0x9C1E, 0x2A},
    {0x9C1F, 0x00},
    {0xAC0F, 0x02},
    {0xAC10, 0x20},
    {0xAC11, 0x01},
    {0xAC12, 0x11},
    {0xAC13, 0x20},
    {0xAC14, 0x10},
    {0xAC26, 0x2A},
    {0xAC32, 0x00},
    {0xAC33, 0x28},
    {0xAC34, 0x00},
    {0xAC35, 0x3C},
    {0xAC37, 0x17},
    {0xAC3B, 0x02},
    {0xAC40, 0x40},
    {0xAC41, 0x1F},
    {0xAC42, 0x00},
    {0xAC43, 0x00},
    {0xAC44, 0x02},
    {0xAC45, 0x2B},
    {0xAC46, 0x00},
    {0xAC47, 0x00},
    {0xAC4C, 0x03},
    {0xAC50, 0x01},
    {0xAC51, 0x00},
    {0xAC52, 0x00},
    {0xAC53, 0x00},
    {0xAC54, 0x01},
    {0xAC55, 0x00},
    {0xAC56, 0x00},
    {0xAC57, 0x00},
    {0xAC5C, 0x2C},
    {0xAC5D, 0x01},
    {0xAC64, 0x2C},
    {0xAC65, 0x01},
    {0xAC66, 0x2C},
    {0xAC67, 0x01},
    {0xAC68, 0x2C},
    {0xAC69, 0x01},
    {0xAC6A, 0x2C},
    {0xAC6B, 0x01},
    {0xAC74, 0x10},
    {0xAC75, 0x27},
    {0xAC78, 0x00},
    {0xAC79, 0x19},
    {0xAC7A, 0x1E},
    {0xACAB, 0x01},
    {0xACB6, 0x64},
    {0xACB7, 0x64},
    {0xACB8, 0x64},
    {0xACB9, 0x64},
    {0xACBA, 0x64},
    {0xACBB, 0x64},
    {0xACBC, 0x64},
    {0xACBD, 0x64},
    {0xACBE, 0x64},
    {0xACBF, 0x64},
    {0xACC0, 0x64},
    {0xACC1, 0x64},
    {0xACC2, 0x64},
    {0xACC3, 0x64},
    {0xACC4, 0x64},
    {0xACC5, 0x64},
    {0xACC6, 0x64},
    {0xACC7, 0x64},
    {0xACC8, 0x64},
    {0xACC9, 0x64},
    {0xACCA, 0x64},
    {0xACCB, 0x64},
    {0xACCC, 0x64},
    {0xACCD, 0x64},
    {0xACCE, 0x64},
    {0xACCF, 0x64},
    {0xACD0, 0x64},
    {0xACD1, 0x64},
    {0xACD2, 0x64},
    {0xACD3, 0x64},
    {0xACD4, 0x64},
    {0xACD6, 0x64},
    {0xACD7, 0x64},
    {0xACD8, 0x64},
    {0xACD9, 0x64},
    {0xACDA, 0x64},
    {0xACDB, 0x64},
    {0xACDC, 0x64},
    {0xACDD, 0x64},
    {0xACDE, 0x64},
    {0xACDF, 0x64},
    {0xACE0, 0x64},
    {0xACE1, 0x64},
    {0xACE2, 0x64},
    {0xACE3, 0x64},
    {0xACE4, 0x64},
    {0xACE5, 0x64},
    {0xACE6, 0x64},
    {0xACE7, 0x64},
    {0xACE8, 0x64},
    {0xACE9, 0x64},
    {0xACEA, 0x64},
    {0xACEB, 0x64},
    {0xACEC, 0x64},
    {0xACED, 0x64},
    {0xACEE, 0x64},
    {0xACEF, 0x64},
    {0xACF0, 0x64},
    {0xACF1, 0x64},
    {0xACF2, 0x64},
    {0xACF3, 0x64},
    {0xACF4, 0x64},
    {0xACF6, 0x20},
    {0xACF7, 0x00},
    {0xACF8, 0x20},
    {0xACF9, 0x00},
    {0xACFA, 0x20},
    {0xACFB, 0x00},
    {0xACFC, 0x20},
    {0xACFD, 0x00},
    {0xACFE, 0x20},
    {0xACFF, 0x00},
    {0xAD00, 0x20},
    {0xAD01, 0x00},
    {0xAD02, 0x20},
    {0xAD03, 0x00},
    {0xAD04, 0x20},
    {0xAD05, 0x00},
    {0xAD06, 0x20},
    {0xAD07, 0x00},
    {0xAD08, 0x20},
    {0xAD09, 0x00},
    {0xAD0A, 0x20},
    {0xAD0B, 0x00},
    {0xAD0C, 0x20},
    {0xAD0D, 0x00},
    {0xAD0E, 0x20},
    {0xAD0F, 0x00},
    {0xAD10, 0x20},
    {0xAD11, 0x00},
    {0xAD12, 0x6C},
    {0xAD13, 0x00},
    {0xAD14, 0xB8},
    {0xAD15, 0x00},
    {0xAD16, 0x04},
    {0xAD17, 0x01},
    {0xAD18, 0x50},
    {0xAD19, 0x01},
    {0xAD1A, 0x9D},
    {0xAD1B, 0x01},
    {0xAD1C, 0xE9},
    {0xAD1D, 0x01},
    {0xAD1E, 0x35},
    {0xAD1F, 0x02},
    {0xAD20, 0x81},
    {0xAD21, 0x02},
    {0xAD22, 0xCE},
    {0xAD23, 0x02},
    {0xAD24, 0x1A},
    {0xAD25, 0x03},
    {0xAD26, 0x66},
    {0xAD27, 0x03},
    {0xAD28, 0xB2},
    {0xAD29, 0x03},
    {0xAD36, 0x00},
    {0xAD37, 0x1E},
    {0xAD3C, 0xFF},
    {0xAD3D, 0xFF},
    {0xAD3E, 0xFF},
    {0xAD40, 0xFF},
    {0xAD41, 0xFF},
    {0xAD42, 0x1F},
    {0xAD44, 0x1C},
    {0xAD45, 0x91},
    {0xAD46, 0x21},
    {0xAD48, 0xDD},
    {0xAD49, 0x35},
    {0xAD4A, 0x23},
    {0xAD4C, 0x39},
    {0xAD4D, 0xEF},
    {0xAD4E, 0x24},
    {0xAD50, 0x31},
    {0xAD51, 0xBE},
    {0xAD52, 0x26},
    {0xAD54, 0xD4},
    {0xAD55, 0xA3},
    {0xAD56, 0x28},
    {0xAD58, 0x3E},
    {0xAD59, 0xA1},
    {0xAD5A, 0x2A},
    {0xAD5C, 0x9A},
    {0xAD5D, 0xB7},
    {0xAD5E, 0x2C},
    {0xAD60, 0x20},
    {0xAD61, 0xE8},
    {0xAD62, 0x2E},
    {0xAD64, 0x18},
    {0xAD65, 0x34},
    {0xAD66, 0x31},
    {0xAD68, 0xDB},
    {0xAD69, 0x9C},
    {0xAD6A, 0x33},
    {0xAD6C, 0xD0},
    {0xAD6D, 0x23},
    {0xAD6E, 0x36},
    {0xAD70, 0x73},
    {0xAD71, 0xCA},
    {0xAD72, 0x38},
    {0xAD74, 0x50},
    {0xAD75, 0x92},
    {0xAD76, 0x3B},
    {0xAD78, 0x08},
    {0xAD79, 0x7D},
    {0xAD7A, 0x3E},
    {0xAD7C, 0x51},
    {0xAD7D, 0x8C},
    {0xAD7E, 0x41},
    {0xAD80, 0xF4},
    {0xAD81, 0xC1},
    {0xAD82, 0x44},
    {0xAD84, 0xD2},
    {0xAD85, 0x1F},
    {0xAD86, 0x48},
    {0xAD88, 0xE3},
    {0xAD89, 0xA7},
    {0xAD8A, 0x4B},
    {0xAD8C, 0x38},
    {0xAD8D, 0x5C},
    {0xAD8E, 0x4F},
    {0xAD90, 0xFD},
    {0xAD91, 0x3E},
    {0xAD92, 0x53},
    {0xAD94, 0x77},
    {0xAD95, 0x52},
    {0xAD96, 0x57},
    {0xAD98, 0x09},
    {0xAD99, 0x99},
    {0xAD9A, 0x5B},
    {0xAD9C, 0x34},
    {0xAD9D, 0x15},
    {0xAD9E, 0x60},
    {0xADA0, 0x96},
    {0xADA1, 0xC9},
    {0xADA2, 0x64},
    {0xADA4, 0xF1},
    {0xADA5, 0xB8},
    {0xADA6, 0x69},
    {0xADA8, 0x28},
    {0xADA9, 0xE6},
    {0xADAA, 0x6E},
    {0xADAC, 0x42},
    {0xADAD, 0x54},
    {0xADAE, 0x74},
    {0xADB0, 0x6D},
    {0xADB1, 0x06},
    {0xADB2, 0x7A},
    {0xADB4, 0xFF},
    {0xADB5, 0xFF},
    {0xADB6, 0x7F},
    {0xADB8, 0xFF},
    {0xADB9, 0xFF},
    {0xADBA, 0x7F},
    {0xADBC, 0xDC},
    {0xADBD, 0xE8},
    {0xADC0, 0x42},
    {0xAE33, 0x00},
    {0xAE39, 0x02},
    {0xAE3C, 0x40},
    {0xAE3D, 0x1F},
    {0xAE3E, 0x00},
    {0xAE3F, 0x00},
    {0xAE46, 0x26},
    {0xAE47, 0x01},
    {0xAE58, 0x1B},
    {0xAE59, 0x39},
    {0xAE5A, 0x19},
    {0xAE5B, 0x39},
    {0xAE5C, 0x27},
    {0xAE5D, 0x39},
    {0xAE5E, 0x11},
    {0xAE5F, 0x39},
    {0xAE60, 0x5E},
    {0xAE61, 0x20},
    {0xAE62, 0x1B},
    {0xAE63, 0x20},
    {0xAE64, 0x13},
    {0xAE65, 0x20},
    {0xAE66, 0x75},
    {0xAE67, 0x20},
    {0xAE68, 0x2F},
    {0xAE69, 0x54},
    {0xAE6A, 0x20},
    {0xAE6C, 0x2E},
    {0xAE6D, 0xC9},
    {0xAE6E, 0x1E},
    {0xAE70, 0xDF},
    {0xAE71, 0xF9},
    {0xAE72, 0x1E},
    {0xAE74, 0xBB},
    {0xAE75, 0xD1},
    {0xAE76, 0x1D},
    {0xAE94, 0x2A},
    {0xAEB9, 0x60},
    {0xAEBA, 0x50},
    {0xAEC5, 0x30},
    {0xAEC6, 0x28},
    {0xAF22, 0x08},
    {0xAF23, 0x80},
    {0xAF2B, 0xD0},
    {0xAF3C, 0x40},
    {0xAF3D, 0x00},
    {0xB0F1, 0x7E},
    {0xB0F3, 0x01},
    {0xB0F6, 0x06},
    {0xB0FA, 0x80},
    {0xB0FB, 0x80},
    {0xB0FC, 0xFF},
    {0xB0FD, 0xFF},
    {0xB0FE, 0x8C},
    {0xB0FF, 0x99},
    {0xB100, 0x0F},
    {0xB11F, 0x20},
    {0xB120, 0x20},
    {0xB121, 0x20},
    {0xB122, 0x20},
    {0xB12D, 0x20},
    {0xB12E, 0x10},
    {0xB12F, 0x00},
    {0xB130, 0x10},
    {0xB131, 0x00},
    {0xB132, 0x10},
    {0xB133, 0x00},
    {0xB134, 0x10},
    {0xB135, 0x00},
    {0xB136, 0x10},
    {0xB137, 0x00},
    {0xB138, 0x98},
    {0xB139, 0x0D},
    {0xB13A, 0xC0},
    {0xB13B, 0x13},
    {0xB178, 0x23},
    {0xB179, 0x07},
    {0xB19E, 0x00},
    {0xB19F, 0x10},
    {0xB1A0, 0x00},
    {0xB1A1, 0x10},
    {0xB1A4, 0x1B},
    {0xB1A5, 0x8E},
    {0xB1A6, 0x1D},
    {0xB1A7, 0x83},
    {0xB1A8, 0x24},
    {0xB1A9, 0x67},
    {0xB1AA, 0x23},
    {0xB1AB, 0x5C},
    {0xB1AC, 0x24},
    {0xB1AD, 0x4F},
    {0xB1AE, 0x29},
    {0xB1AF, 0x42},
    {0xB1B0, 0x3E},
    {0xB1B1, 0x33},
    {0xB1B2, 0x50},
    {0xB1B3, 0x23},
    {0xB1B4, 0x26},
    {0xB1B5, 0x8E},
    {0xB1B6, 0x2B},
    {0xB1B7, 0x86},
    {0xB1B8, 0x31},
    {0xB1B9, 0x68},
    {0xB1BA, 0x3D},
    {0xB1BB, 0x50},
    {0xB1BC, 0x4B},
    {0xB1BD, 0x3C},
    {0xB1BE, 0x65},
    {0xB1BF, 0x30},
    {0xB1C0, 0x65},
    {0xB1C1, 0x29},
    {0xB1C2, 0x5D},
    {0xB1C3, 0x23},
    {0xB1C4, 0x25},
    {0xB1C5, 0x60},
    {0xB1C6, 0x25},
    {0xB1C7, 0x5C},
    {0xB1C8, 0x25},
    {0xB1C9, 0x57},
    {0xB1CA, 0x26},
    {0xB1CB, 0x50},
    {0xB1CC, 0x26},
    {0xB1CD, 0x4F},
    {0xB1CE, 0x00},
    {0xB1CF, 0x00},
    {0xB1D4, 0x31},
    {0xB1D5, 0x60},
    {0xB1D6, 0x32},
    {0xB1D7, 0x5B},
    {0xB1D8, 0x34},
    {0xB1D9, 0x56},
    {0xB1DA, 0x36},
    {0xB1DB, 0x52},
    {0xB1DC, 0x38},
    {0xB1DD, 0x4F},
    {0xB1DE, 0x00},
    {0xB1DF, 0x00},
    {0xB1E4, 0x27},
    {0xB1E5, 0x13},
    {0xB1E6, 0x1D},
    {0xB1E7, 0x1B},
    {0xB1E8, 0x8E},
    {0xB1E9, 0x1D},
    {0xB1EA, 0x83},
    {0xB1EB, 0x24},
    {0xB1EC, 0x67},
    {0xB1ED, 0x23},
    {0xB1EE, 0x5C},
    {0xB1EF, 0x24},
    {0xB1F0, 0x4F},
    {0xB1F1, 0x29},
    {0xB1F2, 0x42},
    {0xB1F3, 0x3E},
    {0xB1F4, 0x33},
    {0xB1F5, 0x50},
    {0xB1F6, 0x23},
    {0xB1F7, 0x26},
    {0xB1F8, 0x8E},
    {0xB1F9, 0x2B},
    {0xB1FA, 0x86},
    {0xB1FB, 0x31},
    {0xB1FC, 0x68},
    {0xB1FD, 0x3D},
    {0xB1FE, 0x50},
    {0xB1FF, 0x4B},
    {0xB200, 0x3C},
    {0xB201, 0x65},
    {0xB202, 0x30},
    {0xB203, 0x65},
    {0xB204, 0x29},
    {0xB205, 0x5D},
    {0xB206, 0x23},
    {0xB208, 0x6E},
    {0xB209, 0x26},
    {0xB20A, 0x67},
    {0xB20B, 0x25},
    {0xB20C, 0x5A},
    {0xB20D, 0x26},
    {0xB20E, 0x4F},
    {0xB20F, 0x2B},
    {0xB210, 0x43},
    {0xB211, 0x2F},
    {0xB212, 0x3F},
    {0xB213, 0x38},
    {0xB214, 0x3B},
    {0xB217, 0x2D},
    {0xB218, 0x6E},
    {0xB219, 0x30},
    {0xB21A, 0x67},
    {0xB21B, 0x36},
    {0xB21C, 0x5A},
    {0xB21D, 0x3C},
    {0xB21E, 0x4F},
    {0xB21F, 0x43},
    {0xB220, 0x43},
    {0xB221, 0x45},
    {0xB222, 0x3F},
    {0xB223, 0x44},
    {0xB224, 0x3B},
    {0xB227, 0x37},
    {0xB228, 0x1B},
    {0xB229, 0x35},
    {0xA064, 0xE6},
    {0xA065, 0x00},
    {0xA066, 0xE6},
    {0xA067, 0x00},
    {0xB294, 0x15},
    {0xB295, 0x0C},
    {0xB296, 0xBA},
    {0xB297, 0x0C},
    {0xB298, 0x41},
    {0xB299, 0x01},
    {0xB29A, 0x05},
    {0xB29B, 0x03},
    {0xB2C4, 0xB0},
    {0xB2C5, 0x09},
    {0xB2C6, 0x9F},
    {0xB2C7, 0x19},
    {0xB2C8, 0xEF},
    {0xB2C9, 0x0D},
    {0xB2CA, 0x79},
    {0xB2CB, 0x13},
    {0xB2CC, 0x2F},
    {0xB2CD, 0x12},
    {0xB2CE, 0x54},
    {0xB2CF, 0x0D},
    {0xB2D0, 0x25},
    {0xB2D1, 0x16},
    {0xB2D2, 0xFC},
    {0xB2D3, 0x0A},
    {0xB2D4, 0x6E},
    {0xB2D5, 0x1D},
    {0xB2D6, 0x6E},
    {0xB2D7, 0x08},
    {0xB2D8, 0x5E},
    {0xB2D9, 0x0E},
    {0xB2DA, 0xC7},
    {0xB2DB, 0x11},
    {0xB2DC, 0x3C},
    {0xB2DD, 0x0F},
    {0xB2DE, 0x28},
    {0xB2DF, 0x0C},
    {0xB305, 0x12},
    {0xB306, 0x14},
    {0xB307, 0x16},
    {0xB308, 0x18},
    {0xB309, 0x12},
    {0xB30A, 0x14},
    {0xB30B, 0x16},
    {0xB30C, 0x18},
    {0xB30E, 0x03},
    {0xB30F, 0x03},
    {0xB310, 0x03},
    {0xB311, 0x03},
    {0xB313, 0x17},
    {0xB314, 0x17},
    {0xB315, 0x17},
    {0xB316, 0x17},
    {0xB317, 0x17},
    {0xB318, 0x03},
    {0xB319, 0x0C},
    {0xB31A, 0x0C},
    {0xB31B, 0x0C},
    {0xB31C, 0x30},
    {0xB31D, 0x30},
    {0xB31E, 0x30},
    {0xB31F, 0x30},
    {0xB320, 0x64},
    {0xB321, 0x3C},
    {0xB322, 0x14},
    {0xB323, 0x00},
    {0xB324, 0x64},
    {0xB325, 0x3C},
    {0xB326, 0x14},
    {0xB327, 0x00},
    {0xB328, 0x64},
    {0xB329, 0x3C},
    {0xB32A, 0x14},
    {0xB32B, 0x00},
    {0xB32C, 0x64},
    {0xB32D, 0x3C},
    {0xB32E, 0x14},
    {0xB32F, 0x00},
    {0xB330, 0x64},
    {0xB331, 0x64},
    {0xB332, 0x64},
    {0xB333, 0x00},
    {0xB334, 0x64},
    {0xB335, 0x64},
    {0xB336, 0x64},
    {0xB337, 0x00},
    {0xB338, 0x64},
    {0xB339, 0x64},
    {0xB33A, 0x64},
    {0xB33B, 0x00},
    {0xB33C, 0x64},
    {0xB33D, 0x64},
    {0xB33E, 0x64},
    {0xB33F, 0x00},
    {0xB340, 0x28},
    {0xB341, 0x28},
    {0xB342, 0x28},
    {0xB343, 0x28},
    {0xB344, 0x50},
    {0xB345, 0x6E},
    {0xB346, 0xA0},
    {0xB347, 0xB6},
    {0xB348, 0x64},
    {0xB349, 0x82},
    {0xB34A, 0xA0},
    {0xB34B, 0xB6},
    {0xB34C, 0x50},
    {0xB34D, 0x6E},
    {0xB34E, 0xA0},
    {0xB34F, 0xB6},
    {0xB350, 0x50},
    {0xB351, 0x6E},
    {0xB352, 0xA0},
    {0xB353, 0xB6},
    {0xB358, 0xFF},
    {0xB359, 0xFF},
    {0xB35A, 0xFF},
    {0xB35B, 0xFF},
    {0xB35C, 0xFF},
    {0xB35D, 0xFF},
    {0xB35E, 0xFF},
    {0xB35F, 0xFF},
    {0xB360, 0xFF},
    {0xB361, 0xFF},
    {0xB362, 0xFF},
    {0xB363, 0xFF},
    {0xB364, 0xFF},
    {0xB365, 0xFF},
    {0xB366, 0xFF},
    {0xB367, 0xFF},
    {0xB368, 0xFF},
    {0xB369, 0xFF},
    {0xB36A, 0xFF},
    {0xB36B, 0xFF},
    {0xB36C, 0x40},
    {0xB36D, 0x80},
    {0xB635, 0x40},
    {0xB636, 0x40},
    {0xB637, 0x40},
    {0xB638, 0x40},
    {0xB639, 0x40},
    {0xB63A, 0x40},
    {0xB63B, 0x40},
    {0xB63C, 0x40},
    {0xB645, 0x40},
    {0xB646, 0x40},
    {0xB647, 0x40},
    {0xB648, 0x40},
    {0xBD48, 0x0A},
    {0xBD49, 0x10},
    {0xBD4A, 0x10},
    {0xBD4B, 0x12},
    {0xBD4C, 0x16},
    {0xBD4D, 0x04},
    {0xBD4E, 0x05},
    {0xBD4F, 0x06},
    {0xBD50, 0x07},
    {0xBD51, 0x04},
    {0xBD52, 0x04},
    {0xBD53, 0x05},
    {0xBD54, 0x06},
    {0xBD57, 0x05},
    {0xBD58, 0x06},
    {0xBD59, 0x04},
    {0xBD5A, 0x05},
    {0xBD5C, 0x09},
    {0xBD5D, 0x04},
    {0xBD5E, 0x05},
    {0xBD5F, 0x06},
    {0xBD60, 0x07},
    {0xBD63, 0x05},
    {0xBD64, 0x06},
    {0xBD65, 0x04},
    {0xBD66, 0x05},
    {0xBD67, 0x06},
    {0xBD68, 0x07},
    {0xBD69, 0x04},
    {0xBD6A, 0x05},
    {0xBD6B, 0x06},
    {0xBD6C, 0x07},
    {0xBD6D, 0x04},
    {0xBD6E, 0x04},
    {0xBD6F, 0x05},
    {0xBD70, 0x06},
    {0xBD71, 0x04},
    {0xBD72, 0x04},
    {0xBD73, 0x05},
    {0xBD74, 0x06},
    {0xBD75, 0x04},
    {0xBD76, 0x05},
    {0xBD77, 0x06},
    {0xBD78, 0x07},
    {0xBD79, 0x02},
    {0xBD7A, 0x02},
    {0xBD7B, 0x03},
    {0xBD7C, 0x04},
    {0xBD91, 0x02},
    {0xBD92, 0x02},
    {0xBD93, 0x02},
    {0xBD94, 0x02},
    {0xBD98, 0xF4},
    {0xBD99, 0x00},
    {0xBD9A, 0xA0},
    {0xBD9B, 0x05},
    {0xBD9C, 0xA0},
    {0xBD9D, 0x00},
    {0xBD9E, 0xC0},
    {0xBD9F, 0x03},
    {0xBDA4, 0x00},
    {0xBDA5, 0x00},
    {0xBDA6, 0xD4},
    {0xBDA7, 0x00},
    {0x1AF4, 0x00},
    {0x1AF9, 0x01},
    {0x1AFA, 0x01},
    {0x1AFB, 0x01},
    {0x1AFC, 0x01},
    {0x1B7C, 0x00},
    {0xAF94, 0x20},
    {0xAF95, 0x03},
    {0xAF96, 0x20},
    {0xAF97, 0x03},
    {0xAFC0, 0xD8},
    {0xAFC1, 0x0E},
    {0xAFC2, 0xC4},
    {0xAFC3, 0x09},
    {0xAFC4, 0xC4},
    {0xAFC5, 0x09},
    {0xAFC6, 0xC4},
    {0xAFC7, 0x09},
    {0xAFC8, 0xC4},
    {0xAFC9, 0x09},
    {0xAFCA, 0xC4},
    {0xAFCB, 0x09},
    {0xAFCC, 0xF0},
    {0xAFCD, 0x0A},
    {0xAFCE, 0xF0},
    {0xAFCF, 0x0A},
    {0xAFD0, 0xF0},
    {0xAFD1, 0x0A},
    {0xAFD2, 0xF0},
    {0xAFD3, 0x0A},
    {0xAFD4, 0xC4},
    {0xAFD5, 0x09},
    {0xAFD6, 0xC4},
    {0xAFD7, 0x09},
    {0xAFD8, 0xC4},
    {0xAFD9, 0x09},
    {0xAFDA, 0xC4},
    {0xAFDB, 0x09},
    {0xAFDC, 0xF0},
    {0xAFDD, 0x0A},
    {0xAFDE, 0xF0},
    {0xAFDF, 0x0A},
    {0xAFE0, 0xF0},
    {0xAFE1, 0x0A},
    {0xAFE2, 0xF0},
    {0xAFE3, 0x0A},
    {0xAFE4, 0xC4},
    {0xAFE5, 0x09},
    {0xAFE6, 0xC4},
    {0xAFE7, 0x09},
    {0xAFE8, 0xC4},
    {0xAFE9, 0x09},
    {0xAFEA, 0xC4},
    {0xAFEB, 0x09},
    {0xAFEC, 0xF0},
    {0xAFED, 0x0A},
    {0xAFEE, 0xF0},
    {0xAFEF, 0x0A},
    {0xAFF0, 0xF0},
    {0xAFF1, 0x0A},
    {0xAFF2, 0xF0},
    {0xAFF3, 0x0A},
    {0xAFFC, 0x00},
    {0xAFFD, 0x00},
    {0xAFFE, 0x00},
    {0xAFFF, 0x00},
    {0xB010, 0xC0},
    {0xB011, 0x00},
    {0xB012, 0xC0},
    {0xB013, 0x00},
    {0xB018, 0x00},
    {0xB019, 0x01},
    {0xB01A, 0x00},
    {0xB01B, 0x01},
    {0xB030, 0xC0},
    {0xB031, 0x00},
    {0xB032, 0xC0},
    {0xB033, 0x00},
    {0xB038, 0x00},
    {0xB039, 0x01},
    {0xB03A, 0x00},
    {0xB03B, 0x01},
    {0xB480, 0xFF},
    {0xB481, 0x03},
    {0xB482, 0xFF},
    {0xB483, 0x03},
    {0xB484, 0x1E},
    {0xB485, 0x00},
    {0xB486, 0x34},
    {0xB487, 0x00},
    {0xB48A, 0x00},
    {0xB48C, 0x1E},
    {0xB680, 0x05},
    {0xB681, 0x06},
    {0xB682, 0x07},
    {0xB683, 0x08},
    {0xB684, 0x09},
    {0xB686, 0x16},
    {0xB687, 0x00},
    {0xB688, 0x16},
    {0xB689, 0x00},
    {0xB68A, 0x16},
    {0xB68B, 0x00},
    {0xB68C, 0x01},
    {0xB68D, 0x00},
    {0xB68E, 0x3D},
    {0xB68F, 0x00},
    {0xB690, 0x3D},
    {0xB691, 0x00},
    {0xB692, 0x3D},
    {0xB693, 0x00},
    {0xB694, 0x02},
    {0xB695, 0x00},
    {0xB696, 0x5B},
    {0xB697, 0x00},
    {0xB698, 0x5B},
    {0xB699, 0x00},
    {0xB69A, 0x5B},
    {0xB69B, 0x00},
    {0xB69C, 0x03},
    {0xB69D, 0x00},
    {0xB69E, 0x78},
    {0xB69F, 0x00},
    {0xB6A0, 0x78},
    {0xB6A1, 0x00},
    {0xB6A2, 0x78},
    {0xB6A3, 0x00},
    {0xB6A4, 0x04},
    {0xB6A5, 0x00},
    {0xB6A6, 0xAF},
    {0xB6A7, 0x00},
    {0xB6A8, 0xAF},
    {0xB6A9, 0x00},
    {0xB6AA, 0xAF},
    {0xB6AB, 0x00},
    {0xB6AC, 0x06},
    {0xB6AD, 0x00},
    {0xB6AE, 0xFE},
    {0xB6AF, 0x00},
    {0xB6B0, 0xFE},
    {0xB6B1, 0x00},
    {0xB6B2, 0xFE},
    {0xB6B3, 0x00},
    {0xB6B4, 0x09},
    {0xB6B5, 0x00},
    {0xB6B6, 0x64},
    {0xB6B7, 0x01},
    {0xB6B8, 0x64},
    {0xB6B9, 0x01},
    {0xB6BA, 0x64},
    {0xB6BB, 0x01},
    {0xB6BC, 0x0C},
    {0xB6BD, 0x00},
    {0xB6BE, 0xF8},
    {0xB6BF, 0x01},
    {0xB6C0, 0xF8},
    {0xB6C1, 0x01},
    {0xB6C2, 0xF8},
    {0xB6C3, 0x01},
    {0xB6C4, 0x10},
    {0xB6C5, 0x00},
    {0xB6C6, 0xDF},
    {0xB6C7, 0x02},
    {0xB6C8, 0xDF},
    {0xB6C9, 0x02},
    {0xB6CA, 0xDF},
    {0xB6CB, 0x02},
    {0xB6CC, 0x18},
    {0xB6CD, 0x00},
    {0xB6EE, 0x02},
    {0xB6EF, 0x00},
    {0xB6F0, 0x02},
    {0xB6F1, 0x00},
    {0xB6F2, 0x02},
    {0xB6F3, 0x00},
    {0xB6F4, 0x02},
    {0xB6F5, 0x00},
    {0xB6F6, 0x02},
    {0xB6F7, 0x00},
    {0xB6F8, 0x02},
    {0xB6F9, 0x00},
    {0xB6FA, 0x02},
    {0xB6FB, 0x00},
    {0xB6FC, 0x02},
    {0xB6FD, 0x00},
    {0xB6FE, 0x02},
    {0xB6FF, 0x00},
    {0xB700, 0x02},
    {0xB701, 0x00},
    {0xB702, 0x02},
    {0xB703, 0x00},
    {0xB704, 0x02},
    {0xB705, 0x00},
    {0xB706, 0x02},
    {0xB707, 0x00},
    {0xB708, 0x02},
    {0xB709, 0x00},
    {0xB70A, 0x02},
    {0xB70B, 0x00},
    {0xB70C, 0x02},
    {0xB70D, 0x00},
    {0xB71E, 0x25},
    {0xB71F, 0x00},
    {0xB720, 0x25},
    {0xB721, 0x00},
    {0xB722, 0x25},
    {0xB723, 0x00},
    {0xB724, 0x02},
    {0xB725, 0x00},
    {0xB726, 0x53},
    {0xB727, 0x00},
    {0xB728, 0x53},
    {0xB729, 0x00},
    {0xB72A, 0x53},
    {0xB72B, 0x00},
    {0xB72C, 0x03},
    {0xB72D, 0x00},
    {0xB72E, 0x6D},
    {0xB72F, 0x00},
    {0xB730, 0x6D},
    {0xB731, 0x00},
    {0xB732, 0x6D},
    {0xB733, 0x00},
    {0xB734, 0x04},
    {0xB735, 0x00},
    {0xB736, 0x95},
    {0xB737, 0x00},
    {0xB738, 0x95},
    {0xB739, 0x00},
    {0xB73A, 0x95},
    {0xB73B, 0x00},
    {0xB73C, 0x05},
    {0xB73D, 0x00},
    {0xB73E, 0xD6},
    {0xB73F, 0x00},
    {0xB740, 0xD6},
    {0xB741, 0x00},
    {0xB742, 0xD6},
    {0xB743, 0x00},
    {0xB744, 0x07},
    {0xB745, 0x00},
    {0xB746, 0x34},
    {0xB747, 0x01},
    {0xB748, 0x34},
    {0xB749, 0x01},
    {0xB74A, 0x34},
    {0xB74B, 0x01},
    {0xB74C, 0x0A},
    {0xB74D, 0x00},
    {0xB74E, 0xBB},
    {0xB74F, 0x01},
    {0xB750, 0xBB},
    {0xB751, 0x01},
    {0xB752, 0xBB},
    {0xB753, 0x01},
    {0xB754, 0x0E},
    {0xB755, 0x00},
    {0xB756, 0x86},
    {0xB757, 0x02},
    {0xB758, 0x86},
    {0xB759, 0x02},
    {0xB75A, 0x86},
    {0xB75B, 0x02},
    {0xB75C, 0x15},
    {0xB75D, 0x00},
    {0xB75E, 0xD0},
    {0xB75F, 0x03},
    {0xB760, 0xD0},
    {0xB761, 0x03},
    {0xB762, 0xD0},
    {0xB763, 0x03},
    {0xB764, 0x1F},
    {0xB765, 0x00},
    {0xB786, 0x02},
    {0xB787, 0x00},
    {0xB788, 0x02},
    {0xB789, 0x00},
    {0xB78A, 0x02},
    {0xB78B, 0x00},
    {0xB78C, 0x02},
    {0xB78D, 0x00},
    {0xB78E, 0x02},
    {0xB78F, 0x00},
    {0xB790, 0x02},
    {0xB791, 0x00},
    {0xB792, 0x02},
    {0xB793, 0x00},
    {0xB794, 0x02},
    {0xB795, 0x00},
    {0xB796, 0x02},
    {0xB797, 0x00},
    {0xB798, 0x02},
    {0xB799, 0x00},
    {0xB79A, 0x02},
    {0xB79B, 0x00},
    {0xB79C, 0x02},
    {0xB79D, 0x00},
    {0xB79E, 0x02},
    {0xB79F, 0x00},
    {0xB7A0, 0x02},
    {0xB7A1, 0x00},
    {0xB7A2, 0x02},
    {0xB7A3, 0x00},
    {0xB7A4, 0x02},
    {0xB7A5, 0x00},
    {0xB7B6, 0x0F},
    {0xB7B7, 0x00},
    {0xB7B8, 0x0F},
    {0xB7B9, 0x00},
    {0xB7BA, 0x0F},
    {0xB7BB, 0x00},
    {0xB7BC, 0x01},
    {0xB7BD, 0x00},
    {0xB7BE, 0x10},
    {0xB7BF, 0x00},
    {0xB7C0, 0x10},
    {0xB7C1, 0x00},
    {0xB7C2, 0x10},
    {0xB7C3, 0x00},
    {0xB7C4, 0x01},
    {0xB7C5, 0x00},
    {0xB7C6, 0x11},
    {0xB7C7, 0x00},
    {0xB7C8, 0x11},
    {0xB7C9, 0x00},
    {0xB7CA, 0x11},
    {0xB7CB, 0x00},
    {0xB7CC, 0x01},
    {0xB7CD, 0x00},
    {0xB7CE, 0x13},
    {0xB7CF, 0x00},
    {0xB7D0, 0x13},
    {0xB7D1, 0x00},
    {0xB7D2, 0x13},
    {0xB7D3, 0x00},
    {0xB7D4, 0x01},
    {0xB7D5, 0x00},
    {0xB7D6, 0x17},
    {0xB7D7, 0x00},
    {0xB7D8, 0x17},
    {0xB7D9, 0x00},
    {0xB7DA, 0x17},
    {0xB7DB, 0x00},
    {0xB7DC, 0x01},
    {0xB7DD, 0x00},
    {0xB7DE, 0x1D},
    {0xB7DF, 0x00},
    {0xB7E0, 0x1D},
    {0xB7E1, 0x00},
    {0xB7E2, 0x1D},
    {0xB7E3, 0x00},
    {0xB7E4, 0x01},
    {0xB7E5, 0x00},
    {0xB7E6, 0x27},
    {0xB7E7, 0x00},
    {0xB7E8, 0x27},
    {0xB7E9, 0x00},
    {0xB7EA, 0x27},
    {0xB7EB, 0x00},
    {0xB7EC, 0x02},
    {0xB7ED, 0x00},
    {0xB7EE, 0x38},
    {0xB7EF, 0x00},
    {0xB7F0, 0x38},
    {0xB7F1, 0x00},
    {0xB7F2, 0x38},
    {0xB7F3, 0x00},
    {0xB7F4, 0x02},
    {0xB7F5, 0x00},
    {0xB7F6, 0x56},
    {0xB7F7, 0x00},
    {0xB7F8, 0x56},
    {0xB7F9, 0x00},
    {0xB7FA, 0x56},
    {0xB7FB, 0x00},
    {0xB7FC, 0x03},
    {0xB7FD, 0x00},
    {0xB81E, 0x02},
    {0xB81F, 0x00},
    {0xB820, 0x02},
    {0xB821, 0x00},
    {0xB822, 0x02},
    {0xB823, 0x00},
    {0xB824, 0x02},
    {0xB825, 0x00},
    {0xB826, 0x02},
    {0xB827, 0x00},
    {0xB828, 0x02},
    {0xB829, 0x00},
    {0xB82A, 0x02},
    {0xB82B, 0x00},
    {0xB82C, 0x02},
    {0xB82D, 0x00},
    {0xB82E, 0x02},
    {0xB82F, 0x00},
    {0xB830, 0x02},
    {0xB831, 0x00},
    {0xB832, 0x02},
    {0xB833, 0x00},
    {0xB834, 0x02},
    {0xB835, 0x00},
    {0xB836, 0x02},
    {0xB837, 0x00},
    {0xB838, 0x02},
    {0xB839, 0x00},
    {0xB83A, 0x02},
    {0xB83B, 0x00},
    {0xB83C, 0x02},
    {0xB83D, 0x00},
    {0xB84E, 0x36},
    {0xB84F, 0x00},
    {0xB850, 0x36},
    {0xB851, 0x00},
    {0xB852, 0x36},
    {0xB853, 0x00},
    {0xB854, 0x02},
    {0xB855, 0x00},
    {0xB856, 0x39},
    {0xB857, 0x00},
    {0xB858, 0x39},
    {0xB859, 0x00},
    {0xB85A, 0x39},
    {0xB85B, 0x00},
    {0xB85C, 0x02},
    {0xB85D, 0x00},
    {0xB85E, 0x3C},
    {0xB85F, 0x00},
    {0xB860, 0x3C},
    {0xB861, 0x00},
    {0xB862, 0x3C},
    {0xB863, 0x00},
    {0xB864, 0x02},
    {0xB865, 0x00},
    {0xB866, 0x46},
    {0xB867, 0x00},
    {0xB868, 0x46},
    {0xB869, 0x00},
    {0xB86A, 0x46},
    {0xB86B, 0x00},
    {0xB86C, 0x03},
    {0xB86D, 0x00},
    {0xB86E, 0x5E},
    {0xB86F, 0x00},
    {0xB870, 0x5E},
    {0xB871, 0x00},
    {0xB872, 0x5E},
    {0xB873, 0x00},
    {0xB874, 0x03},
    {0xB875, 0x00},
    {0xB876, 0x92},
    {0xB877, 0x00},
    {0xB878, 0x92},
    {0xB879, 0x00},
    {0xB87A, 0x92},
    {0xB87B, 0x00},
    {0xB87C, 0x05},
    {0xB87D, 0x00},
    {0xB87E, 0xC3},
    {0xB87F, 0x00},
    {0xB880, 0xC3},
    {0xB881, 0x00},
    {0xB882, 0xC3},
    {0xB883, 0x00},
    {0xB884, 0x07},
    {0xB885, 0x00},
    {0xB886, 0x1A},
    {0xB887, 0x01},
    {0xB888, 0x1A},
    {0xB889, 0x01},
    {0xB88A, 0x1A},
    {0xB88B, 0x01},
    {0xB88C, 0x09},
    {0xB88D, 0x00},
    {0xB88E, 0xB7},
    {0xB88F, 0x01},
    {0xB890, 0xB7},
    {0xB891, 0x01},
    {0xB892, 0xB7},
    {0xB893, 0x01},
    {0xB894, 0x0E},
    {0xB895, 0x00},
    {0xB8B6, 0x02},
    {0xB8B7, 0x00},
    {0xB8B8, 0x02},
    {0xB8B9, 0x00},
    {0xB8BA, 0x02},
    {0xB8BB, 0x00},
    {0xB8BC, 0x02},
    {0xB8BD, 0x00},
    {0xB8BE, 0x02},
    {0xB8BF, 0x00},
    {0xB8C0, 0x02},
    {0xB8C1, 0x00},
    {0xB8C2, 0x02},
    {0xB8C3, 0x00},
    {0xB8C4, 0x02},
    {0xB8C5, 0x00},
    {0xB8C6, 0x02},
    {0xB8C7, 0x00},
    {0xB8C8, 0x02},
    {0xB8C9, 0x00},
    {0xB8CA, 0x02},
    {0xB8CB, 0x00},
    {0xB8CC, 0x02},
    {0xB8CD, 0x00},
    {0xB8CE, 0x02},
    {0xB8CF, 0x00},
    {0xB8D0, 0x02},
    {0xB8D1, 0x00},
    {0xB8D2, 0x02},
    {0xB8D3, 0x00},
    {0xB8D4, 0x02},
    {0xB8D5, 0x00},
    {0xB972, 0x40},
    {0xB973, 0x40},
    {0xB974, 0x40},
    {0xB975, 0x40},
    {0xB976, 0x40},
    {0xB977, 0x40},
    {0xB978, 0x40},
    {0xB979, 0x40},
    {0xB97A, 0x40},
    {0xB97B, 0x40},
    {0xB97C, 0x40},
    {0xB97D, 0x40},
    {0xB97E, 0x40},
    {0xB97F, 0x40},
    {0xB980, 0x40},
    {0xB981, 0x40},
    {0xB982, 0x40},
    {0xB983, 0x40},
    {0xB984, 0x40},
    {0xB985, 0x40},
    {0xB986, 0x40},
    {0xB987, 0x40},
    {0xB988, 0x40},
    {0xB989, 0x40},
    {0xB98A, 0x40},
    {0xB98B, 0x40},
    {0xB98C, 0x40},
    {0xB98D, 0x40},
    {0xB98E, 0x40},
    {0xB98F, 0x40},
    {0xB990, 0x40},
    {0xB991, 0x40},
    {0xB992, 0x40},
    {0xB993, 0x40},
    {0xB994, 0x40},
    {0xB995, 0x40},
    {0xB996, 0x40},
    {0xB997, 0x40},
    {0xB998, 0x40},
    {0xB999, 0x40},
    {0xB99A, 0x40},
    {0xB99B, 0x40},
    {0xB99C, 0x40},
    {0xB99D, 0x40},
    {0xB99E, 0x40},
    {0xB99F, 0x40},
    {0xB9A0, 0x40},
    {0xB9A1, 0x40},
    {0xB9A2, 0x40},
    {0xB9A3, 0x40},
    {0xB9A4, 0x40},
    {0xB9A5, 0x40},
    {0xB9A6, 0x40},
    {0xB9A7, 0x40},
    {0xB9A8, 0x40},
    {0xB9A9, 0x40},
    {0xB9AA, 0x40},
    {0xB9AB, 0x40},
    {0xB9AC, 0x40},
    {0xB9AD, 0x40},
    {0xB9AE, 0x40},
    {0xB9AF, 0x40},
    {0xB9B0, 0x40},
    {0xB9B1, 0x40},
    {0xB9F8, 0x0A},
    {0xB9FA, 0x00},
    {0xB9FB, 0x00},
    {0xB9FC, 0x00},
    {0xB9FD, 0x00},
    {0xB9FE, 0x00},
    {0xB9FF, 0x00},
    {0xBA00, 0x00},
    {0xBA01, 0x00},
    {0x9F88, 0x3C},
    {0x9F89, 0x0F},
    {0x9F8A, 0x00},
    {0x9F8C, 0x3C},
    {0x9F8D, 0x0F},
    {0x9F8E, 0x00},
    {0x9F90, 0xC0},
    {0x9F91, 0x57},
    {0x9F92, 0x01},
    {0x9F94, 0x4C},
    {0x9F95, 0x38},
    {0x9F96, 0x00},
    {0x9F98, 0x70},
    {0x9F99, 0x64},
    {0x9F9A, 0x08},
    {0x9F9C, 0xB2},
    {0x9F9D, 0x70},
    {0x9F9E, 0x00},
    {0x9FA0, 0xFF},
    {0x9FA1, 0xFF},
    {0x9FA2, 0xFF},
    {0x9FA4, 0x7F},
    {0x9FA5, 0xEC},
    {0x9FA6, 0x00},
    {0x9FA8, 0xFF},
    {0x9FA9, 0xFF},
    {0x9FAA, 0xFF},
    {0x9FAC, 0x7F},
    {0x9FAD, 0xEC},
    {0x9FAE, 0x00},
    {0x9FB0, 0xFF},
    {0x9FB1, 0xFF},
    {0x9FB2, 0xFF},
    {0x9FB4, 0x7F},
    {0x9FB5, 0xEC},
    {0x9FB6, 0x00},
    {0x9FB8, 0xFF},
    {0x9FB9, 0xFF},
    {0x9FBA, 0xFF},
    {0x9FBC, 0x7F},
    {0x9FBD, 0xEC},
    {0x9FBE, 0x00},
    {0x9FC0, 0xFF},
    {0x9FC1, 0xFF},
    {0x9FC2, 0xFF},
    {0x9FC4, 0x7F},
    {0x9FC5, 0xEC},
    {0x9FC6, 0x00},
    {0x9FC8, 0xFF},
    {0x9FC9, 0xFF},
    {0x9FCA, 0xFF},
    {0x9FCC, 0x7F},
    {0x9FCD, 0xEC},
    {0x9FCE, 0x00},
    {0x9FD0, 0xFF},
    {0x9FD1, 0xFF},
    {0x9FD2, 0xFF},
    {0x9FD4, 0x7F},
    {0x9FD5, 0xEC},
    {0x9FD6, 0x00},
    {0x9FD8, 0xFF},
    {0x9FD9, 0xFF},
    {0x9FDA, 0xFF},
    {0x9FDC, 0x7F},
    {0x9FDD, 0xEC},
    {0x9FDE, 0x00},
    {0x9FE0, 0xFF},
    {0x9FE1, 0xFF},
    {0x9FE2, 0xFF},
    {0x9FE4, 0x7F},
    {0x9FE5, 0xEC},
    {0x9FE6, 0x00},
    {0x9FE8, 0xFF},
    {0x9FE9, 0xFF},
    {0x9FEA, 0xFF},
    {0x9FEC, 0x7F},
    {0x9FED, 0xEC},
    {0x9FEE, 0x00},
    {0x9FF0, 0xFF},
    {0x9FF1, 0xFF},
    {0x9FF2, 0xFF},
    {0x9FF4, 0x7F},
    {0x9FF5, 0xEC},
    {0x9FF6, 0x00},
    {0x9FF8, 0xFF},
    {0x9FF9, 0xFF},
    {0x9FFA, 0xFF},
    {0x9FFC, 0x7F},
    {0x9FFD, 0xEC},
    {0x9FFE, 0x00},
    {0xA000, 0xFF},
    {0xA001, 0xFF},
    {0xA002, 0xFF},
    {0xA004, 0x7F},
    {0xA005, 0xEC},
    {0xA006, 0x00},
    {0xA00C, 0x7F},
    {0xA00D, 0xEC},
    {0xA00E, 0x00},
    {0xAFBC, 0xC4},
    {0xAFBD, 0x09},
    {0xAFBE, 0xD0},
    {0xAFBF, 0x07},
    {0x1B42, 0x01},
    {0x9C1C, 0x0B},
    {0x9C1D, 0x01},
    {0x1B43, 0x00},
    {0xB378, 0x0E},
    {0xB312, 0x01},
    {0xB354, 0xAF},
    {0xB355, 0x55},
    {0xB356, 0x55},
    {0xB357, 0x55},
    {0xB375, 0x01},
    {0xB488, 0x02},
    {0xFFFF, 0x00},
    {0x8AD0, 0x00},
};
